1948,8448,5,e
2258,4164,9,k
7886,893,23,e
4670,7218,23,s
7063,7109,7,g
1818,5802,7,e
5250,5740,53,x
1461,1717,9,w
3779,9058,35,p
8705,4428,12,w
6146,8926,38,u
3041,4262,53,y
5937,3467,37,b
6169,1858,8,u
7193,4727,30,k
2011,6408,7,w
6275,7253,8,w
9201,5841,21,b
8943,3575,15,s
6464,2040,34,b
1562,2123,44,x
1124,5306,8,w
371,2459,51,p
8709,900,20,u
2248,1732,17,i
299,7816,6,q
900,409,45,a
3364,4576,29,k
6631,8939,26,c
6915,161,47,h
4958,8550,12,z
8696,4849,53,r
5222,953,38,w
2444,1241,29,n
607,4744,53,x
4239,1267,53,r
6407,1207,8,a
5154,9190,12,b
7723,1306,42,u
4451,2703,2,b
723,6919,43,h
1879,7972,17,g
3922,4347,48,v
9820,9485,6,n
9078,7022,27,c
3619,1441,31,g
6296,3725,22,l
7932,3601,8,h
8630,6058,20,l
6035,6533,40,o
3824,7465,6,m
4064,1064,43,k
4930,1137,50,h
6701,1178,3,x
4648,1235,19,a
5374,4738,24,m
7040,3332,30,m
2791,7871,23,s
3263,3662,11,b
9246,7516,5,r
3439,578,32,l
9359,1276,26,j
8689,7292,15,g
3017,8013,15,f
8176,6267,19,j
6371,6431,6,g
5212,3602,32,y
1253,7201,54,y
6463,9492,4,s
3807,9426,14,t
4672,923,42,l
5897,9990,21,n
6217,2901,53,z
1275,369,45,u
3193,2461,40,c
9635,5922,53,e
8309,5925,28,e
1548,2280,20,m
6443,4719,12,m
5340,1027,39,q
2267,4690,24,b
4874,8209,39,m
3306,4061,5,f
6925,2095,5,f
1376,8523,53,c
722,5432,35,e
9364,6838,35,g
5428,8086,7,b
1242,7579,18,y
2701,5906,22,b
5500,2175,35,f
6311,6907,1,z
3124,5263,19,p
5697,8176,42,o
8005,7144,14,n
5870,8118,6,c
2384,9783,51,l
1273,2856,23,z
8009,7216,30,u
3507,1344,18,h
3333,7044,43,s
6324,4778,4,k
4352,194,30,m
577,3852,27,n
7114,3618,31,w
3850,1767,32,n
5926,4999,48,x
2783,337,44,m
7957,7216,32,k
7890,1621,3,o
5991,8655,41,q
6880,8830,33,b
2131,6718,20,i
1937,1275,32,a
3703,2404,17,j
7669,591,28,f
1901,1577,53,o
8338,3516,39,v
7809,3132,43,k
1367,6680,20,s
6258,8247,19,x
5189,7636,15,n
8290,4198,32,c
9526,4063,11,v
3040,746,4,g
8842,9747,6,k
1697,6443,3,y
8679,2297,36,b
3654,4680,7,z
2101,2991,9,l
1321,887,53,e
6649,796,39,v
9084,4505,14,l
7371,250,7,x
6960,8329,7,w
6778,5333,34,v
1304,9842,16,k
9042,8976,38,v
2871,943,51,a
2968,3229,1,a
220,8455,24,e
7632,251,39,m
227,5623,40,k
3037,2301,45,t
7658,6704,1,b
3410,8721,12,h
6920,3658,9,b
4164,6062,37,y
6039,9781,54,f
678,6921,41,l
4134,2551,39,v
5001,5590,27,h
2171,8085,47,b
2214,905,37,e
2881,6034,1,i
6358,5605,6,h
5602,443,5,r
4183,3295,8,v
8606,9128,41,v
7300,9280,6,v
3279,9190,28,o
3342,7408,17,f
8848,4360,8,n
6335,934,19,e
8949,5435,27,n
954,8578,5,n
7558,2461,40,d
9093,2787,27,x
4124,1485,10,t
2039,9455,44,o
3554,2472,5,a
1493,2065,25,e
5085,8743,14,z
8018,8173,15,e
3064,6309,16,r
5285,420,63,g
282,7343,9,b
3956,3302,42,o
8861,3590,29,m
9042,6702,32,x
706,5898,52,t
920,625,32,l
2925,7742,14,w
6584,7111,7,l
8312,7837,49,j
3603,8492,3,q
2467,2592,54,u
6204,7021,43,k
418,7895,49,j
5392,4489,9,x
747,4985,46,m
7980,2838,51,v
7031,1363,15,e
3330,4224,36,z
3601,4710,12,t
320,142,9,y
1275,3468,24,m
6008,9165,47,m
4945,4744,16,h
1027,6371,41,k
2789,5178,25,z
2565,5975,8,d
1951,6327,4,k
1806,6428,14,o
1295,2288,42,n
5128,8601,26,u
4046,8860,8,v
2382,4401,45,y
4858,1108,24,f
2279,6458,48,c
8249,557,4,a
1878,1612,44,y
6758,7981,12,f
4256,5472,41,t
3395,6471,8,u
3610,3751,1,r
4055,2299,14,f
3161,6130,31,x
6088,4246,12,z
2229,462,12,y
9304,5061,18,t
3131,6056,16,a
2543,8244,5,h
8670,9593,40,i
1592,9096,54,a
178,2872,50,p
3931,5482,1,h
6045,6555,4,k
9330,6217,26,x
4251,7345,43,q
2910,1273,14,a
7390,5836,48,o
3316,9312,12,x
986,7836,4,b
2480,2157,47,r
2551,6719,13,s
1898,5012,2,z
2985,3564,27,l
2455,6251,7,o
2522,2790,6,o
9456,4275,41,k
4093,1791,39,t
3580,1694,1,x
1643,3255,8,c
5624,2233,34,r
5823,2663,9,o
2232,1118,27,x
8067,7710,5,k
9548,5550,1,v
6553,30,32,p
2267,1088,13,a
1313,8729,8,g
9847,9080,11,d
711,5399,17,w
9679,3250,29,g
856,6271,43,m
8424,4433,51,q
2825,3498,42,d
6521,3753,24,t
9207,6959,7,f
712,9069,49,e
7005,9316,8,m
4976,1009,23,p
6249,4265,42,k
6261,3187,43,w
3240,9872,8,h
7416,9210,38,f
896,9355,47,u
9155,2014,18,f
9915,4504,5,x
4867,1988,43,d
2599,4666,29,k
2554,5495,32,c
1277,8754,43,z
9995,1604,25,u
7550,1246,2,y
542,3051,17,c
7909,3779,34,z
1234,9479,6,f
5686,4854,18,e
155,3516,52,y
9940,7937,11,g
8702,6805,10,c
7689,1369,34,f
2059,3246,48,p
7973,4775,10,b
9127,1163,22,m
9346,8939,25,h
6252,7033,36,o
7546,28,13,x
369,2172,17,e
2339,2852,12,m
5980,3534,53,x
6014,3051,12,t
6436,2056,1,l
6202,2622,40,w
5259,89,48,e
8922,1304,2,z
8827,755,9,c
4665,1427,1,z
391,5623,26,b
1016,6445,50,j
4790,775,28,z
2733,6827,8,l
474,4772,25,u
8328,3972,15,q
8713,2775,21,w
115,7559,18,t
5060,5384,26,x
6654,2288,1,t
6804,304,21,r
7849,5849,26,d
4640,380,1,s
7074,1655,8,d
9376,4475,47,u
6824,7317,24,c
9724,7638,32,p
7770,1192,1,b
3818,8624,7,y
3577,8324,22,w
7329,9332,15,w
8603,9719,4,i
9479,2505,38,n
5735,5145,25,d
5107,5094,2,w
7848,2298,5,u
1071,8081,31,t
2364,126,13,k
2540,8798,9,b
4790,9534,51,r
8704,9693,20,e
4893,4298,19,g
1862,1468,45,u
6546,8463,51,q
1483,1875,4,l
908,8676,52,u
5341,3345,13,v
3940,7715,7,q
323,1175,33,t
7250,420,31,l
5330,9254,36,i
175,5409,16,j
930,37,8,c
8539,1795,51,z
73,1333,22,e
8948,3610,15,e
7767,5873,16,p
9890,7965,27,v
3456,7993,5,i
5721,1393,9,g
542,8469,8,j
4823,8664,33,h
3571,420,68,e
9358,4080,50,v
768,8019,28,n
4306,2973,12,q
9944,2510,51,e
5808,7011,32,g
475,4670,51,t
3469,3218,49,d
8949,5435,45,d
5262,6447,46,o
162,6348,7,i
9767,7715,9,a
4283,9270,41,b
9059,7949,22,a
9340,4663,11,e
9806,6913,47,c
8688,9191,24,k
3696,4881,1,p
9448,9564,29,o
6383,2450,5,u
1229,1449,42,r
9745,738,45,r
8397,8193,39,i
5107,8242,5,q
6963,2182,7,o
7600,9966,18,r
6583,4723,2,z
2979,597,30,b
8985,7538,5,i
1907,8024,6,n
3376,7969,2,a
8595,420,26,u
2468,2423,7,x
9402,596,42,i
7185,6897,26,x
347,1567,15,t
3186,2800,2,v
8335,4822,48,d
2230,3918,32,f
2800,447,2,r
8679,2194,51,r
1545,7392,4,v
8542,5724,24,x
6647,4986,46,o
9538,2451,6,d
8553,3534,29,h
5685,2162,32,e
7169,5415,33,z
9188,9778,47,e
4773,2993,1,n
8304,7243,8,v
5309,165,7,i
3753,2845,27,t
6521,7150,9,s
1309,1174,51,k
6022,4189,49,c
4358,6966,7,g
5765,4195,14,m
4939,4926,6,f
223,2117,1,t
9259,2546,51,w
1500,5096,26,x
3633,420,52,b
817,7719,47,a
5542,2233,23,d
996,4503,43,q
4543,4936,1,t
526,8427,40,q
9037,9316,4,j
4268,8219,22,z
4889,907,33,h
7450,6854,45,u
3344,621,33,a
1936,9316,21,a
6558,6020,25,u
1569,4483,21,e
8084,7867,34,q
5359,5584,42,b
2959,2938,48,d
5950,7674,6,t
7283,9964,48,j
8464,2827,36,o
5392,9249,7,r
4611,2393,21,c
1820,4931,53,o
4429,7684,2,j
6439,159,30,b
1270,9378,13,i
8304,304,44,g
8999,1872,1,r
7213,4011,6,n
2219,9593,25,d
5892,4476,8,a
7009,7448,48,j
7505,7727,9,x
3485,4071,7,i
1482,6952,1,j
1495,2920,12,m
9954,1987,22,k
3734,6311,19,u
1175,5173,24,v
5462,7112,11,c
9271,7739,45,g
1777,4623,8,l
429,6951,18,t
3596,2840,6,v
5655,9102,5,u
8332,6470,24,j
5641,2040,47,f
3712,7519,11,c
8235,4172,47,g
1799,5569,28,s
2793,44,52,y
4131,534,50,z
3740,6088,18,e
8511,4272,19,d
684,152,29,t
1554,6078,8,o
909,7712,38,m
2335,420,26,a
1463,9610,46,h
5609,9463,15,r
6150,3870,6,i
6615,9227,15,l
4117,9399,20,b
3372,2695,18,q
5124,5679,50,h
7634,143,49,y
5113,8744,46,n
4348,2709,15,y
888,7201,37,g
1756,420,21,o
4468,2671,36,r
6298,7543,23,b
6483,6691,36,m
5698,2014,3,w
5689,2417,24,a
9349,1504,6,y
1746,8245,8,h
8601,1978,53,o
7668,3380,48,p
8578,1601,47,m
4468,9875,35,l
6160,2859,19,m
2742,9147,2,t
5895,4121,8,e
4343,420,61,c
3343,3710,42,e
1336,3172,28,d
6564,9062,34,k
6403,8136,7,n
228,239,1,l
743,7488,36,f
6411,967,17,n
5510,4820,29,a
6553,2405,6,s
4983,6767,8,x
372,4420,39,a
4087,6949,23,u
9803,1504,15,m
8322,268,11,l
7497,3718,37,e
1160,6079,47,i
5354,8068,28,a
8842,6042,33,j
676,8001,17,v
8600,9467,49,o
4320,3529,24,g
3185,7358,10,t
6881,2615,11,m
4345,6020,38,l
743,1979,46,n
610,3341,28,p
7679,4680,18,p
4676,7111,28,u
5631,6916,32,l
3386,5182,4,c
1144,6006,36,e
4149,8316,54,y
5170,7789,5,n
9152,8048,29,d
7074,9695,8,j
706,6108,2,j
8926,8613,1,y
4627,421,19,i
7024,5311,8,x
3012,3661,40,h
3938,2057,34,t
8437,6795,54,h
5616,275,53,o
5118,67,50,r
8153,81,49,i
1555,1236,40,s
5147,1513,9,s
2094,9716,21,t
6257,420,53,e
6439,3326,5,i
2023,6276,49,k
1639,2604,3,m
7481,4852,7,x
9815,1824,6,z
4484,8256,8,b
4239,6851,39,n
8770,7413,18,d
7197,5253,11,l
6404,2682,40,w
5444,7700,8,h
5565,715,43,b
2605,5673,29,k
6962,7604,27,i
671,9823,33,o
5538,4728,15,u
3372,3619,16,w
6971,1490,45,e
589,9,7,a
534,2061,7,v
4424,1247,13,t
2253,7645,31,o
6951,2637,40,g
3193,7180,39,t
3125,6676,10,w
9610,540,33,d
6813,3582,45,r
9449,420,56,d
3123,2188,46,l
3203,9410,5,x
885,4091,32,x
2327,7953,34,o
1815,9790,30,e
6400,8975,42,c
9630,102,7,b
3565,9170,45,e
9447,7737,26,h
1054,420,50,q
4490,7297,22,v
9888,5951,39,q
8169,82,14,s
3364,3956,50,w
7510,2173,3,w
2807,6055,45,b
834,4231,35,t
19,9082,34,p
6791,5346,10,q
9454,5716,47,u
7499,8985,23,q
5563,5429,45,n
7707,8442,12,z
8153,880,2,w
636,6032,15,z
6874,6413,49,j
1728,5049,34,w
1119,4291,28,b
8869,3971,13,x
484,7432,51,e
5623,3511,29,k
9799,7135,31,a
9470,8682,30,l
2299,964,33,w
649,6412,41,x
27,5292,44,s
7983,5831,14,m
6277,3061,29,b
2024,3662,45,n
5798,4516,48,x
4397,8736,6,n
6306,5680,5,i
1321,8919,20,v
2081,2047,9,b
6490,1810,43,y
4461,887,46,c
968,7603,30,i
9663,8893,37,p
9499,4770,13,l
1132,5753,20,j
39,6645,15,q
5804,5252,9,n
1689,3052,33,j
1313,4165,50,i
6414,7683,44,c
4396,49,2,p
3186,6126,2,f
6362,1542,13,y
8941,4523,50,h
8071,6800,5,k
4680,518,44,a
2224,5933,54,q
3950,3504,37,y
3908,7376,9,u
5538,5029,20,o
3650,835,6,t
7915,5332,8,x
4121,5402,17,j
289,2220,22,r
4827,6057,37,y
9934,6457,40,f
7602,8206,6,p
5945,1200,18,a
17,6312,40,l
6207,9102,1,u
1958,1156,13,o
7937,1250,6,f
1117,9724,11,a
3858,3571,9,v
8333,1934,3,q
94,4835,50,r
4779,6364,31,b
9985,3870,44,q
5684,1697,1,v
8351,5989,46,i
7161,2715,25,u
20,5908,24,g
3484,6338,5,i
185,7991,12,v
947,3884,13,s
6785,420,27,j
2084,420,51,i
2839,5144,5,v
7833,7233,30,j
2080,4510,30,e
2288,5987,40,q
2518,8049,5,k
227,9957,48,v
6237,4786,32,a
8783,5461,48,c
9722,6384,3,p
5573,2542,27,v
8847,5277,8,g
4394,6076,8,k
3087,2109,2,p
9413,6304,49,o
7802,8757,32,g
9223,420,63,f
3560,3391,8,z
2361,174,29,r
3394,9088,46,x
421,9542,32,f
9941,748,34,t
3545,4797,6,h
3782,9893,37,u
3381,7414,9,b
5696,557,33,r
3530,5270,13,z
4830,2620,28,z
1769,9167,8,k
1362,1308,11,f
5551,9928,6,l
3175,5249,38,n
2634,3937,49,c
7927,7027,7,z
5871,6141,11,r
8007,1498,9,g
3990,3510,2,q
9507,8003,10,k
2362,1115,5,v
7517,538,29,x
3828,6630,21,x
7058,4992,7,j
7397,1413,7,y
1336,7156,44,j
6545,4497,36,j
466,3232,37,x
7234,50,2,u
7871,3675,6,s
2455,6571,7,g
1527,3519,13,d
3752,5585,54,n
9571,4437,51,c
6598,420,37,n
8149,1027,52,l
9476,420,44,z
3674,2239,22,w
743,4328,49,g
5815,7475,14,o
4486,6328,11,f
3822,1514,4,l
1771,6444,18,l
8937,6611,8,f
131,1512,10,w
7560,576,10,s
3914,4504,51,c
8939,253,34,i
843,8929,31,x
2199,1549,12,m
5070,6754,3,v
8031,6562,1,l
9429,3362,44,e
9241,1534,40,w
7877,6371,43,t
4976,4838,33,u
2607,5132,32,j
7037,665,31,i
4668,8366,37,i
1494,3520,28,w
3697,8811,32,z
6215,4900,2,n
5980,3643,34,x
5458,7884,3,d
3101,2682,8,g
2524,975,48,v
1746,2475,11,i
885,8182,26,p
9218,7096,8,g
1475,6654,18,p
5116,40,35,f
6391,7075,21,y
9784,2261,43,e
4965,7106,31,d
4201,2987,16,u
4504,8953,33,v
9322,4488,17,i
3202,9312,23,x
4333,1651,30,z
9094,5702,12,r
2214,86,1,y
5076,9620,3,f
3131,1182,7,l
3256,2534,33,c
2396,4575,16,u
5116,4204,30,f
8471,5444,35,o
4050,8724,11,h
1384,7919,14,p
8819,9096,31,t
2801,8522,5,z
5515,1241,49,h
697,5763,19,u
5381,7691,50,n
3854,4950,22,r
6050,420,61,e
166,3082,16,m
2568,2083,34,h
3309,778,54,v
6982,2663,9,l
1285,5911,47,v
1151,1464,9,b
3082,7180,29,i
3627,8831,1,g
8818,8626,2,e
792,5254,9,i
3569,3296,23,x
8095,2025,25,k
1227,2191,19,b
7748,7791,50,m
592,4836,54,a
7289,10,39,w
1898,102,22,i
7296,858,30,g
5021,2028,5,n
2245,4841,21,a
7481,1741,35,c
5656,7847,47,j
7103,5818,9,q
3417,1674,10,r
582,4033,42,e
1611,8146,14,z
6112,7210,16,g
4631,9134,54,e
8052,9058,5,e
9606,9413,5,y
2677,939,24,l
8089,4917,2,h
8652,9008,24,e
444,5568,4,g
4722,3694,6,e
8486,9632,44,r
5222,6992,23,t
4804,4911,40,k
2160,5657,51,z
2251,3871,9,z
5494,3667,37,z
1294,1881,9,v
8966,3960,9,e
6279,9839,18,r
8412,354,16,b
3704,543,18,i
1304,420,22,j
5851,110,50,y
9856,7389,40,j
339,1448,51,c
2631,9226,14,i
7726,420,28,h
2417,3268,8,w
2916,3480,9,p
5763,4166,40,i
6030,3284,53,v
8685,3651,44,g
42,420,50,y
6766,6335,22,t
3305,2608,40,f
8028,9049,5,n
5137,6675,51,a
3957,9662,50,d
5928,2004,50,y
2244,8333,18,o
9797,7374,28,r
7655,1609,35,d
5216,9414,17,t
9081,2997,27,c
3831,6035,3,n
530,420,65,j
1221,6571,51,v
8221,2394,9,s
3054,420,24,j
4998,6514,18,u
7199,839,22,w
5680,7822,40,a
5649,6345,21,z
9317,4572,7,d
1524,420,46,b
8658,3613,37,c
9619,1595,31,q
5273,7308,40,j
4510,2670,18,v
744,182,2,m
1832,7381,12,e
288,2683,35,s
7165,7899,5,b
3050,7420,52,l
7602,2542,9,s
9495,5731,17,z
4088,4122,38,b
9541,6210,14,a
9489,7187,36,n
9825,8292,37,b
1966,636,17,r
2719,5668,5,u
2915,4848,38,q
7313,4925,18,s
5296,5939,26,s
62,7452,48,g
2986,4925,11,t
7024,9426,16,g
4619,6930,54,h
7053,2322,14,i
2055,7808,27,h
2066,7949,44,d
3792,1751,29,n
1121,26,18,t
1527,9265,5,j
3974,9668,11,q
8134,6244,9,h
4056,1623,50,p
4144,5184,19,e
8694,1815,24,e
5054,2727,34,v
8511,2435,13,k
9108,8810,30,h
1290,2753,33,y
3713,9090,2,m
1182,4140,43,p
8247,8417,26,w
1885,2865,48,b
7931,7676,9,w
4920,6342,19,x
8988,8642,5,u
3997,9915,51,f
9682,6380,7,r
8801,6075,35,u
7684,5210,51,m
6440,5635,28,z
8184,970,4,x
8592,420,52,u
2116,7537,22,r
7241,8277,51,p
421,6938,14,n
6364,4434,39,w
7017,1264,5,e
927,1963,9,i
646,7209,45,u
7262,8852,28,v
1375,6205,21,s
7680,1138,28,k
7659,8712,26,l
727,2491,52,k
3489,4133,40,y
4725,1257,17,k
5804,2193,39,h
8383,6880,46,y
8907,2472,48,w
6368,9440,25,x
2906,359,37,e
1983,7715,43,y
3450,7649,48,i
5091,7175,7,p
6880,6076,25,g
1214,7104,6,a
1324,1474,20,n
6023,1763,30,n
944,8810,38,s
4491,6353,35,r
1318,4311,19,l
4242,9474,51,t
7324,8854,17,q
9562,1472,7,m
9459,3924,34,h
3410,7456,6,v
1262,420,44,x
1046,6277,11,o
6181,2384,42,v
8309,4495,27,n
1991,420,64,a
2663,6355,43,l
614,9638,27,h
1899,5916,50,g
1714,880,33,v
7747,4353,42,w
9402,1281,35,j
7725,23,18,i
331,5840,54,r
6329,5000,15,l
66,8569,28,e
2414,2838,51,e
5084,2991,8,x
6826,3358,10,z
9498,8362,20,m
8084,1703,6,a
5433,7538,54,q
4341,6468,27,m
647,8251,54,i
6887,4396,44,j
2889,9163,7,f
4593,5829,8,c
510,2073,12,t
3461,6895,31,f
9457,199,48,x
2841,5891,48,x
9976,6064,26,p
2326,5026,37,k
3551,3010,27,h
4326,2595,29,g
229,1470,1,r
5615,420,43,f
3921,6789,51,a
979,8749,8,o
6350,2727,44,z
404,9425,23,g
7754,1586,9,r
1699,1644,7,s
3957,8699,18,w
5368,6913,52,l
791,6834,45,c
3360,4195,19,y
1363,4486,35,p
9504,8867,33,n
998,485,15,y
5782,7679,48,v
4208,1457,31,b
9870,4427,2,q
4697,1919,45,q
5882,1904,45,y
1347,9427,30,f
7442,1128,14,k
8792,4993,40,u
9090,6745,45,o
2242,7996,50,s
8900,4807,6,c
9452,7164,24,h
3400,9584,48,m
5461,842,46,w
5857,6149,46,t
171,7977,51,q
5574,8641,14,o
2853,253,46,z
6950,4948,44,e
5521,4216,21,h
8512,7512,30,m
7460,6060,40,b
5486,6006,48,k
8450,7787,42,h
6883,4290,47,i
7941,20,35,v
2679,7360,13,a
3371,1543,44,m
3246,8544,44,v
1386,7262,8,b
9843,5238,16,h
8123,7174,50,a
6534,420,37,j
3905,1783,13,a
955,2530,38,t
188,9560,8,z
4661,6992,10,c
536,7252,35,u
1292,4675,39,r
28,5306,53,h
6963,6531,37,b
6953,5028,52,n
4217,5950,37,d
6812,7861,53,a
9512,3010,8,n
5715,7647,8,x
6193,8428,27,a
3974,4640,53,w
5415,9609,4,y
418,5239,7,q
1668,3776,25,p
5075,6583,33,j
9402,6894,4,b
6748,3781,1,m
3289,2160,9,s
4331,3717,18,g
4553,8744,3,q
7722,814,5,a
2845,2223,11,v
8912,3758,48,j
2808,843,29,w
1866,6733,38,p
9749,3960,20,k
3172,328,49,j
5554,420,38,q
5261,3268,1,k
5683,6871,31,z
3507,6586,35,r
57,9795,13,r
2564,8941,34,k
9591,420,53,h
9027,1547,17,y
1945,420,55,n
601,6432,4,s
1148,1603,26,x
5902,8626,9,x
121,6402,36,p
1002,9562,32,q
1111,9120,19,b
7475,6356,35,m
5534,8506,51,z
9989,1526,3,b
9779,6709,32,g
354,72,16,g
6059,6330,9,y
6900,8648,5,l
104,1117,8,r
9296,5447,40,e
7372,1126,12,w
5870,8175,18,r
8097,9588,16,p
9190,9784,35,k
4216,6477,2,n
8018,6203,12,x
9051,6317,53,i
3168,9106,15,o
3514,4107,46,c
3070,9361,2,r
4277,9535,42,q
7470,4718,1,l
6078,9617,8,g
1388,7580,35,y
9713,828,39,u
3932,5394,2,y
8233,3454,14,q
5287,420,36,j
6844,7095,9,y
8001,2122,6,j
4375,1826,9,f
8036,420,66,o
874,7603,48,t
6267,1457,54,p
6024,4044,30,w
9515,2846,34,e
7301,7194,11,t
3146,7020,27,k
6238,3798,46,f
1441,6663,6,z
4844,8402,50,d
5806,8900,8,r
1986,1244,11,f
3150,6481,51,p
2866,7338,32,k
8460,624,51,f
1937,420,65,d
3506,4923,2,r
5039,6144,36,d
2764,1995,30,a
7676,4809,1,p
6741,9089,5,d
6651,2131,6,j
1423,6632,24,f
4145,8500,36,n
7827,3334,39,j
5126,8756,53,x
5649,1183,9,k
8914,999,51,f
7908,2916,8,t
288,688,1,z
5487,1856,5,i
6457,9097,50,d
6087,7089,29,u
2109,420,25,c
1509,6519,27,t
599,4864,38,r
9918,5052,10,v
9350,4795,2,h
5900,216,46,c
5677,7257,30,x
8503,5079,46,g
7139,5652,35,v
1055,6979,24,o
5471,7106,16,e
950,7616,32,z
560,5372,12,i
8674,2366,24,q
8302,8510,5,r
1735,5877,34,g
2611,4957,26,r
7135,1013,33,w
1971,3588,9,a
8074,4211,44,i
1004,7740,27,e
69,80,8,a
4348,1323,48,l
3814,3974,6,q
140,868,49,c
6519,8215,34,l
3943,4510,23,b
6111,6555,51,u
532,3676,24,h
1392,8367,50,i
5601,9746,3,w
4500,1883,19,x
4888,3093,51,v
9082,8387,20,z
2861,3519,14,l
2936,9627,36,w
5106,8675,5,r
8140,209,19,a
7283,2147,41,f
4041,148,4,a
461,6444,8,n
1164,988,5,b
6655,9094,51,y
3928,9482,47,k
5343,445,16,p
2273,9289,11,b
6745,5123,4,p
3153,372,33,b
1404,712,7,g
5779,1975,54,w
1490,1046,24,q
5609,5488,2,d
1321,6543,51,i
1808,4584,10,p
4972,124,16,i
9766,1153,46,t
5766,420,23,g
9823,3284,9,h
9311,8698,54,n
3966,6954,46,a
7805,420,43,r
8964,4947,38,y
2355,8070,15,q
5449,6068,6,m
9785,6338,54,h
220,3723,46,t
4883,1738,9,m
4941,8359,53,m
5592,3416,39,i
8518,3456,21,r
9290,8654,53,g
3953,368,10,j
6427,4338,50,m
582,2751,6,g
429,5199,2,r
127,6939,7,r
7488,2042,29,u
6910,5589,19,h
235,977,24,j
9575,1386,16,p
4537,2937,9,a
4830,3183,8,b
6096,7662,47,v
6144,271,20,c
579,3881,32,w
9312,476,4,m
5505,7041,11,p
125,1831,36,u
1071,7544,4,v
1136,2768,5,f
1050,830,20,r
6322,2873,3,c
4570,6064,22,q
2934,4533,5,d
2884,5762,21,q
1377,420,43,o
1636,4328,4,s
6247,4599,1,f
6567,5731,33,u
2179,4866,27,t
8470,2736,46,h
6597,356,22,p
9606,6594,4,p
2698,7393,19,f
2596,1957,44,j
2069,420,28,t
2053,9156,47,i
460,4159,47,e
7158,5629,5,i
5504,1544,44,y
2089,8368,42,w
4172,5970,17,t
5563,9254,46,s
1247,3477,37,c
4562,4350,44,l
5145,2602,1,n
8379,7031,7,x
2228,7599,54,w
1027,7585,48,o
5183,2684,53,f
7520,7611,29,t
6907,2416,50,z
8229,838,7,z
7389,2122,32,i
1751,4551,9,g
265,9007,30,i
5277,9894,25,c
6073,3901,9,b
6478,9570,35,e
3501,3549,48,i
4442,7369,9,p
2959,4499,32,b
6353,1703,37,g
7806,6537,18,g
7011,1506,4,t
7874,9796,45,z
8035,1631,45,j
8756,6499,22,f
1936,9167,4,h
5469,5168,53,x
6772,8027,49,v
9905,707,28,m
7042,6875,5,h
3639,8466,41,y
1919,4304,54,u
33,1507,20,y
2028,412,33,e
2049,7826,48,k
1335,9166,9,u
6312,8981,42,z
7141,6017,15,x
7608,2188,31,d
7064,6855,15,z
552,419,8,c
9501,5018,6,u
507,242,3,g
6740,3660,30,v
5980,1147,52,m
6100,2431,38,h
3904,1597,36,h
100,7698,19,e
5834,8473,39,x
8025,2225,44,c
4141,2465,13,n
8920,8353,5,v
4201,4256,52,y
6620,9496,1,h
4241,7069,35,h
6486,6368,34,s
4482,5224,7,v
2724,706,6,w
9891,885,8,t
3948,4627,50,r
1781,3267,16,p
3656,2311,4,e
8301,9427,26,k
6027,5170,5,i
1036,3138,25,e
5604,4518,8,e
2247,6522,7,c
4605,3122,5,a
295,2463,22,a
7238,8164,15,e
4927,5520,19,g
568,9316,54,t
7603,6184,21,r
4084,6077,41,j
6786,3900,15,u
8850,453,3,b
7723,4104,38,k
7080,36,36,x
5444,2324,36,w
1611,5696,40,n
3864,7609,20,y
539,1223,15,v
9466,7484,18,e
4633,8856,51,t
9794,4663,41,y
2884,6600,22,a
5149,3501,13,y
7719,3734,9,b
3974,9654,28,j
8870,8294,25,b
6647,5144,29,j
1986,9292,23,s
6797,7362,36,a
9087,3486,52,m
5809,3981,33,f
7319,3188,1,l
2942,9121,30,p
163,153,53,f
7307,905,54,k
4035,5348,4,p
6697,7839,5,b
4092,6545,42,x
3973,457,15,k
8619,9110,12,x
8636,4589,24,a
1135,6707,7,g
2634,7336,9,v
8456,4990,54,h
1940,449,17,c
8116,1369,7,x
2922,1470,6,h
881,9588,13,r
3019,3964,13,p
664,1326,7,a
6123,1692,44,q
4983,4365,21,a
5172,3148,41,p
2928,1092,34,e
23,3997,3,e
6162,4860,9,v
2837,3634,51,d
2618,213,10,v
1927,4042,24,d
9255,6782,8,g
8553,6223,54,y
7004,7897,44,h
4190,8778,24,b
9566,4927,21,q
8688,6086,4,y
6374,5034,26,y
9338,5969,26,e
1854,9720,31,j
1176,5260,51,o
1944,4211,1,s
5204,4947,49,l
568,5637,45,r
2520,3448,51,k
3461,8506,34,u
9946,3469,48,b
6795,8410,30,g
3202,8385,45,x
9759,2731,10,k
9518,8836,30,b
7724,324,49,f
9557,2485,51,v
8216,2307,52,p
8458,1686,14,x
3551,9182,51,d
3851,6428,8,j
9623,795,3,e
3289,9197,41,o
9620,6741,26,i
961,9800,26,p
8492,420,62,n
6991,4384,37,j
7011,3408,36,g
6234,4654,6,u
7843,8838,7,b
8069,9217,35,y
9155,7583,14,r
3576,1519,52,y
4978,7299,8,x
6609,804,32,x
8823,8446,42,u
160,157,5,c
9309,8193,7,i
9506,7838,7,c
5149,3433,39,h
6674,7878,5,e
7252,4541,28,l
1518,53,6,k
3892,5626,4,y
9643,9337,7,m
3149,6366,52,e
1069,420,65,y
2617,7616,42,s
2475,3382,24,h
6135,8346,28,r
4761,9814,2,f
8359,420,43,s
1255,680,46,z
4221,5164,9,o
4515,5293,51,r
3140,8634,48,p
9128,612,5,h
6599,5126,21,t
3871,8065,1,w
7869,3923,4,p
1528,8413,37,k
8591,7269,27,z
5217,301,40,p
6599,8206,28,u
1907,1740,19,c
330,9003,27,q
5102,4952,6,y
4464,4899,52,g
2750,172,36,y
6350,5133,7,m
2793,3465,40,p
134,7888,10,z
5206,1486,51,v
7306,6725,54,e
3965,8202,12,f
7750,4436,45,q
6761,5419,33,k
3682,5380,2,v
2762,741,9,f
7500,5382,29,h
214,8418,44,j
6883,197,36,e
5489,1436,32,h
9707,8831,8,h
3477,2502,28,f
8566,5655,13,k
9032,6758,8,x
1517,3279,12,g
5193,5416,52,r
2252,8062,8,h
8521,4577,41,i
2785,6164,30,o
5625,3395,43,j
8359,7896,7,j
3828,6368,51,n
10,141,6,z
4264,5512,8,t
9202,9112,27,k
3061,6888,22,o
4129,1358,54,g
5229,6844,38,w
3602,7293,54,l
5566,241,11,f
326,8551,7,e
4699,5167,27,e
7057,5798,5,x
6079,5089,13,q
3273,1662,11,q
3769,7398,1,k
8776,2344,14,d
1229,2693,28,a
3300,7396,8,q
3712,7963,47,k
542,1856,9,h
8387,9991,21,p
2794,420,50,x
2497,6418,15,x
8571,7057,14,a
157,8604,9,g
1494,7599,2,s
4023,3781,9,a
5130,78,9,w
975,4444,8,z
9491,3163,49,a
6618,6580,54,g
3268,462,51,u
1434,2128,20,t
6469,3285,14,b
8794,4474,20,l
8923,7527,46,a
6618,973,7,l
9494,4329,35,e
7944,8128,8,b
5332,7918,7,w
7003,1959,24,u
2818,9413,18,w
7192,222,6,i
1457,4489,33,t
2092,2716,38,f
8757,2966,53,e
6081,1547,28,e
3162,2978,43,j
5986,420,38,y
6636,6845,3,o
3142,5846,34,h
8228,3773,18,y
1144,2913,50,o
7287,6228,31,c
4697,6314,26,j
9164,4554,2,q
2083,2779,43,v
6803,3598,14,k
7418,1048,31,s
265,4921,15,x
4867,743,53,p
889,1359,45,b
7126,5601,17,d
898,4426,8,i
9379,6352,3,b
8402,5885,1,z
5756,7745,19,m
3665,6322,48,w
791,984,16,x
4050,4038,21,b
5793,8440,14,k
9943,7906,34,v
8369,9912,31,p
3913,9494,35,r
2406,562,19,y
5808,9909,6,j
5163,5067,34,v
1207,8088,23,o
430,9563,9,d
2131,7764,44,r
1669,8483,38,j
9437,3554,36,g
7034,6717,4,i
8711,4135,3,d
5173,7865,38,x
2842,1454,1,z
8468,5502,17,p
3122,7584,35,z
7614,3448,43,i
1499,9828,25,b
3618,4040,1,m
4550,595,9,t
972,9677,4,z
470,124,12,o
7121,8840,20,q
6836,6253,49,f
758,5587,53,j
1711,5214,4,a
9716,6840,5,a
367,7038,22,k
2409,6607,22,z
8506,3413,33,z
2387,850,36,t
3147,1550,52,n
3982,5125,7,o
8912,4979,25,i
2125,1270,28,r
2003,4639,8,m
7998,2815,19,k
5194,3286,21,o
783,3713,52,d
5108,8138,50,e
4245,4962,31,t
7496,6829,46,v
689,653,30,a
9015,9703,34,p
1045,2152,38,l
9943,8465,10,o
8298,7747,44,n
9116,8883,2,o
563,420,20,n
6970,9760,27,l
2527,6778,41,w
5718,7291,35,a
5007,2071,1,l
9720,736,22,x
2172,2706,7,o
5899,2918,17,v
6373,5752,5,b
1620,6960,17,k
5181,4298,10,w
6269,498,26,n
3689,6919,52,b
358,8284,34,t
3541,3733,34,s
5749,2652,26,g
8831,527,46,d
4219,5531,15,r
3379,3461,17,g
6895,4738,52,k
1085,3449,9,n
8456,873,7,e
9709,6352,22,r
2003,8669,33,q
6981,7000,40,p
6459,6637,35,e
3050,6913,5,i
3284,8929,8,n
145,5853,8,i
6143,1713,24,e
7752,6185,15,x
6580,1261,2,z
100,420,39,r
2163,5578,5,i
376,7351,6,x
7353,7008,49,k
2844,9884,34,v
6316,1711,27,s
9619,3552,34,v
604,420,47,t
3902,4627,36,e
521,1931,5,w
2321,807,31,p
6285,9355,8,f
3731,8485,43,j
9221,3311,30,u
9775,420,52,w
6906,6638,36,j
5845,928,40,c
5901,9942,3,c
6202,6817,3,s
6674,8200,54,m
729,1930,31,l
4178,1615,18,a
9183,425,28,g
3026,4057,39,t
7547,3183,5,k
56,8985,1,i
2362,973,8,m
8007,9954,51,t
2440,2608,36,i
2772,1254,8,q
6583,9756,3,n
1983,143,11,q
6820,2781,24,j
7725,5730,4,c
1043,4766,11,b
887,2134,4,e
2613,1020,33,w
3554,4684,24,u
6036,2860,2,k
4537,1937,42,x
6569,8421,29,x
9398,9834,27,n
2974,1781,6,x
155,6673,6,f
9553,2682,1,m
9667,6166,12,v
5368,3667,53,z
1294,420,63,h
7251,4939,47,n
6183,9385,9,r
4701,1793,24,j
2166,4491,38,h
4912,420,33,q
5457,3435,39,t
379,3512,33,b
8528,3935,39,q
1101,9861,7,a
8209,6624,9,r
1865,4712,38,m
9706,5904,5,g
7304,6259,9,k
8641,8309,10,z
1088,1417,29,l
9014,7034,27,a
6915,1094,22,y
139,4872,9,i
2000,763,7,p
227,8904,13,s
2922,4640,13,e
1223,5525,8,h
8390,2791,6,m
4078,420,58,z
9778,9362,5,a
2370,5970,22,z
907,648,54,z
9186,2807,27,w
8907,818,2,k
2160,3967,37,o
9164,1497,5,g
3884,273,9,l
2377,9859,40,b
2053,3268,38,e
2865,7353,12,i
8519,2814,23,z
7701,5594,6,x
9612,3646,2,a
210,1206,36,x
7483,5357,42,b
3668,8313,18,h
125,8405,2,x
9126,1620,18,k
4780,6929,11,l
5047,6350,52,v
3445,5682,1,s
456,7956,35,z
2025,8288,33,l
3085,9898,43,o
8558,4398,39,x
120,2599,33,f
5707,1085,11,l
9570,3081,13,g
1162,3084,48,n
6128,1068,29,w
861,9432,10,j
6176,2840,17,s
5589,8746,41,g
5947,57,43,c
3431,1033,14,d
8485,4071,36,d
3474,3398,32,d
1274,4752,47,a
9973,5696,5,u
5440,3991,2,f
5009,9567,15,i
7809,5277,38,x
2752,5591,16,z
3974,4011,6,u
4072,4287,4,d
734,3907,32,w
4718,1528,19,z
449,2802,9,k
2765,1967,24,h
6020,5289,35,m
1128,8822,54,v
9174,1189,29,c
2524,1282,9,e
2267,2686,35,k
553,420,22,y
8484,8326,37,r
313,9698,16,n
5573,3647,39,c
168,2095,29,y
7539,2697,43,y
4823,6797,16,t
705,4359,5,i
4086,3396,22,c
2693,9252,40,y
7875,420,42,j
1273,2175,37,n
5059,4634,45,b
156,6900,6,c
3379,382,48,k
8550,1439,35,g
5965,6201,6,u
7340,447,6,t
6525,1354,6,v
5035,6505,35,q
3462,6504,49,g
3393,5128,28,p
6487,2698,9,a
8483,7677,23,g
2203,8945,36,e
4020,8005,21,k
6202,1900,14,t
89,6034,17,f
3976,4545,11,q
221,1323,49,y
4600,2654,29,z
6401,420,40,z
5083,9405,33,s
8892,1241,40,d
3660,9617,37,n
9516,8705,17,r
869,7486,6,i
2605,2161,50,l
3586,6392,50,r
6432,2553,1,j
1185,9171,33,f
7069,420,29,n
687,3971,9,i
1787,9335,48,n
5767,4051,46,n
1412,760,3,l
4962,3623,5,j
3216,4155,29,g
7993,9713,21,n
7417,7866,52,z
5890,1434,5,p
6165,5806,53,t
3958,7004,36,o
2880,2688,52,s
1992,8938,26,j
4700,1484,44,w
7812,3348,12,a
8380,2388,45,d
8829,4580,6,f
5243,749,16,k
2102,482,7,k
1440,7798,2,e
461,9858,4,q
1292,7118,26,v
5772,7477,9,l
807,4950,54,f
9877,5777,50,x
4270,6258,32,r
392,420,33,n
7849,8453,43,c
1335,3367,39,w
7653,420,61,t
8944,8349,18,e
1704,86,28,t
6239,3575,42,j
4103,1330,29,k
3795,4787,8,n
9748,4271,7,o
9503,3327,7,p
2082,7092,9,u
5291,420,38,u
842,7461,53,l
2770,5310,33,p
4249,3290,8,o
2435,2099,11,w
8452,1892,25,r
4116,5074,20,k
6176,8849,5,q
9903,5898,11,y
2038,9044,22,j
4471,7172,30,g
8085,4245,30,b
8606,5244,49,c
7219,1689,54,c
9100,8245,38,h
321,6634,9,e
2775,5063,37,p
3825,1235,8,m
8324,302,54,i
5051,1578,36,w
7506,5846,32,s
3504,8258,3,x
5731,5895,10,e
8676,2237,15,z
6153,3954,6,l
1653,638,27,a
9560,4980,43,l
1026,4671,50,j
1427,427,50,g
816,9176,21,s
3419,4068,20,w
7863,2324,4,k
1080,4662,10,o
2782,1072,4,n
7773,420,20,e
7103,184,50,f
9838,8886,3,i
8555,7210,44,g
7326,5051,17,v
8964,2995,50,g
2584,2734,44,l
1892,5325,31,x
3334,8842,5,m
299,2307,28,u
4711,1940,5,o
4688,8598,43,v
8480,3851,52,z
7364,2050,32,t
6548,9069,36,d
1688,332,11,s
2118,4482,19,c
1911,281,36,h
3143,9809,13,m
7444,7528,6,m
8358,6849,10,b
1191,1625,18,x
4114,9485,37,q
6987,8826,51,a
2693,5005,38,k
4111,5668,32,k
9656,4790,43,z
7650,7071,10,z
9949,2650,17,f
123,9549,16,h
4121,8117,1,t
2597,7817,7,f
7484,6162,13,d
2221,1213,7,h
9897,397,48,u
131,1145,16,u
8429,6397,30,d
5054,5759,9,n
9550,1693,21,j
8516,860,51,l
1195,8736,22,l
3911,3007,27,z
6762,38,14,f
618,2546,29,c
8351,5002,11,p
854,9720,42,u
7294,3984,19,p
4866,3853,32,c
6310,9902,1,d
6819,5448,41,a
3338,7276,28,h
2865,5053,18,e
3587,784,10,g
7232,4955,52,j
6215,5018,16,s
8167,7911,2,x
635,2344,10,e
9080,7147,1,d
534,6540,40,u
296,1306,15,u
1087,821,1,w
9942,4131,48,o
6227,6318,25,a
1661,3034,29,j
428,2950,27,r
7318,7076,51,h
5653,2182,37,p
4532,9249,11,r
5044,6092,39,l
8061,2042,20,g
4018,7549,43,b
9036,1693,5,u
4206,5638,1,n
3195,4915,22,e
6096,5219,26,m
1843,6787,19,d
7032,2545,48,b
2036,9967,34,k
8785,4702,1,i
9528,7181,9,f
7364,2401,48,y
5240,5096,9,c
6331,3322,19,a
921,2587,7,k
1381,3225,37,i
360,5299,28,l
9356,9158,7,d
4071,89,36,e
6261,2737,9,q
8766,6223,49,f
8728,3906,5,z
9286,8569,4,y
4149,6159,7,l
7235,7993,25,v
7821,2377,43,z
2382,6208,27,f
3618,9781,40,c
4667,5240,3,q
312,9146,47,b
3358,6468,50,m
9332,9881,6,j
247,8320,5,z
8453,2378,43,r
1667,5831,20,w
76,9857,21,l
8211,420,49,t
1638,866,16,l
7687,9336,33,v
4053,4215,42,u
1480,4376,13,x
7315,2617,3,n
262,9025,1,v
4900,7112,36,i
4863,4762,10,q
3367,5020,45,k
8982,7242,29,z
571,475,37,k
9127,2239,35,h
4644,7991,16,m
6311,6057,43,x
3827,6514,50,z
1387,89,46,a
1345,6432,9,z
8120,2986,38,d
7035,879,42,u
9055,1484,31,a
3567,9683,14,k
8985,4093,41,g
4498,259,14,t
1026,420,65,n
5889,8306,18,v
9399,9479,27,c
5913,1851,37,s
1304,1079,19,i
7743,499,12,m
5764,402,8,k
3362,2300,21,c
4263,5144,43,j
2182,3185,31,k
4144,3020,6,e
1629,6569,2,q
9836,9816,9,m
3207,1448,49,x
3555,928,29,v
9221,4575,5,k
1425,1481,41,v
7646,4463,26,p
8971,2378,36,l
1287,420,57,n
8384,4706,46,x
8050,563,4,k
1940,1942,13,f
2716,1485,18,s
5275,6416,50,j
2257,7216,6,j
1281,6455,35,n
3588,8081,23,w
3837,3936,18,p
4275,6727,13,p
4416,7463,42,d
4414,3954,25,m
2985,8272,5,o
1576,8870,5,s
6267,6679,33,m
5614,2030,6,x
450,2844,4,o
7071,5085,4,m
1823,5325,39,d
5422,8965,37,e
4404,8928,48,m
8360,6570,18,q
5504,1729,7,e
7684,3590,37,l
4259,8223,3,t
2131,875,1,f
3586,6384,45,c
4051,6514,32,u
1913,5389,54,t
8770,7248,18,k
2560,7145,31,i
8826,8560,5,s
3576,5411,36,i
5582,4137,5,r
2534,2707,21,c
4067,8231,9,l
6919,3312,23,l
9595,7368,7,k
6254,7528,17,t
4756,3173,17,a
578,8659,7,g
3207,6005,51,s
7789,5370,12,j
3544,1901,35,f
1556,546,4,x
7646,420,28,e
4633,717,17,z
6192,3183,17,f
5671,745,2,r
6302,5676,22,a
6883,7299,5,v
2293,631,20,m
8083,6621,49,p
6865,6944,24,q
6391,4548,22,z
5842,6345,53,c
8915,5069,36,j
1821,4639,40,x
1081,7635,2,v
1408,6389,6,f
4451,420,27,g
2790,9991,12,a
8341,6011,38,l
9396,9155,26,n
850,3627,11,s
914,7002,5,x
9227,1902,9,e
2836,6359,39,a
8794,5658,24,a
7921,4822,28,p
2885,4234,21,r
7239,2886,27,a
6775,9757,50,d
1554,2526,35,n
3622,8537,34,a
662,2765,35,m
8944,8355,42,m
8548,420,24,k
527,4096,32,e
2962,7203,12,n
1637,7602,27,p
7713,8670,33,h
2810,6363,46,l
6112,9853,4,o
9137,2761,28,x
5932,9204,38,n
3596,8509,20,c
871,5661,51,f
8818,7918,46,m
1878,6526,34,t
1637,9310,31,b
6196,883,27,b
7358,7054,22,f
3877,4289,28,k
7434,7715,53,c
1224,1555,18,m
4314,6176,50,b
3373,4764,33,z
9497,4726,9,e
4060,6051,33,z
2009,4224,53,h
2379,3867,5,d
9942,1328,6,r
3846,857,32,t
9386,4968,4,l
8304,8147,53,l
5668,2504,1,t
9696,6438,8,d
8978,5633,3,e
3277,8309,52,o
1605,2952,47,v
2312,1548,45,n
9844,7334,9,n
4805,7489,17,i
3005,6337,52,f
7733,7389,41,i
2093,2038,25,c
682,4963,23,s
9404,5967,23,f
2851,3722,10,u
1380,4591,17,r
284,1487,18,z
4086,2978,13,d
5341,9810,20,e
568,4999,31,f
4634,3249,6,x
6716,420,61,t
5983,1163,14,p
6615,137,32,q
4272,2195,8,k
4981,1343,52,u
546,305,13,f
5199,140,35,e
9754,5864,42,s
8721,4004,27,j
4499,9050,7,s
901,5882,38,x
5251,6874,15,z
9482,7929,14,w
9940,9087,8,b
8300,6132,4,a
3081,22,3,s
7553,5891,5,r
9925,1994,53,h
8163,5139,6,b
5287,2337,23,k
9351,7129,14,d
2019,8971,23,a
2793,2450,10,l
2477,6141,15,y
7543,1696,32,s
8389,1494,27,h
9171,7413,28,m
6622,6368,29,g
8516,9442,8,u
1883,5236,33,z
9979,420,57,i
3387,3372,50,l
4425,5780,22,w
4208,9389,34,i
7898,4230,8,n
537,805,18,c
3870,3823,19,u
3174,2595,24,m
1478,9581,7,a
9314,6938,30,p
2726,420,29,y
2361,3432,40,x
5634,8000,9,h
1234,420,50,h
5931,3385,38,b
1084,4098,17,r
631,6531,13,v
2074,362,8,r
2196,518,44,g
4818,420,40,x
3289,207,50,e
9632,8468,46,q
7038,8124,4,v
7921,5692,43,n
5277,3259,7,s
5621,501,23,g
1494,1189,2,n
7417,7831,46,c
434,3720,10,y
8869,3080,9,f
726,7066,48,f
3948,7509,28,t
169,1584,54,d
6502,2595,45,m
73,2141,24,v
6250,1084,34,m
291,1389,18,l
6718,3384,34,b
1352,8792,2,v
2962,4217,43,a
1886,6329,37,q
7265,7289,29,f
7664,6934,17,d
1834,9271,24,j
7452,6928,21,i
2431,276,11,x
600,9516,48,j
110,6023,11,b
3196,1162,23,k
131,6790,39,j
5371,4615,9,l
9583,877,11,f
778,5385,31,y
3180,7667,6,c
4067,7219,48,j
2047,6399,6,y
7065,7662,32,f
3140,5088,18,m
5781,1896,3,t
3401,765,10,c
2183,6905,49,w
8335,3582,48,r
3893,5401,27,c
1305,1232,32,z
8372,8381,42,s
5742,7017,49,b
4731,4702,51,z
7565,6734,42,f
9056,4853,4,z
2787,6647,50,y
704,7524,48,a
5359,9217,17,t
3200,7339,47,i
8074,9226,16,u
3264,6704,3,s
2598,4176,38,x
9152,2314,11,l
4543,9292,11,o
3880,5323,4,p
7942,9066,19,h
9742,157,47,z
9712,5052,7,f
1560,2142,4,o
9986,4117,25,o
4696,2517,5,b
7204,8342,35,y
3546,5786,43,y
4068,4862,18,z
1501,3491,13,i
2602,5637,11,e
4839,9699,42,m
7911,6645,19,m
3953,1770,24,m
7781,1865,23,f
269,1835,32,x
812,365,35,u
2741,2106,43,w
1049,7436,51,o
5699,8148,42,y
44,9436,37,e
4612,7776,45,v
2044,4048,7,m
8814,6140,6,q
9615,1831,46,f
5832,7003,22,u
4505,3023,25,w
8782,1960,5,u
8565,2425,8,q
9043,8038,39,o
3287,5860,44,o
474,2862,43,w
3645,7017,53,m
6760,4691,1,d
4851,3334,37,r
3596,7966,9,v
2639,4000,40,k
9499,6454,18,o
1189,4567,50,t
5210,5121,32,o
141,5264,19,m
701,8687,13,u
220,7448,19,r
5421,2719,5,q
7223,6019,51,t
8529,532,44,j
2081,2896,11,o
6459,3344,24,x
5831,420,47,p
3981,8003,51,c
3790,7315,6,m
2476,9258,54,c
2368,4115,50,m
6271,8021,5,r
8092,9112,1,f
2437,3332,54,w
121,136,6,a
8288,6849,8,z
8245,5032,49,q
9809,2786,42,h
5806,3503,22,q
4190,2209,16,u
5737,8449,19,r
8653,9011,22,k
7648,9431,28,i
7910,1352,27,i
8153,287,24,d
7578,4502,38,b
3070,4438,9,s
9454,3623,6,u
6481,4965,47,j
7341,1618,7,n
6571,9405,22,i
9663,3846,43,f
1378,9776,27,u
129,3534,53,g
50,7529,18,f
9047,9124,1,z
4919,2708,38,q
5111,9755,5,s
8030,2261,24,w
818,8749,40,d
4306,4623,28,e
451,9656,3,l
2480,261,15,x
689,6090,49,a
4279,4794,5,a
6854,5742,33,c
3716,5289,17,q
809,3390,6,x
3480,3697,30,t
48,5695,18,h
6179,6797,11,w
6567,356,29,c
8944,7331,15,o
6616,631,13,t
4193,4247,33,y
215,5148,54,c
5306,5158,16,p
6943,6567,6,x
7053,7651,44,h
2163,1975,37,h
5392,7242,12,s
4712,4324,42,w
8261,8692,54,v
455,420,26,f
8999,504,24,g
916,6834,16,f
5179,7961,26,f
173,187,7,r
83,7242,43,y
3038,8031,50,s
3210,5536,14,u
3028,2211,16,g
2123,2631,11,x
1088,1181,9,e
4318,8591,27,u
1957,7615,4,z
3349,3012,9,n
381,1891,21,i
8622,4821,52,x
3003,841,6,q
9262,9147,40,m
3570,2050,13,e
762,3435,13,i
8769,7272,47,w
7678,9196,2,b
7062,1985,14,x
4732,4824,35,x
5483,7208,16,h
8420,4902,40,j
843,7687,5,m
1983,7577,37,r
4701,4949,20,z
1194,8137,34,f
3179,9398,51,o
1569,1449,10,i
5730,9020,45,t
9441,2571,8,o
2570,3560,8,g
7413,3334,31,d
1762,2725,12,t
6332,162,30,c
1831,8018,7,l
6408,830,46,c
4953,7193,21,e
7649,565,2,s
5199,4135,33,h
9607,592,48,o
1052,7763,9,h
3554,4788,48,q
7471,302,43,s
3614,1575,27,k
9890,8195,13,w
4471,5694,20,q
1674,3737,20,d
3672,1272,47,t
4446,9233,47,g
3614,1560,36,y
6743,6469,9,k
2978,8480,4,t
1204,5301,21,g
1915,6089,18,j
5018,6416,37,x
8209,5335,7,j
7306,3929,31,p
8426,4840,39,z
5044,5386,7,k
8038,5163,21,h
1559,7600,39,f
9498,3527,35,g
9739,9104,7,s
8162,2719,53,e
338,5618,36,y
9117,420,28,k
2544,1956,38,e
859,7901,12,o
4032,9940,14,a
328,9643,6,j
7187,3897,29,q
313,5481,52,a
817,3758,5,q
8609,1597,9,a
6846,6547,7,b
5075,8424,52,w
6849,5060,20,b
8197,2071,1,k
3291,6604,30,m
1636,3125,47,p
334,2109,46,x
5972,2300,24,v
4673,3774,18,y
5949,2483,43,b
6415,2741,31,k
9415,1802,43,v
8309,638,8,g
6032,4637,27,r
467,5126,53,r
6342,4274,2,j
7344,1713,20,u
6003,5798,9,h
9351,6117,50,c
3553,922,16,x
5000,6125,4,n
1855,822,7,w
1614,9018,7,x
9563,3068,34,h
5158,5455,7,k
4859,1746,25,j
3346,5857,25,o
6684,420,21,h
310,7028,38,b
8481,4500,33,k
6262,4938,9,x
8263,6128,35,y
68,7165,28,w
3018,7994,17,u
4273,6083,20,r
6572,9386,46,p
6757,8846,6,i
3881,2945,26,t
7452,4703,9,h
3277,7086,26,q
9367,1449,41,g
1974,889,8,a
9443,6588,2,y
8481,5229,20,h
5650,5109,19,i
3123,9869,14,p
8601,9939,40,d
8774,9105,25,a
4468,8504,7,h
838,3592,16,n
9442,6574,45,t
4029,1687,28,a
6353,1173,46,y
6231,834,28,n
4105,4947,8,q
3511,4772,52,u
3239,7732,7,l
349,6422,9,d
8135,5435,47,s
3295,9420,53,p
6641,6850,4,b
7764,420,57,e
6800,5686,23,h
3729,2453,35,l
5213,1732,9,g
3144,6380,45,k
6655,236,28,n
4962,8019,22,i
4494,7120,32,w
5701,7135,21,l
9871,9105,53,l
5419,1145,37,w
5217,7898,43,n
9788,3101,12,b
8523,8103,7,b
248,3409,15,k
5415,7255,9,w
6741,9773,32,i
9548,4573,2,r
4781,8582,4,d
8367,1864,37,j
6935,8370,31,b
6089,2112,1,u
6537,5297,38,s
2886,5258,7,r
7947,961,10,k
8730,2475,54,j
2606,1689,31,e
7628,420,33,b
8751,3457,9,k
4111,2941,4,k
5399,4168,27,k
81,4901,29,f
7014,7193,18,s
7216,1140,30,h
3769,8179,37,f
8233,3746,34,n
948,952,13,z
4913,3118,28,a
2975,7138,21,o
670,3148,9,y
4860,8592,5,c
6686,7991,49,j
1441,8844,15,k
6022,5932,6,d
3800,5747,7,d
895,4885,32,t
465,4297,43,e
4905,4948,11,l
5048,6561,52,x
5461,3650,7,j
8303,1483,45,g
6590,4097,3,e
5054,9831,8,v
4010,2429,26,s
515,3204,12,k
1986,2333,34,j
5696,8528,33,r
5798,6164,44,y
4536,2112,2,r
616,6003,3,j
9605,2517,9,q
8192,953,53,o
623,1142,14,m
5953,8226,50,f
951,2659,19,q
7202,2120,40,d
3058,287,20,k
5271,4778,32,x
9343,2185,1,x
7227,6141,52,k
157,140,34,t
753,1882,49,e
3039,5303,37,t
3232,6090,22,a
4796,9691,37,a
968,9165,5,b
9769,420,53,r
5862,9585,29,g
4702,9744,28,e
2483,5486,11,p
5086,4266,14,e
9051,8192,17,v
7136,158,42,y
7986,2301,8,u
6556,8986,35,p
4910,701,36,g
5276,73,6,i
5800,9047,24,b
7819,7833,24,o
330,4185,16,h
7088,1000,16,j
8577,8768,52,o
511,9990,24,f
2494,5539,45,q
6514,3762,1,g
3059,337,4,o
3357,8511,36,d
8651,8207,17,a
8988,1818,14,p
1741,918,53,b
6481,9242,4,z
7778,1267,30,n
416,1509,31,f
3523,4923,38,l
228,2209,10,m
8178,864,29,p
3284,9270,53,u
4048,2572,32,q
1677,9908,12,h
9880,3703,39,y
7242,6217,47,u
703,2664,9,b
4845,3982,34,i
2286,6029,37,h
1525,420,50,p
386,9921,52,q
7540,779,35,e
5657,9015,26,z
6064,5165,12,y
2705,9125,6,e
7014,6638,18,p
2218,1910,8,a
4169,869,16,t
5302,9870,44,a
752,2469,22,b
2957,9281,10,p
5444,271,27,r
3366,3514,35,c
1207,7722,39,g
4031,4912,45,l
8922,7436,51,e
5897,8705,12,z
2327,8236,4,q
9717,6281,13,k
9303,742,28,k
4616,5529,5,l
7795,3821,52,i
5835,5398,15,v
9388,6278,34,b
4353,9769,27,v
7095,901,18,o
4996,2257,46,i
152,2034,37,s
1022,8478,34,q
2071,2906,4,i
7747,1382,3,u
966,5922,21,s
8002,6916,3,o
8270,9033,40,o
9810,7552,5,z
3776,901,48,b
8825,7365,6,j
9494,420,34,t
8895,8280,44,o
3321,195,46,v
5083,811,18,s
7901,6578,17,a
5125,2843,7,u
9620,4071,4,x
4028,9340,17,y
341,420,39,t
4801,1197,36,z
7004,1671,42,d
9213,8269,48,l
2847,4334,8,z
6938,9396,24,k
3402,3694,25,b
8375,9446,19,f
4715,5894,31,g
4141,8015,24,e
9866,4673,5,n
5240,1342,3,v
7264,1252,34,k
6249,4186,19,l
3980,6990,5,s
2970,420,20,j
7510,4214,52,n
1260,1888,44,m
7165,4671,12,b
6009,8156,20,o
1989,6503,13,c
8288,8579,26,e
6888,9204,16,v
4426,8711,5,a
3515,1604,10,m
8275,4870,33,z
1204,865,43,h
3960,15,38,o
3291,6062,37,i
158,164,29,j
8980,1348,17,z
6586,679,24,k
9186,39,38,j
1005,4885,52,h
4754,6428,10,t
3222,2037,30,y
9934,8337,38,y
1276,6015,54,f
188,4148,41,x
9376,4943,10,x
4709,3718,5,z
7453,1425,2,p
7288,1544,17,x
7779,1896,2,q
5728,8538,2,u
8066,42,51,i
1075,2685,1,r
8004,3738,28,z
8763,1728,43,w
7434,4717,54,b
420,8505,46,y
9950,4742,39,u
3795,507,30,z
6490,2716,8,f
7087,148,44,j
6839,1748,7,w
5197,7302,1,x
3789,5132,24,x
6155,5553,4,b
7114,5980,23,y
4191,1292,17,o
2087,2388,8,g
7828,95,30,y
6349,9220,21,b
732,4994,8,t
4345,7519,20,u
4101,5623,8,x
105,3580,15,z
9506,2635,5,w
5662,7166,20,g
1790,898,2,g
1992,8869,4,o
1293,3349,47,j
2085,4523,7,u
5632,6097,37,d
1587,7271,24,r
5961,9367,7,a
5736,566,14,m
8310,7873,10,s
2880,420,45,n
5805,9608,26,c
9351,3293,14,a
4013,8803,31,e
8394,2206,21,g
305,5610,21,p
2716,9774,19,k
1111,103,54,a
2179,369,2,w
3573,9046,47,e
9451,8178,6,i
1028,7261,1,y
5786,975,21,d
9299,8768,41,k
7267,1938,5,b
8274,9298,10,a
4937,9444,20,d
421,6177,18,n
9832,6027,46,n
8993,4176,51,f
6666,6042,30,i
9326,7179,1,n
5935,1850,1,w
567,7465,9,y
1568,7238,48,v
3457,7471,6,s
4159,7116,3,x
8943,420,57,j
2044,18,35,s
1411,7889,9,n
1509,5783,29,a
8882,7909,23,m
9771,538,5,v
9371,2088,4,f
8136,3375,28,h
8040,5434,24,r
442,2130,30,c
6883,3349,26,i
5743,3456,35,i
9791,2819,3,y
5334,7715,21,n
5769,2271,5,n
7859,4376,19,k
4520,9291,53,z
4126,9923,2,h
4218,348,31,s
5536,8850,25,l
54,8765,23,j
2009,4793,9,l
6039,3330,6,m
2558,7517,5,t
3678,4823,22,o
5638,3752,24,d
7784,1721,48,d
2001,3020,29,d
405,2357,9,y
4496,9951,11,e
2019,8630,37,w
9458,3570,24,b
7936,9694,8,w
6626,4864,24,u
3393,1819,50,o
3952,6531,49,a
8796,5867,38,h
9461,9024,38,r
6312,7920,9,g
4034,988,40,t
9788,8175,52,p
1645,6564,20,p
4927,1262,9,k
4492,2078,8,k
8262,7424,14,v
8903,9354,14,f
9021,87,45,x
4641,878,50,d
2037,8348,35,s
3964,8251,38,e
4742,4548,27,n
5863,2043,30,k
5822,8084,8,r
2518,3166,1,h
7394,2194,4,n
6184,7489,9,e
5978,4933,33,f
2980,5772,27,x
9876,187,48,f
8757,6387,9,g
769,7463,29,t
1925,3018,29,o
4756,1142,39,s
1222,829,8,f
4285,8221,2,u
9193,2423,22,u
1158,5816,23,a
7369,1306,21,w
2852,7105,42,r
5195,8067,4,k
3243,6714,40,f
7063,3455,14,c
9852,5845,35,m
3887,2247,7,n
9694,3190,30,m
3954,6336,25,m
3723,8349,47,d
2520,3438,38,x
5228,780,8,t
9815,9883,2,b
2646,3073,49,e
9627,9433,53,v
5563,9902,41,z
7085,7303,8,b
5628,1241,9,i
7955,4592,39,m
7590,8321,15,i
2205,3865,8,h
1782,6089,9,d
8157,2193,10,p
3114,3036,25,h
7669,8761,3,g
7084,7036,47,f
6215,4268,8,h
4693,9834,6,h
3843,3553,9,u
2082,8655,45,m
3066,2100,34,q
6270,6962,16,j
8862,5279,5,m
4202,6737,3,i
4590,641,16,d
7876,1440,47,k
224,6475,9,k
9151,8584,40,c
3584,7876,32,p
3779,3227,8,e
7635,3067,51,z
2684,4872,17,o
1113,855,37,k
102,8129,10,r
7249,9514,53,i
5779,8414,50,t
4884,3238,8,x
5460,3116,16,j
8917,3222,12,h
8284,2688,15,b
8816,5825,9,d
5126,2520,32,u
6237,3106,9,l
5887,211,8,i
1,256,6,l
8665,3898,40,z
7146,2263,52,l
7962,6190,5,d
9688,5569,48,x
5201,8270,49,m
2898,6476,8,p
4130,2777,39,i
6812,3573,27,n
2494,8021,11,l
8793,7161,4,x
9162,6236,3,g
3417,5539,12,z
1513,8454,37,o
3970,7149,18,g
8086,420,60,p
9431,7346,7,p
7504,4839,52,l
3172,8441,3,r
6159,9588,29,i
2093,7592,34,s
2349,5831,22,c
2765,4519,47,v
2876,6500,39,i
6988,644,19,n
5645,718,5,y
8461,6551,41,y
5734,5456,23,u
8120,4422,34,x
3684,8427,22,m
901,4512,2,e
6621,3797,6,w
91,8806,20,e
2659,3775,1,s
9639,7756,21,r
4538,6611,2,o
560,1963,33,v
3872,7643,5,h
8590,7009,36,k
7925,9547,48,c
9593,5301,30,z
1228,8659,19,u
2622,5703,43,c
5005,9515,29,l
2743,95,5,j
6240,2469,48,g
6916,8335,17,v
8175,5396,9,a
341,1578,12,a
8577,7113,49,p
6900,5614,37,t
5082,420,62,f
7734,420,67,b
558,5243,14,y
6237,2342,5,h
1933,4931,1,y
8154,7246,15,n
5094,9600,21,z
566,8210,26,z
9804,834,7,o
5807,4262,7,t
6359,6164,19,g
6277,420,41,b
599,9270,25,x
1421,4584,2,e
7604,6764,5,r
8702,2417,52,h
9294,9594,34,b
1113,9368,17,b
9884,7263,40,z
4138,9288,5,z
7764,6436,8,a
3838,4098,4,c
5779,7221,43,a
9723,3018,14,c
1118,2680,29,w
8549,5003,3,o
9380,7692,1,l
1350,1907,27,s
6132,2678,8,j
9981,7629,5,n
9025,3465,49,e
8323,4050,51,l
8877,3209,23,a
6348,3056,1,h
9183,379,8,l
6902,1159,27,y
8466,1732,35,f
5158,7573,20,j
4775,2324,23,l
2278,4374,54,x
1313,3446,32,f
8943,7830,52,x
9627,8432,26,p
5480,7936,50,x
81,403,35,q
3818,3352,17,q
8465,3879,24,f
6955,4346,49,d
824,4424,30,j
9022,9280,31,o
5851,9723,18,g
7975,3034,23,z
5388,6835,8,r
281,6249,14,w
3455,7597,38,d
9934,2809,6,u
2337,8850,22,l
291,1239,6,z
6605,3682,2,f
2540,4480,33,v
9123,4607,42,h
4691,210,8,u
2295,8899,25,m
9948,2820,17,z
7557,5808,40,q
3566,9441,49,k
5256,1832,9,d
9290,2648,9,j
2860,9344,4,w
4934,9972,46,w
1883,7916,7,p
5102,2182,10,w
4992,4801,54,u
2602,3750,44,z
8836,3580,19,x
8116,9833,40,u
2349,420,37,c
7339,9112,50,w
3296,5949,42,g
3722,6923,18,m
9645,8302,23,y
9944,3823,12,z
4675,9626,49,w
7849,9495,50,j
5689,1236,12,l
1940,9759,15,d
4689,242,22,p
4694,5397,29,u
2981,7968,41,f
6294,613,2,c
4312,2845,5,f
7546,9486,5,i
2907,1678,53,u
6412,6454,6,f
3352,1420,16,d
9707,285,10,r
9917,6823,34,w
1787,2908,4,h
8698,420,40,e
2078,7274,34,j
4352,7208,15,p
2862,8781,20,f
5166,474,32,z
9939,6844,38,g
98,3860,41,y
3523,4317,45,x
8186,4005,43,w
5733,1473,45,a
6231,8954,16,g
4109,8946,40,a
806,7410,9,k
2475,6221,25,l
6012,3523,10,j
6285,2423,9,w
1933,6848,3,s
4703,5265,19,x
2727,8270,20,p
5995,2637,38,c
9435,2249,3,y
7628,3221,14,t
8327,6841,32,l
7227,3604,25,v
4199,4944,23,g
3907,3816,1,h
4139,7397,12,o
6696,4908,40,z
516,7586,3,j
6358,7871,43,q
8328,2825,29,w
6393,1355,45,e
9627,7631,4,e
8688,2609,5,y
7377,2644,12,v
7219,420,21,u
591,3596,8,j
2053,9224,46,a
6597,770,31,w
6988,6552,2,i
131,8809,9,s
3077,828,6,v
119,8304,29,t
2962,9175,7,d
6270,9083,35,a
2019,6969,19,l
3536,5746,27,b
7587,792,7,n
6551,4678,26,c
1163,1668,2,s
7555,3514,35,o
1882,7420,9,w
9093,2253,51,q
3154,420,32,c
4867,3648,30,w
1287,2454,34,x
806,9671,16,a
4630,6734,51,y
1203,6482,19,v
5105,3374,31,t
2745,3673,49,n
1626,6176,6,p
2606,7677,13,s
9015,3916,51,a
3440,4207,1,c
705,1831,30,z
6459,1603,12,f
325,3748,33,y
8824,4256,31,h
8885,4765,3,u
937,9414,7,f
5993,6379,5,h
2066,8256,9,f
2627,1794,32,m
5565,1907,41,c
397,7512,50,d
538,2804,19,y
514,3465,13,r
5608,8876,18,p
2956,6407,7,l
195,8815,46,n
5689,7317,20,c
9297,2922,18,x
1405,1856,32,f
9839,3872,13,h
8793,7767,31,a
5849,7867,9,p
2441,9588,9,t
779,9628,38,w
3035,3346,28,p
8201,1695,37,s
8102,5780,36,r
6456,4808,34,o
1491,964,33,g
7885,420,50,l
8027,2160,17,k
6016,2928,40,e
8475,5784,34,b
6669,6683,41,y
3237,420,40,y
3216,5234,45,a
7286,377,29,n
3427,9839,14,w
9468,4572,22,y
3152,7997,2,p
8275,355,42,a
5183,118,45,s
2393,9474,12,c
5384,1107,23,v
7403,9882,32,v
6671,3104,51,r
8050,9976,2,a
8347,3293,3,h
3077,9668,54,f
118,9564,41,x
82,8195,28,o
4424,1810,14,m
8348,6247,44,y
2516,7310,49,x
4605,329,7,s
6345,8255,31,s
930,5131,52,d
3753,420,55,u
6067,6647,11,n
2743,1799,43,e
577,6515,5,y
7972,1549,6,g
2003,1723,21,c
2990,2218,28,i
6604,454,9,e
5813,1402,2,t
5721,5814,53,d
402,7747,42,w
5213,5,3,l
4260,2248,49,x
187,207,2,s
8639,6475,26,f
7695,431,4,l
5681,282,6,x
4228,974,47,d
8946,8695,49,n
8574,1153,5,r
5899,1135,48,g
9280,9270,37,d
5171,4502,6,g
2054,3881,18,c
4540,5436,43,k
75,7284,10,e
4180,445,3,p
5321,9477,25,i
6222,1496,46,p
8962,1386,42,d
6489,9764,8,e
1822,5990,2,u
7133,6798,39,y
1564,3267,19,w
8884,100,1,b
1546,8308,52,h
4723,7122,17,l
6760,4835,25,l
9711,1095,34,h
7959,3583,2,a
9021,7920,24,c
1750,5753,6,g
2377,8957,20,c
5637,2079,3,r
4033,9564,50,n
2661,1300,22,v
3018,1895,30,t
6908,9593,1,c
9704,2030,2,q
751,1632,14,c
3257,8660,26,j
4557,8833,9,c
5877,3431,26,g
2494,9437,4,c
6140,4484,40,j
3519,4819,49,k
2358,6507,17,u
6927,8875,14,k
3022,6253,15,x
2355,1659,43,y
2270,2506,38,b
1404,8681,49,o
1011,4943,11,o
7655,4668,10,g
2362,2480,44,s
3843,2208,17,z
1484,7426,5,x
8758,6247,42,b
5911,1852,3,j
8048,5986,18,n
3259,1250,25,n
9279,3771,19,k
9575,4549,41,o
982,7389,9,p
9742,8524,7,q
3857,2289,17,t
9650,2623,48,e
7446,470,42,r
7545,7345,9,z
9402,4266,3,h
2052,2233,49,v
5630,1544,10,h
6921,786,54,k
837,3213,25,b
3307,4565,23,a
9178,6040,22,s
6177,2008,9,w
5318,2733,42,b
957,6656,9,i
6543,257,50,e
6044,2361,8,k
1927,3818,44,e
1432,4299,10,s
6484,2069,19,t
193,5145,17,o
5455,3154,36,r
20,9353,51,t
9983,1384,31,t
369,8442,8,b
209,3294,7,x
9400,7590,19,l
6387,8134,16,y
1089,4241,31,t
9547,5877,5,t
3104,4020,36,r
3316,9085,11,u
7933,5217,48,c
7254,8656,37,c
4205,7077,14,s
9908,7872,46,z
1599,4682,12,t
3834,3986,30,f
6729,7021,38,a
5150,2415,17,a
7172,9818,36,k
2548,7283,16,w
3084,8912,48,a
7032,5226,31,g
2049,2995,6,i
9468,4623,46,d
5800,9009,38,i
5751,8126,19,m
5342,2114,3,d
9189,907,11,c
2819,9657,2,s
6819,3920,33,h
1507,7400,9,x
3666,7304,51,q
9767,5545,22,o
2787,999,5,a
7998,958,42,a
3319,5670,27,u
5632,8480,1,w
6008,8607,6,y
1990,420,42,t
4609,9879,14,f
7063,6338,44,l
1897,8506,41,l
5116,7369,6,s
1961,7515,27,c
9084,3182,8,e
8114,5179,3,m
8047,6133,47,k
6359,1393,20,a
5485,969,39,u
819,4313,29,g
4222,7672,54,c
3381,4429,21,h
5529,535,36,h
2600,3990,48,c
7469,1246,44,q
7056,1284,42,z
8567,4835,13,y
9666,7393,38,v
6255,420,31,h
9095,1758,15,x
788,6776,20,n
4292,2995,49,p
7579,6169,7,u
2762,3154,3,j
8053,3409,10,s
4784,5367,44,g
5261,9624,35,r
3510,2743,32,x
6696,420,47,i
5982,3290,7,l
9252,3001,49,g
1178,3218,44,w
4566,2798,7,o
1578,3168,3,n
8684,420,22,y
2326,5218,50,s
6289,893,49,y
2676,3018,24,h
2005,5957,2,x
177,665,42,a
6526,4838,38,l
569,2529,26,k
6229,420,54,r
7390,1572,24,b
8760,4493,9,t
9223,1567,54,g
960,9033,19,j
264,1383,3,h
497,2630,5,u
3666,8661,47,k
8737,6816,14,b
7693,2114,17,j
5250,4057,2,j
9940,9474,7,t
8400,5386,41,l
1664,420,50,s
3886,8423,38,o
7548,5639,40,k
3922,4849,28,m
5440,3159,7,w
6276,7014,2,t
8864,984,27,t
693,5687,9,z
4026,9876,11,k
6771,5368,36,u
5477,8305,28,s
3742,9078,9,s
8755,5084,2,b
4690,9025,52,w
7344,9428,21,i
9814,5222,45,z
5553,4609,35,o
9741,7142,52,b
7690,9228,14,r
9132,5061,33,d
998,5137,31,t
6718,6445,1,b
8357,4549,36,i
6423,4192,46,n
9647,5908,41,y
2831,1048,5,h
7751,8743,35,s
6550,8802,13,p
76,1768,37,d
6502,9389,27,a
9857,4555,28,x
2949,7360,44,q
7746,7231,5,u
4790,5079,3,k
8788,4230,47,q
5439,8017,32,r
9230,420,48,o
7149,6034,5,z
3437,10,34,e
7719,5565,53,e
567,547,18,t
2748,7413,3,r
8140,5183,4,s
7262,9049,1,m
9455,473,45,j
6620,6936,41,l
7427,1014,6,t
4856,1061,34,o
8276,8842,33,u
2143,3614,34,h
5883,2963,40,j
9295,861,11,h
9728,7373,6,q
4890,7402,4,f
8619,5539,25,f
6985,801,17,k
2955,2555,3,g
7522,9833,27,v
4495,4869,41,t
218,6352,4,c
626,1328,16,j
2434,2997,3,l
1773,5108,7,w
816,2281,14,d
4804,5450,46,h
689,1526,22,n
7758,2640,10,l
5218,5962,2,o
6367,4688,2,u
9396,2145,9,p
1799,7996,2,z
3501,9138,17,r
6748,2148,26,o
420,469,37,w
8985,8852,19,n
6292,8789,18,w
3815,306,52,a
8436,1587,27,n
2457,2195,17,a
5093,7716,17,t
9085,6496,14,b
3456,2457,53,i
8434,5507,6,f
377,8014,18,n
643,4118,7,h
8817,420,39,w
3233,1014,21,a
8599,204,44,u
5513,8833,42,w
9109,8000,26,b
5681,7371,16,n
6626,6098,49,c
8295,3293,30,j
6943,4538,20,e
7668,4120,1,x
7370,6905,17,h
1173,7296,6,p
9117,4528,6,g
2056,420,31,x
158,4521,6,n
2812,3864,24,c
617,8635,34,m
1979,9460,48,o
8020,6809,4,n
9964,7759,25,s
4931,4941,2,i
9269,184,23,l
293,4255,7,h
9448,9543,9,p
7552,4081,16,j
7705,4688,5,k
9881,879,33,r
205,254,1,o
4269,7069,3,g
1621,5244,23,v
3082,5492,53,j
4882,2413,28,j
5674,6311,54,r
8526,4949,19,a
5101,4736,1,e
3168,3869,29,b
3682,2899,5,r
9775,7803,8,d
4618,4512,26,p
239,420,1, 
617,7292,26,b
4719,8764,1,r
8418,2382,33,w
58,2756,17,z
2424,7918,30,g
5274,5955,7,v
6814,4419,38,u
3045,2474,5,t
9665,7370,21,q
4596,839,47,k
7897,591,50,b
1501,3730,3,d
4018,5268,13,w
2457,6169,54,u
6528,3277,38,w
2500,5378,17,s
9436,8038,40,l
2986,2497,31,d
5945,7138,31,n
5084,3596,38,d
4138,9684,8,i
3895,9108,22,n
5398,420,50,m
8613,9196,23,e
9428,1140,54,i
6177,1315,22,k
5650,2421,25,c
5237,4674,13,k
7752,7161,13,k
3467,6753,3,m
2167,1689,8,l
8017,3644,53,w
8640,9617,2,k
3531,530,8,k
6026,6627,3,l
651,6215,13,c
6307,4233,40,a
9513,9896,15,r
4706,5512,47,z
2323,2325,9,r
5892,4771,14,l
1567,3999,21,j
2588,5373,34,a
3513,8250,17,e
2198,5461,16,z
6967,7178,26,o
1607,1797,5,i
3681,2820,6,r
6758,2072,6,s
2583,2499,23,d
857,6088,9,f
7519,5504,29,b
960,8054,53,d
7814,1731,36,q
4634,1666,5,z
5980,2820,15,c
1452,6270,41,a
4399,5388,28,z
7829,6751,15,m
460,1628,48,w
7527,3845,37,f
1537,1399,24,g
2961,4713,8,v
507,4679,34,z
5320,1189,11,l
5166,8881,40,s
4642,8401,2,k
8471,6456,54,t
9749,6370,1,e
1271,4666,10,u
2956,5175,8,d
4541,348,1,r
8770,8176,27,w
6988,1750,27,p
5236,5141,38,k
8759,6825,48,c
6724,8969,9,d
2949,1373,9,q
6903,506,33,e
9632,3031,7,c
992,8276,9,h
8301,8155,2,s
4477,776,49,k
1256,6566,47,a
5058,4938,32,a
6936,1638,7,y
8602,2616,28,d
3256,7969,13,j
3041,1652,24,y
5853,2231,6,d
4730,5694,54,o
6409,8833,8,z
5563,7448,23,a
4418,4489,4,n
866,9284,13,v
8095,2153,6,c
4936,294,6,h
4079,5712,40,k
5586,6559,18,d
3078,791,30,m
7806,8968,26,a
7359,2286,6,r
2705,1547,1,j
5630,1346,32,y
5002,440,51,n
9651,30,31,f
7133,3934,14,h
5461,9431,41,w
6284,6095,41,u
7903,6721,31,z
3506,145,14,t
571,577,33,u
7016,9690,47,n
402,424,7,f
5624,6623,26,a
8917,33,24,a
7704,8135,45,k
8592,9055,46,e
4087,9481,50,x
1352,420,69,i
7657,6213,4,z
5777,9319,38,u
3320,8309,16,r
992,7941,18,k
3270,3821,6,h
4956,809,13,u
5347,7852,18,d
5798,3083,2,w
3800,2060,44,m
9622,8902,33,b
356,2778,7,r
4246,3364,38,l
5028,3261,18,c
1110,7253,43,a
3630,3311,20,d
8403,409,37,c
9683,6537,1,l
8671,420,20,w
1189,894,21,c
1851,4121,34,w
6359,3940,20,q
827,3086,41,y
586,3956,7,n
1536,8835,44,z
4844,4217,21,z
9341,5693,22,w
9448,7583,49,p
1936,5101,34,f
7586,3912,24,n
1081,420,20,v
8307,5278,6,g
3713,4923,53,y
2136,2856,27,c
3440,2160,6,e
6370,6280,43,t
7627,2676,44,s
3415,1344,4,v
8162,1634,16,g
2840,2484,5,c
8636,5702,1,l
2171,1924,7,p
1706,4400,33,t
2867,1562,50,t
5778,5255,23,s
9190,7240,9,e
1608,4920,26,v
1094,5954,15,h
5000,5370,7,f
9895,617,9,p
7273,4296,5,c
9348,3761,6,u
3817,8764,9,s
3433,9037,9,g
8627,2490,50,k
7482,2946,20,z
1479,8445,33,i
1623,1488,20,v
8161,8481,31,v
4942,3590,39,v
5485,6382,10,b
8328,3728,5,k
8425,7267,5,a
1543,9334,50,q
7905,420,42,j
7031,694,6,m
6740,1063,5,u
4690,7169,11,j
1211,9382,5,k
5485,667,5,z
5544,6730,49,r
5680,7298,4,x
1371,7176,10,u
5353,1686,16,j
4082,2522,50,t
9565,4094,50,q
1726,9731,43,e
2371,3657,25,o
1615,7144,49,l
2485,6806,33,g
3952,3937,48,l
8683,9923,1,w
6887,8355,22,t
6646,9811,7,o
5949,6780,23,y
9164,4457,15,q
9743,4093,28,z
7554,420,67,n
3191,3269,52,p
1108,5047,1,d
7255,7675,21,s
4930,8230,45,n
5812,7151,30,n
8887,7011,1,f
1524,420,32,g
7566,9718,6,l
2150,7071,23,c
1522,3653,23,k
6480,3489,31,h
7501,7365,43,c
6834,7481,10,i
990,7930,25,w
6175,2823,7,g
3561,4448,8,r
8409,5301,25,j
4405,952,45,k
6526,4636,7,m
2896,6737,54,q
48,1638,48,e
1536,4809,11,i
5418,998,22,w
9193,7529,7,e
7677,3821,18,z
4596,846,3,m
1327,7688,9,l
9750,8784,29,e
1659,4132,33,e
167,7454,11,p
2014,9061,16,f
1417,9659,36,v
1735,1505,24,h
2459,415,46,a
343,668,54,g
6524,4634,8,l
6170,7297,7,g
4717,1475,7,f
91,6354,39,k
9584,5891,48,b
240,6880,26,b
5379,1965,10,m
1927,4832,14,g
488,9749,54,n
8893,692,48,j
6650,4768,48,w
1996,6932,7,g
757,2847,6,z
5345,7104,5,d
9013,8607,43,p
5897,8895,15,i
4799,6908,3,m
4182,6192,22,o
5731,4682,38,w
2144,2176,6,r
7903,6799,40,f
2279,3184,20,n
6523,1022,2,b
9256,1668,21,l
5400,672,40,h
9451,3704,48,z
1196,9159,14,s
7146,867,39,n
4703,524,1,m
4450,2792,37,b
9268,5785,37,u
7405,3267,46,y
7182,9980,11,t
1834,2451,18,k
5122,7590,26,b
9989,8930,4,h
6802,9552,47,c
5018,8915,40,j
347,9103,9,z
9649,9055,41,n
6929,8807,52,h
2498,6064,26,y
2167,84,36,p
7388,4128,3,c
1917,9948,51,h
1686,4998,39,v
1471,7457,9,b
8061,8087,2,r
6380,1742,23,w
228,1008,39,r
8298,5836,24,h
5863,1551,3,t
8043,4622,8,n
9677,462,23,w
3415,1246,33,s
8529,3099,6,k
8168,594,28,k
5280,364,9,v
1500,5426,14,b
7132,5903,3,m
3152,1717,5,w
3451,1408,3,d
9009,7021,30,x
4214,5209,5,f
2585,4955,3,w
8677,7241,35,m
8535,6809,14,p
8638,8282,12,x
8009,9055,28,j
9838,420,44,u
873,6772,5,d
251,6054,15,a
1790,4692,47,i
4392,2989,7,v
9575,2124,20,b
4285,4977,1,s
9159,4157,12,n
991,683,53,n
1137,192,6,c
6899,8190,29,k
2214,4745,44,j
3823,3141,26,a
9025,9039,38,t
7353,7999,3,j
1223,3981,48,t
3555,6089,2,k
2522,7043,30,r
1032,5852,7,p
2908,2601,44,j
7820,2912,1,d
4861,9950,36,e
4737,5434,12,a
4827,9477,38,k
6127,4901,30,o
2278,6915,21,h
3208,2045,3,j
3617,3991,13,f
4839,8941,46,i
7451,7897,38,y
2662,1256,27,a
4875,3162,43,m
1026,67,45,v
5629,8108,13,s
7581,1518,21,d
5392,8666,41,y
8284,1774,12,e
2537,2564,25,r
8385,8665,7,u
817,4608,29,l
4034,1741,52,t
3086,8843,51,t
4290,397,43,l
3689,8934,9,m
7558,7200,42,u
2676,6139,44,x
8721,5315,23,m
7058,1006,7,s
7250,7056,25,q
4620,965,43,v
6688,6289,42,k
8274,9827,31,m
8288,7783,23,f
9543,6571,21,m
4886,8867,37,i
478,6290,12,v
7994,4254,36,p
5191,5265,29,v
8399,6450,49,f
1184,420,24,p
8335,169,6,b
8092,8707,24,i
3694,9642,42,u
9333,1415,27,l
8133,420,28,q
449,1850,38,d
1393,154,21,c
5975,6231,12,u
9626,3729,19,g
6732,2611,16,p
8113,1675,43,b
6479,2415,33,f
9665,5622,51,p
538,9115,21,z
3481,5468,43,c
3669,5534,6,w
3633,2525,6,b
8670,1691,10,o
8211,7195,3,z
6696,5032,8,z
9520,1617,20,o
5606,2503,21,k
5731,1962,18,p
2185,9270,13,u
302,9700,46,w
9600,8285,51,p
688,7279,3,e
2440,8786,33,c
9291,485,12,b
9824,1101,16,w
4246,6008,5,a
2845,1730,7,h
8619,4919,37,b
9161,4516,1,w
6351,7855,23,s
7688,2898,1,s
9367,8246,36,f
4350,3969,1,e
5469,1919,3,m
6199,9599,34,t
8582,3649,5,p
9026,602,31,n
4188,1815,23,t
9529,6781,4,e
6830,5677,3,h
5759,5224,43,g
683,3538,47,s
106,7670,44,w
8107,9069,45,i
6356,5377,44,u
2462,1140,29,i
9025,7307,3,f
9414,243,37,f
8469,8065,6,z
829,2761,52,u
5783,6631,42,u
7794,7675,8,r
2812,3192,7,x
3332,9916,42,x
8065,5001,6,q
1001,7856,4,o
9650,2938,17,e
1899,2026,51,b
7210,9798,40,k
600,6658,39,y
3583,285,25,i
9156,2199,8,h
4427,9892,37,o
6282,420,28,h
2160,3587,15,z
914,5408,40,e
3417,8881,44,o
2068,8131,7,i
7408,8279,14,x
1558,8599,16,g
2135,285,28,u
5022,1114,17,i
5776,3386,48,p
7965,566,5,v
1925,3238,5,r
9604,305,5,m
9689,2385,54,y
1924,7146,28,g
3382,4264,39,q
3570,8302,41,d
9722,4121,6,m
1209,8182,7,j
8660,2470,8,o
7968,7036,28,w
9463,4328,10,i
9577,7988,7,e
3289,9520,8,y
1255,2270,52,b
8848,8330,54,u
6078,3730,13,o
6990,4865,21,c
9450,4540,10,q
4446,8066,6,r
4880,172,7,l
746,121,43,r
1326,2672,29,g
4488,4654,5,a
2270,2282,1,l
5154,9804,45,m
9931,2244,5,v
4125,6222,6,j
6268,6656,49,r
6925,2600,32,j
697,7520,7,r
3160,9266,9,l
2837,1578,6,t
7534,665,47,u
9907,8365,46,o
9644,3405,50,e
2841,6980,41,d
6382,8083,16,s
2712,1454,43,x
5693,4717,27,j
6941,6641,20,r
1796,6562,22,e
188,8200,21,a
9099,1309,49,d
1961,7576,7,g
7065,457,14,n
6912,5426,29,r
2362,6049,52,t
3059,330,10,w
9502,1048,31,x
9783,4589,25,p
1358,3044,15,u
7977,5738,3,z
8889,8940,4,b
973,4856,9,a
7797,637,39,m
3419,420,59,h
2942,4820,7,o
956,947,5,r
6140,7635,41,a
2576,2929,7,s
483,4333,8,e
2472,596,6,t
324,5908,25,y
3072,510,2,j
6766,7973,49,i
4388,7982,37,i
9223,5733,31,k
1891,3510,2,d
6683,4204,13,y
5640,3042,47,o
383,9713,20,x
1598,6509,44,q
8705,7908,21,t
999,7565,46,v
3087,9012,9,u
3625,1054,8,s
6124,420,60,u
6124,5701,20,n
774,4645,39,p
7916,7767,41,s
1512,665,5,l
89,1898,15,z
8389,8052,30,r
9879,8015,16,v
7494,6078,8,i
1877,6343,36,r
6062,8031,32,s
694,4125,51,i
2895,2410,6,n
7140,9289,50,k
1221,5566,18,o
3941,8135,14,w
4936,3690,45,y
9877,8524,2,c
1270,8399,37,j
2921,4523,20,h
5874,3211,23,g
4399,1006,44,n
4003,6937,41,p
658,5630,39,k
1132,3928,48,n
6221,5328,9,j
1075,3315,13,f
6922,4381,46,a
1490,9122,31,e
2141,7520,1,m
6662,4446,31,m
5032,211,40,w
2291,4517,9,i
2700,781,9,e
7731,8720,29,w
2166,3094,42,c
8444,5536,1,s
8321,831,53,e
887,827,6,y
4002,1606,2,p
6630,7829,39,s
2210,7734,24,m
8274,4223,40,x
1629,1061,37,w
272,1774,10,s
6900,3856,23,e
2804,8048,44,h
8253,5153,20,l
4645,1794,47,y
8472,6082,19,p
5176,390,2,g
4297,3297,5,c
7553,5967,31,l
6905,8625,9,l
4580,3883,54,j
8442,7582,42,e
2287,9367,14,r
7668,2087,29,i
3335,9267,52,t
215,3900,47,n
1662,5872,9,v
151,9827,38,f
2250,1274,41,l
6149,202,3,x
5163,7933,9,i
7466,2444,12,u
1463,5119,28,e
3383,2857,44,c
9119,5135,4,i
4491,9093,32,e
8350,178,5,e
401,8852,21,q
2074,8720,17,c
7550,3723,3,l
2138,3279,13,o
4329,272,11,g
3208,1439,41,j
6319,2975,53,k
7702,9598,38,w
6938,420,39,d
9757,5366,9,o
320,8430,30,o
4811,6031,5,c
9892,617,6,e
4132,1975,2,h
7188,4921,33,d
9883,4434,17,v
6382,7141,37,l
4194,7782,14,w
4144,4686,1,g
6861,3402,43,z
8325,2436,11,v
7636,9904,7,y
2759,4147,36,p
8516,8619,5,h
3279,8037,34,u
919,9760,23,o
5470,2959,6,t
8785,2494,22,d
8622,4424,34,n
7871,7724,19,e
869,9572,31,u
3757,420,65,d
1972,3045,1,z
7022,6603,51,b
8096,4889,53,o
1035,9487,11,u
4653,2112,48,x
1875,8481,15,e
3968,898,2,g
4885,2501,38,m
615,7803,7,a
7393,3099,20,n
3050,897,23,u
3841,5902,33,h
6948,5301,6,v
4823,4528,18,l
733,9653,14,d
2148,1028,39,f
7673,3325,6,d
9919,5049,5,w
2596,1989,23,k
2654,9428,9,u
7865,645,10,m
5775,1422,36,s
5345,5713,52,a
9373,6629,8,b
9829,6748,17,d
8458,90,53,y
3480,8831,43,k
3029,5315,2,a
298,420,48,j
4080,5247,6,g
9826,9702,27,j
1691,1432,42,k
4362,4988,11,d
6758,4611,51,i
7336,420,41,i
82,9789,46,x
5795,7105,35,e
6194,6736,46,j
3695,5426,41,r
1038,3541,51,y
1871,7444,48,d
2169,6943,50,v
9967,7075,36,k
3914,7558,34,m
8974,4744,48,v
2257,5762,40,w
7761,308,6,k
85,4882,38,b
2986,5492,6,f
645,7587,3,f
8997,9937,26,t
9099,420,33,c
6360,2860,53,l
1018,2274,11,h
7364,5854,43,j
6054,3514,36,p
3169,9596,27,a
8463,5820,34,r
3004,4673,47,q
2608,6850,4,o
1088,7497,1,j
3607,8410,9,a
3841,7970,44,z
3516,8757,32,y
6371,420,60,j
5894,420,22,f
5599,485,2,o
3677,465,51,v
9749,3652,49,r
9554,1860,51,u
2792,6227,49,v
8767,7380,29,u
5833,9712,11,v
5885,2315,42,l
9334,2050,13,l
1545,4771,42,a
2725,1246,43,r
2200,5868,4,x
7508,229,7,t
9131,718,33,j
4295,355,6,c
3824,4937,40,g
5481,3366,52,t
4591,8810,37,u
8254,403,2,m
1757,1512,40,t
9682,7915,7,a
3380,9704,51,b
688,2465,45,m
4670,9367,5,d
9711,5181,29,w
4695,8707,2,m
800,9231,1,m
2418,8237,22,t
1298,277,5,c
2117,2964,34,v
739,1715,23,a
1238,2093,35,r
5343,5415,45,a
609,9103,21,l
9455,9349,7,l
8287,5862,50,q
345,7456,39,u
5354,326,14,t
2582,2113,1,u
4191,2555,6,o
8069,477,54,j
4367,8732,30,d
1127,2141,6,o
3220,8070,3,o
6632,5477,7,t
1023,4322,17,m
9851,2905,50,z
7309,4028,41,y
9960,5417,20,m
9803,7386,9,s
1,4636,2,q
5111,3808,23,o
1520,7046,12,e
9661,1477,5,r
2884,5002,3,t
3630,3778,12,s
9795,4692,6,j
8570,2888,10,g
7948,8475,6,d
1690,2883,12,y
4197,6732,17,v
6139,9945,43,p
4232,3847,36,d
6707,6852,49,u
3432,2507,37,y
3127,5934,7,q
6983,826,51,r
693,6839,46,u
1450,2921,1,o
6632,3252,36,i
7546,5512,8,i
4097,257,26,z
2509,8907,7,d
3311,4272,32,v
513,8832,40,y
2260,9938,27,x
2209,3014,25,a
7611,9359,43,q
1495,3796,9,r
4021,7550,26,k
7200,783,38,y
8732,8616,18,l
5637,6843,10,d
2125,8681,8,v
4704,6937,5,h
2524,1403,40,d
7516,420,43,w
3618,2187,45,m
8322,9822,9,f
7726,5622,31,g
5440,9359,19,h
4516,7683,54,b
6753,3432,45,d
1308,4991,32,m
2212,3338,6,m
5054,6866,19,c
5164,337,19,g
5873,2913,25,i
8348,4355,27,g
8414,6927,6,v
7088,1099,49,n
3571,1306,29,q
2367,634,38,c
9621,9332,29,h
7290,7234,45,z
1717,1671,45,w
4778,8205,13,s
1744,7246,15,a
4420,1742,46,a
6956,7597,15,r
4662,4202,49,p
1811,8397,24,k
7993,1625,35,c
7378,7986,21,g
9282,691,40,t
3538,1759,19,r
5874,1709,5,d
830,5598,48,u
361,5200,38,h
4049,2380,14,t
3649,3689,34,l
4274,1046,21,y
8739,4383,31,g
4393,653,45,j
1542,247,5,i
9097,5763,33,f
1699,420,56,r
9092,6757,25,s
3535,7283,1,g
5614,1360,19,i
4070,9415,53,u
6056,2389,42,s
1345,6798,53,d
8738,4216,15,w
1573,8012,42,h
9877,5466,3,c
5172,9793,15,h
1797,5664,18,w
4769,4536,19,l
7976,4320,14,b
2281,1957,21,w
4741,5815,6,g
3578,8039,53,k
3107,1071,33,i
7563,7425,11,j
3183,6824,35,m
7807,420,21,e
2167,1836,2,g
9550,9906,52,b
4309,9447,17,p
8552,9196,42,v
9325,2079,32,t
744,9795,15,q
4846,2054,1,c
5889,4289,44,r
3383,9505,37,z
6998,6789,25,w
3168,7735,4,l
7472,170,21,k
7982,5915,30,z
2258,9177,47,u
7959,3497,54,z
7705,7180,8,o
3336,7692,5,c
187,2890,17,a
2516,3076,7,b
7360,7630,20,w
6893,4084,31,v
2490,393,47,r
9868,368,35,o
799,6582,21,y
358,4577,29,n
7588,3206,49,a
455,5026,44,q
8413,2655,21,n
6878,1413,6,l
4812,9900,45,w
8439,1782,31,p
459,5243,3,s
5686,6766,32,a
7393,7006,7,c
8258,4643,7,p
4763,6488,12,f
993,4854,30,q
6727,3581,54,j
1330,1292,16,j
6906,3495,25,b
3904,3274,43,x
3465,3398,16,o
8879,8653,9,q
3109,2448,9,t
3348,5569,48,z
6131,2821,40,r
2258,5964,33,t
3592,3953,10,n
2099,4049,22,u
2378,6250,45,x
596,2382,43,b
8149,6914,7,o
8900,1453,10,j
3098,4206,34,d
7803,6757,1,v
4274,5243,9,m
2559,8697,9,d
7710,109,9,o
6983,420,55,v
7089,1699,34,u
5072,1629,38,g
3624,7163,6,c
3855,420,49,h
3373,9771,22,o
9842,9752,35,b
4996,6822,20,o
5756,1821,44,h
5678,7676,36,b
7757,6187,28,t
8471,9898,48,d
6616,9646,52,a
9025,7457,52,l
4505,6222,51,w
7035,5477,53,i
7652,2033,16,b
1455,4570,46,q
2827,224,43,l
8339,7268,47,p
3709,6345,24,w
6740,4584,11,f
9788,574,53,m
5377,4280,25,z
1552,7966,50,o
574,8607,21,y
5530,3592,38,m
1117,7841,38,x
7232,475,6,j
661,1932,45,s
1723,5666,36,d
6651,103,54,j
2037,3291,50,m
9960,420,20,w
1668,4140,9,m
8118,5458,5,c
4513,9453,34,s
8066,7891,37,k
4252,9079,19,u
4366,8897,44,a
8783,996,7,t
4599,4120,2,l
163,6830,16,g
7603,4695,28,t
2020,5492,6,w
9659,7368,21,t
7231,4025,9,y
8107,8094,28,v
4942,7278,5,v
9694,6437,12,b
4385,4719,42,t
2597,9722,23,w
6525,7537,42,t
3708,6022,7,f
4730,8497,48,x
5271,4407,36,m
31,4854,32,m
6914,8297,13,t
8540,4421,7,s
5768,6527,5,z
7692,6832,9,x
7974,8307,45,z
9591,420,46,z
3854,8851,47,i
8826,6835,29,w
3016,7415,2,x
7348,543,8,p
4539,714,1,u
4743,3958,29,x
7122,3819,9,d
6268,7622,48,n
3975,4612,3,k
4660,6027,36,e
9521,3056,46,f
7164,8453,32,a
4389,650,9,j
4453,8271,53,v
3439,5193,6,s
8766,23,8,b
3994,7903,46,u
1162,9089,40,h
6367,4852,23,n
6141,1954,38,u
8646,5910,19,v
8640,5823,8,q
7405,2263,5,s
1798,7243,42,i
8067,9023,29,k
133,5098,19,u
4060,7819,21,x
5288,9475,49,j
1131,7555,13,e
7705,6356,26,z
2605,867,2,u
9252,7519,3,g
7083,4124,51,c
2747,1111,49,w
2454,54,41,f
838,4959,27,v
9562,7629,26,d
6941,9894,7,n
6945,5821,15,x
4582,4223,26,x
7273,8809,4,l
1508,420,29,z
7293,6912,15,v
1563,4104,42,l
9924,8444,38,w
8390,8273,5,w
3207,420,49,k
7610,3280,7,f
9591,674,34,t
3423,6901,23,f
1034,8941,12,i
7217,9327,17,w
1011,1818,9,u
55,3770,33,y
1820,4950,20,q
6263,636,44,e
4349,8131,9,x
1924,9555,44,s
601,2977,7,f
7188,726,41,u
3106,7123,2,z
6004,522,5,a
3681,3744,36,p
9677,5489,24,n
5724,1922,16,b
2218,5822,36,l
4139,6921,36,x
8429,6159,5,i
2303,4209,32,j
3371,6087,32,i
3202,8033,2,u
4014,9321,28,a
6311,5123,35,w
9368,5489,38,m
7113,2292,34,h
8067,3491,35,b
2483,5592,13,v
3638,2129,52,v
8306,663,23,l
5698,219,2,v
8933,5861,40,y
5641,7805,15,u
3228,3426,7,u
6882,5154,8,b
1854,3652,43,w
4442,3333,41,p
3837,1230,50,i
8269,4012,54,t
2552,9751,6,p
9153,2111,6,p
3792,3377,35,q
221,1927,34,d
9875,9481,21,j
5060,7013,17,b
3287,1031,1,y
4976,9278,30,l
789,3708,5,j
541,1475,50,y
4175,1790,29,f
7908,2815,12,h
6342,3327,5,s
8430,2154,17,f
810,2147,3,z
9357,9546,6,u
5456,965,33,y
7531,1082,16,g
2458,3201,14,y
2873,4882,20,q
3987,617,36,c
9234,7882,1,v
9142,7596,16,q
9699,1358,50,m
7308,9796,6,i
3713,7344,25,d
607,7196,5,i
9059,8535,30,r
4074,3507,9,w
3379,3081,7,k
9685,1910,21,o
2796,9580,11,c
131,1551,13,k
7821,7437,48,s
8751,2206,27,f
2833,7188,2,v
8089,7125,10,e
8296,9102,27,e
9473,8648,8,n
8843,3452,39,q
9555,6038,4,o
8135,6990,45,s
9834,6718,23,j
2332,6375,44,s
7401,662,16,r
46,6211,31,s
4920,1727,28,t
6851,521,5,s
5250,2637,41,b
1900,6844,36,m
5907,5363,29,w
4290,70,40,z
6620,9708,41,p
3223,8568,30,v
3749,8397,17,b
3780,252,52,z
3585,4622,23,h
5847,6424,49,z
5019,9740,8,q
43,7955,9,q
7066,3202,12,r
1434,8040,12,p
9909,2541,24,h
2946,177,1,i
16,3217,21,m
5446,8084,21,n
1931,674,7,c
138,9708,36,s
3687,6355,19,r
7973,4574,11,b
8311,444,33,q
7262,5415,3,w
9836,1464,29,u
9349,5129,6,y
3624,420,25,w
4117,3601,27,g
1080,420,65,f
5073,6310,39,i
8520,3363,22,n
9270,9246,12,j
3783,2660,2,j
253,472,4,b
7418,336,16,s
156,1706,43,h
7402,2134,37,l
6271,3881,7,n
879,9178,24,u
9790,4477,28,p
8063,7609,28,r
4052,322,7,j
2628,4553,29,p
6317,4645,2,w
6245,3361,38,h
5793,3367,5,u
7600,241,3,k
3235,5686,28,i
617,9522,18,c
3396,368,41,v
1509,3317,36,c
6432,6830,53,u
2598,1874,53,u
2540,4146,49,j
2789,1451,30,z
8862,6102,54,j
3491,2363,49,k
302,1999,41,i
1710,9053,7,j
4891,519,9,m
2738,1614,5,a
8597,3658,5,f
4763,5853,34,t
9407,8389,7,b
4017,3795,46,u
4240,3378,1,d
8707,4361,10,m
1383,8521,46,t
5254,124,5,b
9229,2909,17,l
4470,7687,25,j
3967,9435,18,q
1159,5159,13,y
3765,6507,54,q
7717,4508,10,f
2410,1671,20,w
5169,7908,7,v
7450,8134,11,d
4065,1970,5,c
8284,4631,5,k
7449,8479,5,k
9879,551,6,u
9525,9131,48,k
3578,7740,10,g
7859,9034,8,u
8843,2384,6,w
8520,3128,22,h
109,6865,32,x
5773,420,46,g
6083,4285,9,k
3657,5244,9,k
9106,5442,7,w
9212,304,33,a
4715,8088,14,u
6432,342,3,g
8153,7523,38,x
5769,5139,14,w
5045,9651,36,t
167,8923,44,m
9805,9541,1,x
9839,163,51,l
9655,1182,28,x
9539,7991,5,j
5748,1816,49,g
0,3953,4,y
160,1208,5,m
1606,2478,7,z
7580,2365,10,w
7669,2961,21,a
8852,2794,12,p
4372,4384,9,e
4457,9509,13,h
9804,420,49,x
8569,2253,17,e
1026,4922,6,z
2464,6430,44,f
3648,1754,20,i
6930,2960,6,b
8810,420,61,l
3983,7928,37,v
809,9575,33,j
5416,3075,43,h
4618,4926,1,w
5881,2000,44,f
1612,2762,2,y
9522,4664,24,z
5950,420,27,m
8604,8749,41,v
5984,7801,46,d
355,2926,54,i
2960,1660,38,a
10,5740,39,n
5201,6032,15,v
2370,4082,28,u
103,2227,5,b
2650,3389,9,h
9232,4303,48,h
7965,4587,42,q
6950,4599,5,d
2007,5377,4,q
9584,9972,1,t
2646,7933,34,y
1126,4263,49,g
9254,8982,7,c
711,9298,42,j
5600,8307,33,k
8288,1289,17,f
3784,2570,7,n
9085,4541,25,o
7240,9088,13,t
1830,6855,30,a
9215,7939,7,n
6645,3253,34,y
9488,6262,18,i
6790,8258,47,t
1840,1184,44,v
9722,5140,6,w
7866,2257,6,c
6136,6608,54,c
9557,2116,38,l
8210,632,6,w
4134,5375,21,y
1273,3709,12,e
4411,5512,10,r
965,4098,16,l
886,4864,53,j
2311,9125,17,p
6966,731,9,y
8150,1482,39,x
6766,2630,19,h
8314,8014,40,b
9402,1860,53,s
6986,8700,17,h
3458,5299,16,t
9851,676,3,l
7461,9653,32,e
4340,7300,40,c
111,9612,3,x
2506,9516,39,j
841,9203,2,d
3830,4749,30,l
620,2541,17,n
6716,7202,42,g
8305,524,27,k
7901,5178,15,d
8349,3495,15,r
7159,4893,18,l
6924,1449,51,l
3660,7276,45,j
3160,399,41,g
7525,5530,35,u
3502,6374,1,h
4293,3898,36,h
8124,3421,49,c
3937,455,18,x
5188,7074,8,k
8062,9296,30,w
742,5935,41,i
6989,480,48,t
903,9876,45,d
9789,6126,12,l
8346,5948,48,a
2248,792,32,y
572,2555,6,f
2761,8744,4,m
4521,1804,53,u
1662,7455,22,x
9821,1462,4,k
7697,9856,45,m
317,1098,8,z
8327,1787,3,j
9364,8034,33,s
2616,420,40,c
3195,4063,33,g
5659,6590,2,j
906,7431,9,e
4975,8244,49,u
3542,3169,7,b
7603,5758,52,p
4787,4335,15,l
5836,7347,35,g
262,8808,54,e
1810,4223,35,a
3719,5846,19,g
304,9925,18,u
9469,4433,24,k
6758,6700,16,s
6355,312,31,n
2659,5072,26,w
7685,6552,34,p
5137,3003,42,s
7306,9737,7,g
9901,6597,16,k
7252,9786,40,z
6761,2353,9,x
237,9428,21,l
7602,2399,4,c
1026,8059,26,x
2610,3869,18,z
5433,4573,23,k
4373,2134,32,u
8172,6134,38,n
8921,420,60,m
4384,5595,7,m
2424,2220,44,m
8255,8031,7,h
2894,2935,4,h
7086,9123,53,l
761,420,49,m
6562,297,19,z
2524,8545,15,l
8123,2561,50,c
1611,4073,5,f
9291,5194,52,c
5612,6418,9,a
3783,222,14,w
2451,7399,4,o
9849,1328,47,w
7401,2186,8,a
2383,6442,18,y
2454,9160,30,v
6065,8976,28,t
2920,420,54,q
5339,8738,49,x
6533,3054,33,o
3017,5393,24,m
5822,7095,38,q
5289,1954,5,p
4580,1255,51,r
2694,5449,21,i
6366,8744,28,s
2376,9798,18,o
9096,7700,45,e
8382,6609,21,l
2386,338,9,n
1740,2149,44,o
196,2630,2,u
4324,2690,9,h
8754,6170,35,s
4396,1979,44,d
4104,7762,26,z
9495,202,29,a
3068,5816,34,j
5705,2435,35,u
4537,7284,28,q
4206,7833,25,s
2194,4559,37,c
2959,3341,49,y
3873,7971,10,k
3391,8108,7,v
5452,3647,23,o
8705,8712,47,z
4891,9482,48,d
7162,8739,45,h
8143,5864,50,j
2258,3426,35,r
3437,2982,47,s
8551,9751,41,z
4697,5616,8,v
3612,2613,31,k
8004,8465,7,h
4374,6490,10,u
7693,420,32,m
9353,7077,46,q
4636,420,21,r
3206,7859,8,q
2719,5022,21,i
1536,4224,4,s
4112,3241,35,c
8986,1177,29,y
1717,827,6,b
8734,6894,23,k
4194,2915,9,i
9013,6674,32,y
663,1318,5,j
711,7636,7,b
3516,420,22,c
4472,2810,6,b
8024,4280,7,f
81,5815,3,y
3580,6782,41,o
5568,4411,26,d
2900,9458,23,d
936,6910,12,i
149,1014,53,o
3471,8400,23,b
4593,9544,41,o
6051,6479,12,x
2871,7748,13,s
8537,7860,42,w
9079,3219,10,t
7202,4808,7,o
3095,414,42,w
6392,8805,25,d
2842,5297,22,q
7338,5704,4,v
8544,1567,3,m
2682,5764,47,b
1887,1217,29,b
4011,6427,13,a
8306,8238,41,n
9924,3916,29,q
992,6599,49,e
9772,8229,6,t
2860,8994,1,a
9970,2799,6,m
7067,3318,51,u
1307,2247,31,y
1780,8531,1,x
6493,7508,9,y
3949,1734,50,d
1345,5555,43,b
5899,102,54,v
846,2543,9,x
1756,3780,27,s
8084,9265,32,x
6713,2773,54,k
8700,7233,8,r
7523,8539,21,w
1091,6552,8,r
3278,2787,51,x
7724,5025,7,g
4612,5907,37,b
6602,6624,49,x
1446,1901,40,m
9843,6739,31,a
5045,6241,24,y
2404,5379,40,r
2993,5271,26,y
8279,6570,38,w
3001,9692,18,b
2937,6390,45,e
5928,3072,23,l
9569,8932,15,n
5903,4968,1,m
6364,2185,2,l
2480,4646,43,b
1820,2154,2,d
8181,464,11,x
8399,8019,13,g
5415,679,6,z
8033,5121,49,r
1526,7614,27,f
4510,9095,50,f
7430,3371,35,i
175,1316,25,x
4716,1238,1,y
6865,7060,18,w
2435,4149,11,v
7153,7897,16,h
176,230,1,y
8118,4453,9,b
5932,9435,8,e
9649,5238,22,c
1281,5585,34,s
7401,6968,47,o
6709,420,35,m
5813,5831,37,p
1833,6394,52,h
6085,7715,5,s
2962,380,35,o
4814,6323,23,h
9643,7808,41,p
9616,435,31,t
492,1272,37,m
7097,5006,21,n
9115,4673,8,e
5809,2293,38,m
6294,433,5,w
7548,9887,51,f
223,7526,6,o
5680,9318,7,b
2416,3426,23,x
7764,8079,27,z
3717,4388,48,s
129,4012,51,d
5048,1464,17,i
1569,1757,15,k
8390,3425,35,u
4171,6707,8,z
6913,7719,35,q
7075,6987,1,o
9737,7303,36,n
6058,7595,52,v
8070,2058,39,o
3323,6758,45,n
787,6574,2,b
1171,7585,21,a
2422,7291,47,x
2741,2143,17,c
8771,6722,14,s
7980,8817,16,d
9521,6233,29,p
5378,5106,6,o
8160,731,1,i
4107,8065,9,w
4392,1187,4,o
4836,9779,7,b
1917,6935,15,w
8889,420,22,q
8570,5869,15,l
5229,5305,41,f
6630,7718,44,z
5555,2258,25,x
2659,4482,7,v
8504,1154,13,a
2067,9661,19,u
8968,5826,20,k
2125,2976,19,e
2649,7321,22,j
7062,4253,38,h
7063,8601,52,h
4186,6051,53,f
4495,6298,8,t
8794,7225,24,z
5754,420,35,a
3349,7450,7,d
9598,5605,15,o
163,4875,40,g
3630,6407,5,u
9506,5587,48,r
1372,6921,39,s
7456,3231,5,z
5530,2477,17,d
8309,6296,47,i
7103,6865,18,w
8919,6790,1,k
9317,420,33,p
4877,2342,36,e
2203,8927,3,d
1910,660,4,v
2535,420,20,a
7646,5652,9,i
7511,8988,30,y
4337,420,59,k
2676,381,14,c
4610,5648,19,g
3559,7677,51,r
2985,6476,6,v
9457,1754,38,t
6835,9966,47,z
7827,2940,11,x
2967,420,64,j
5471,7729,8,y
4780,9408,6,w
6396,6975,4,m
6205,4126,25,q
7503,8323,3,c
9632,1970,7,k
9343,6191,43,h
8395,9818,31,c
6922,1001,13,k
5439,4145,44,n
8091,3829,37,e
7410,5336,5,e
6939,8901,4,t
5101,3940,5,d
4477,8542,6,v
6543,7584,38,b
316,4448,9,k
9201,738,12,e
7569,4966,8,d
9252,558,36,a
4264,5398,39,e
5729,4348,38,l
4448,9398,27,f
3644,7418,54,f
4871,5348,5,k
8881,3601,5,x
247,3133,48,t
4792,9712,15,t
1019,2361,51,l
7,7796,48,g
8607,4625,17,y
7149,420,27,j
8391,5872,32,g
2314,6889,6,u
5126,5512,19,l
1729,4949,46,v
625,4842,9,a
6096,5527,17,k
2191,8243,7,y
1220,7456,9,i
5158,8022,8,s
1438,4409,12,u
7248,5558,3,g
9296,5599,4,p
5443,3195,54,l
4039,9748,20,u
1244,2833,31,s
1576,420,25,k
1129,7857,5,d
8123,7874,7,n
5419,5044,33,g
2977,2026,34,h
5577,1784,6,f
4971,3409,35,k
4711,1651,11,v
4221,8554,42,j
9024,1251,20,j
5549,6037,33,u
7784,6106,6,m
9097,7810,3,b
1038,9644,24,s
2359,981,33,g
7946,2514,45,z
5064,6661,8,l
7957,1392,1,q
8814,7652,13,b
9307,2245,14,t
6266,2650,8,p
9766,219,48,w
3978,1518,42,l
8817,4736,5,h
5291,7726,20,n
3910,446,9,y
5009,6228,4,n
8211,9464,8,x
4983,6738,42,e
7700,3465,16,x
85,4406,29,y
2609,169,11,s
6904,8215,50,w
5236,4409,44,f
1250,4386,27,q
5795,4399,49,i
4519,4042,43,f
5455,9182,17,f
2422,4740,21,l
2659,1937,14,b
9513,1676,44,l
5973,9810,52,u
7053,4130,17,n
9585,9736,35,l
3881,2000,24,i
1619,1571,34,w
1042,4856,39,n
2805,6238,53,p
528,9205,47,o
1023,9364,24,i
7220,7023,3,t
1501,3935,35,q
3475,6045,41,a
5847,4700,24,z
2932,6830,7,n
8563,4681,31,l
3681,9694,14,r
9993,5871,49,w
4106,7486,37,k
8588,1585,4,s
5578,9909,41,j
1068,3522,25,e
8537,9718,16,e
5445,4117,5,a
6625,9965,39,x
4509,5163,44,t
490,2436,5,l
4980,3364,3,w
6607,114,16,a
1559,5947,53,w
7554,5900,32,q
5308,7028,8,o
6575,8758,14,p
7092,8062,42,x
4702,731,35,w
6722,5749,9,h
7593,7321,12,v
4163,3863,2,u
7945,9215,32,d
5411,4466,34,t
5017,5018,12,x
811,5642,23,c
8813,5840,53,f
1011,8210,2,b
9018,9624,17,b
2725,9443,33,s
4994,5478,8,e
4171,4492,18,e
7496,8470,26,e
8990,3532,44,l
4657,1068,7,o
1451,894,8,e
7844,947,9,j
5008,3761,5,g
6303,4116,54,y
2966,9473,18,m
2579,7453,9,m
6225,5879,49,q
3626,4887,48,u
6112,6330,31,j
9057,7651,20,k
913,2310,34,k
5493,2672,20,z
422,377,37,c
5128,4359,26,p
5811,3914,29,g
3406,1695,51,l
1315,2066,4,g
4525,6565,28,a
6951,9760,8,w
1616,9671,3,t
2848,8623,38,a
1102,7929,9,y
8782,420,26,q
7319,241,41,e
4997,2694,9,p
1675,159,10,m
7767,5638,17,m
8853,6679,37,t
5534,598,52,r
4306,638,46,o
5646,6160,30,v
798,3375,30,y
721,8380,2,p
9606,203,3,z
1544,8407,20,e
7370,4812,7,p
6236,2254,32,q
5127,8061,51,e
4092,8958,6,m
4754,7566,5,l
695,6810,50,z
5726,9822,16,e
107,121,3,r
6821,2429,54,r
9443,9153,23,w
4124,5882,37,y
5785,8875,40,e
2395,9243,12,a
654,3452,9,w
9385,8466,6,w
7892,4261,46,a
5042,523,1,t
3655,4288,28,b
1350,3373,3,v
7421,1120,8,c
124,5096,44,f
9656,488,51,a
2682,5485,10,n
8183,8552,13,b
3219,420,33,k
2388,414,20,q
1008,4600,5,l
6220,2645,54,w
2844,1994,5,i
5997,1202,23,p
7711,9387,31,o
3012,398,34,i
370,4439,27,e
2562,5117,23,o
87,3282,37,i
3905,4142,10,k
5999,420,35,n
6006,420,34,a
5953,5476,6,o
4221,1098,39,o
8704,1453,6,z
4110,9521,48,j
6774,2859,3,o
7736,9462,28,h
1247,3876,34,j
1768,3368,12,p
9367,1984,17,w
7637,6231,49,b
9859,6725,25,u
9715,2453,8,n
6493,626,53,s
4186,3945,43,q
2158,4458,26,a
1376,5066,35,a
3929,209,2,k
5422,7229,18,k
4238,6085,4,t
6003,6538,43,g
2480,9320,50,b
8006,8400,25,k
6501,420,33,h
4514,6293,4,z
3305,708,4,n
1756,6844,1,f
8289,9154,2,h
2695,7308,2,j
506,2489,35,w
9559,6923,45,n
2524,1754,18,k
768,1119,37,p
5440,6222,14,g
8875,9836,7,d
3367,6947,4,n
5637,9896,7,y
8055,108,19,d
4743,9065,12,o
3231,6558,52,e
7289,4228,36,z
6102,5902,9,n
1012,9188,3,m
4894,2056,41,w
4045,420,29,l
9384,9393,34,l
8311,9419,10,p
4891,85,32,t
2578,1452,17,d
8415,1349,8,m
4930,7699,27,y
6140,420,61,r
3850,747,2,p
4903,9953,17,p
7667,1953,44,v
6466,933,44,b
929,791,7,x
2110,5715,7,y
7649,6414,33,f
887,6297,5,c
8183,7633,1,x
5677,982,5,y
7348,4219,54,v
5873,420,55,e
7115,6460,19,r
4531,5987,33,l
4841,8734,23,k
1123,1322,3,i
6365,390,32,u
7433,7142,7,f
498,8578,18,a
6611,231,15,c
637,420,59,a
3148,4200,46,r
5852,420,50,w
2575,2569,5,h
3836,6741,11,v
5235,905,5,l
9454,8988,21,s
7673,6972,3,m
1805,1545,43,p
7885,3813,32,o
226,6073,8,s
3075,420,23,q
9172,8762,17,j
575,4326,18,q
2584,5112,53,t
4057,4338,52,s
8,9801,18,z
365,5992,18,x
4922,1610,17,q
7003,4346,6,y
4907,3430,44,p
6602,2690,18,a
2450,6365,8,i
4643,5117,52,p
1378,8786,53,r
7109,4644,7,t
9790,2576,31,s
7097,6814,28,c
2143,1944,32,b
9048,5532,46,h
7978,1567,48,k
7474,701,21,x
5954,5056,9,j
1211,1223,33,d
1804,1318,46,q
1643,4008,6,p
318,9957,10,p
2944,8667,21,m
7845,5095,43,v
7017,8494,29,i
1813,7496,45,o
1247,594,54,g
7219,9287,8,g
9034,2771,20,o
6846,9297,33,p
5392,2023,4,h
7992,707,12,l
5229,6308,9,s
2134,7621,30,u
3969,1536,12,e
9423,9181,4,t
4996,8507,38,t
6953,4146,3,x
1548,5911,6,c
2301,4347,39,a
482,5069,33,l
7387,5497,44,h
1774,3070,5,a
3202,8695,27,e
5801,9742,33,p
2351,2398,44,o
9865,1957,15,c
1956,7024,20,i
8725,4131,1,u
4259,8873,7,q
2245,81,24,v
4780,1477,5,m
1645,3117,9,t
6895,420,39,i
6258,5209,9,h
5764,8445,23,r
3703,6390,27,p
8924,7704,5,k
6828,7466,23,e
6625,4003,53,k
7584,8169,28,d
3643,7612,41,a
294,4195,7,q
7112,844,52,l
2635,3549,7,z
6969,6204,5,y
3781,3698,7,c
1379,2006,28,b
1249,1726,29,x
293,6323,36,b
3692,5908,32,c
8757,2328,12,f
3541,2592,6,m
2136,2230,27,m
2444,8099,48,t
3280,7699,16,z
4798,8902,36,x
5966,7972,40,y
4524,2945,35,q
1242,5161,45,y
5169,7122,24,h
3516,8217,38,j
1244,6274,26,w
9264,3998,8,z
9497,420,38,z
9526,4712,9,z
2089,9110,6,d
3665,9271,3,c
8112,1756,16,f
29,9009,21,l
8348,9578,4,o
468,6016,27,m
5104,7862,30,s
8920,1636,38,r
4262,8920,17,c
7204,6235,27,m
7236,3259,16,p
3409,1784,10,v
8841,573,47,w
5078,2086,8,g
8505,2775,19,z
8207,1748,29,g
235,391,13,s
6972,6494,5,q
3835,2675,7,e
8996,5206,14,d
603,3294,5,p
6312,5775,45,s
4055,6010,2,h
5246,1882,36,b
9987,8517,45,j
7056,6227,47,q
8709,1457,33,l
1695,7345,46,f
8216,9976,28,k
4521,5683,35,k
3562,5590,24,o
8196,3394,19,b
8385,5935,10,s
215,555,45,j
4125,7838,8,b
190,420,35,h
5539,1466,8,m
7423,665,30,h
3589,176,8,s
3034,854,38,s
8136,672,10,k
7130,2294,48,k
2962,2950,5,r
2140,7077,39,e
2586,4441,28,v
2938,4148,9,k
6212,7050,8,k
5456,4903,6,k
9902,4168,14,f
2492,6453,35,q
1964,2624,31,h
6143,1074,9,d
9734,6712,46,d
9191,3881,2,i
6167,8269,40,r
9648,7649,23,i
938,4660,28,d
205,7726,6,n
300,6085,6,f
8495,2891,10,u
1213,8688,5,s
1388,1394,5,z
2662,4146,13,y
8937,9447,51,q
1616,1801,7,e
9667,5522,53,u
833,4133,2,d
7582,9224,22,d
6802,8355,9,n
8795,2956,5,d
5842,528,9,f
5415,7454,21,v
9680,4256,33,l
7044,7147,52,v
6700,420,33,s
9933,6318,2,p
5985,8950,37,r
6333,6090,30,p
2984,2354,28,z
3672,6029,40,x
4268,3188,23,y
3960,2516,32,r
8076,1245,36,i
9440,1412,54,n
7472,4097,12,i
19,7972,41,q
9681,2543,33,z
4541,2652,9,e
6908,4723,40,k
4784,5497,2,t
74,2047,11,y
3915,6553,44,k
7820,290,29,t
212,6519,21,t
2478,2831,8,w
9895,5271,15,w
3847,4525,19,u
9937,4795,9,p
7971,4958,11,r
7634,866,53,p
5170,3597,32,i
5526,6174,25,v
8256,5135,7,f
848,9439,11,o
5449,3915,20,w
5408,4284,46,t
1284,8007,34,h
7972,5279,4,q
3576,7756,49,s
2868,2208,8,a
3503,4107,7,y
2538,9693,45,t
4602,2152,39,z
8928,4485,7,c
2372,3714,9,b
1296,9793,30,j
5972,4914,42,w
5195,9030,37,n
7533,1193,21,s
119,7334,12,p
8298,5159,35,w
9307,827,17,l
272,5954,6,o
4191,1907,20,j
6432,4687,50,q
1480,3054,18,y
3874,5982,13,u
6210,3456,1,n
4314,3842,10,j
7282,7104,18,d
5724,1087,12,z
9835,4974,46,m
2416,5388,15,y
6641,5456,36,s
9613,9224,21,v
7793,8422,50,j
6801,3265,22,p
1341,9430,5,s
3455,4636,5,r
3784,4797,29,e
5847,4191,16,f
7831,8104,4,t
4024,2356,46,i
1629,3090,14,n
1973,5785,39,w
6913,4558,1,d
4139,8291,13,r
1475,5638,50,z
8102,4829,5,c
1331,3530,26,h
8796,2236,49,v
1558,7111,4,v
2933,223,46,b
6537,3592,42,c
6178,8800,49,t
626,3566,45,f
7047,4266,21,m
2472,4015,24,f
3879,9436,33,r
1952,7114,45,q
9522,2491,35,k
8977,5928,18,d
5928,7878,51,u
2683,1389,7,v
6811,5604,30,z
5403,2080,54,j
4053,5596,28,r
5452,6668,36,v
5398,5682,13,k
7953,6306,27,o
3547,156,41,q
6647,7062,34,w
7746,3291,47,c
5035,5281,16,x
3535,4387,24,e
6013,1696,43,f
3334,1313,14,p
6803,1059,12,m
1997,9238,5,r
1728,3703,19,e
9894,1754,10,s
7331,2974,33,i
1441,9798,8,i
506,7850,29,p
1806,753,46,h
7608,6957,32,m
9272,3952,17,a
8132,6680,9,l
418,7973,42,n
5244,4244,13,o
439,420,59,c
7198,5970,27,e
57,5366,17,y
4387,3399,12,s
5599,9273,26,m
8853,7551,26,f
147,166,8,p
3965,9827,53,b
9339,237,9,w
4525,8505,37,w
8319,4433,6,k
897,420,47,e
5450,2626,5,v
9224,3091,53,d
9859,6675,52,p
9606,4485,8,j
5855,9584,34,f
7925,6894,24,r
3632,8782,1,c
7166,4192,12,b
7364,1966,6,x
7829,1323,19,c
5777,1250,6,p
5720,3025,31,o
3716,6129,30,w
7909,3303,29,j
9697,1422,43,u
2712,7841,9,r
1714,897,54,q
6075,3206,49,k
6993,2026,31,q
4997,2747,34,v
1422,9697,36,y
36,8314,29,a
4856,2749,4,n
538,1034,16,e
8649,1995,9,w
781,1722,13,l
1046,9482,2,b
4713,7649,24,u
9431,8061,2,h
8437,9678,20,c
47,6590,2,f
4225,5632,12,y
5010,2375,5,p
5669,8262,6,v
4897,2856,1,y
8368,893,7,l
9567,4545,9,c
5059,4458,21,z
5632,1237,40,g
2017,9213,6,c
6743,474,9,a
4128,5161,27,k
7259,3616,54,b
5366,5437,11,l
899,1226,45,x
3216,3596,47,u
6691,597,21,a
1349,7704,40,t
1790,3088,21,n
7875,2839,41,u
4228,8157,41,y
6508,5818,32,w
411,9761,43,z
4558,1558,45,d
8482,2712,6,u
9550,52,36,a
4457,7247,39,l
3382,7451,27,d
4630,5993,25,p
8449,8248,43,c
5702,8663,6,o
5545,9351,36,m
1189,2571,8,u
4660,5056,53,s
449,1154,2,e
2849,1092,6,x
1727,9956,37,c
3295,4887,8,m
4307,9474,6,k
4781,7102,11,x
1136,3978,6,n
7940,2601,33,e
7303,8009,9,q
7653,7236,16,z
8805,9640,8,x
7938,3556,28,k
4655,8319,19,o
9899,5839,26,q
6199,3980,11,t
4765,2021,28,b
1263,420,23,w
236,5842,23,z
4399,7324,4,v
6634,6681,40,v
5718,6900,8,e
4404,9274,48,m
9807,8264,50,q
4678,8567,42,s
3690,3184,38,w
1640,6105,32,p
1020,9807,11,k
4055,4469,37,x
147,1561,53,i
8588,9214,47,y
9369,1713,26,i
3543,570,25,b
592,6961,42,r
3127,4691,44,d
4497,2229,8,m
7966,3893,2,n
3565,2432,26,n
4738,8685,51,i
6072,8850,22,i
663,6734,10,i
6529,1506,1,v
4325,2173,19,o
9139,1416,24,i
6723,529,38,y
2783,8319,11,e
1041,420,58,b
4681,8570,19,k
9925,2297,30,b
7770,6574,49,g
6658,5156,11,l
4183,7875,10,v
2617,155,6,r
7851,9467,5,w
3713,6206,50,c
7207,9757,7,p
4740,7737,6,r
7805,2504,52,p
3557,5936,8,c
4984,7734,45,q
3620,6824,47,g
7169,5492,15,i
6210,5704,8,c
249,4535,4,y
5481,4899,6,v
6396,638,23,d
2902,4606,36,x
2167,2833,8,v
1579,420,39,c
4290,5868,25,h
8462,2211,50,n
9051,4797,12,m
1150,9461,46,t
5001,2377,54,n
5024,6618,40,t
4870,134,52,k
2375,8934,26,t
9702,4435,23,e
4294,5865,34,g
1563,8058,27,p
9364,3241,1,f
6783,9821,18,v
1356,7809,31,y
119,5506,47,o
9924,6314,6,r
116,5005,20,j
8849,5691,2,g
8085,8368,10,r
4011,7459,47,n
7739,5994,32,r
6311,6138,6,q
6033,3494,30,r
8354,927,9,p
7974,1249,19,g
8707,1475,6,p
4376,7697,27,s
8986,8025,54,w
8756,757,26,b
842,5047,20,g
6463,3782,38,q
7130,380,47,x
8700,9071,14,j
407,9555,3,b
6999,8892,28,r
9107,869,54,i
2308,8229,53,a
8792,8684,22,i
6059,8032,6,l
1461,607,6,p
2022,2407,39,p
5145,6078,39,h
5838,9844,14,s
1420,2585,28,v
8676,9585,48,j
2330,8395,6,j
5831,704,35,t
9435,1561,48,q
8175,6528,51,c
4317,8913,29,f
9745,5741,3,s
9139,2400,4,f
3692,375,27,l
2897,7376,36,u
1773,7953,41,n
4070,4269,49,c
8518,6169,8,s
3453,6356,19,a
9492,9233,1,d
287,2127,1,j
3346,1947,15,y
3273,5141,3,n
5769,151,3,j
1684,606,51,s
102,9619,12,e
8093,741,39,b
5267,1023,20,n
8100,420,41,k
6506,5278,8,i
72,3283,2,m
6617,336,29,i
9849,4892,11,z
1136,4903,36,q
7917,9072,11,u
7642,6753,39,x
8659,8461,49,u
8149,7634,31,z
2139,7219,52,k
2174,3979,20,c
4068,190,26,p
7111,9351,27,p
5980,3202,40,l
8986,4323,33,s
9517,6338,35,z
578,1847,39,v
5182,6539,16,j
3480,3610,8,i
4027,606,7,c
5675,420,53,o
7720,2891,41,z
8622,9762,2,d
1014,581,16,i
5356,7995,18,i
3659,1984,23,z
9604,420,48,n
4790,5690,41,u
3299,1509,20,h
8251,420,53,e
8939,1420,3,j
4181,1694,5,n
8868,3756,9,r
3565,2540,20,d
2882,4311,26,s
9869,4436,3,q
8964,5640,9,g
7472,6549,16,v
2463,4195,11,e
6026,3149,42,y
1718,5648,19,j
5971,994,37,q
4216,4277,38,y
6308,2106,48,d
465,8290,8,w
9432,9701,9,n
7623,3472,3,j
6975,3372,50,s
6571,9008,35,f
4935,7969,32,h
4011,712,32,o
1801,2778,3,g
8988,9761,45,t
5699,6675,5,v
744,1956,35,h
7757,5898,17,m
8660,8705,45,z
2312,9476,6,f
800,222,51,a
1810,5238,21,w
9223,3926,54,i
6327,1100,18,t
6035,9237,22,e
7564,4434,41,b
295,8268,23,r
4515,2854,9,m
5089,4979,9,z
3737,6835,19,a
7216,135,19,c
1805,6985,14,h
1545,970,17,r
203,849,31,s
8602,7866,37,x
4490,9544,53,z
4415,3375,41,h
5248,5071,52,m
5359,420,36,s
826,8027,50,q
471,7340,7,y
444,5240,34,n
6612,8721,20,b
8843,933,4,v
6735,7394,38,k
4143,8057,5,n
7924,272,7,c
1306,3594,14,i
9452,9467,24,p
8021,1858,47,a
6064,612,13,f
9026,5962,44,o
1899,7184,11,e
5097,9020,10,q
6237,8926,8,k
2335,6265,6,a
9098,3358,5,e
1405,7011,11,e
9558,466,19,g
1474,4660,46,d
5812,3381,16,v
7242,2937,13,o
5996,8437,5,k
6,2405,3,o
4136,8892,48,d
4904,939,25,f
5195,9843,5,k
2306,7790,38,n
6104,4706,21,y
6623,9171,6,v
7624,3274,2,a
3271,7012,26,s
4306,7316,52,y
4969,2652,1,c
7965,2522,32,i
1037,6408,36,k
4427,2639,4,u
3849,2235,35,h
2339,4671,41,x
6093,2227,31,t
9727,2201,27,t
6727,8654,27,a
1581,2065,37,j
1913,5494,41,v
7696,6620,5,a
609,8910,25,a
9280,216,30,j
257,6923,4,j
4867,4272,28,j
1820,8573,48,h
6423,6084,54,f
7586,6408,28,r
9819,6305,6,t
9361,8535,19,z
8330,9310,51,z
7021,5503,17,y
9884,2388,11,q
3474,8731,5,p
6989,3747,37,x
7918,9989,7,w
7018,2505,4,e
3964,244,39,d
7685,2508,9,w
2671,9378,33,f
9750,4661,49,p
3132,3137,2,m
6336,8091,53,m
487,4047,9,b
4880,3428,37,s
521,1935,44,x
4410,5246,21,p
6067,44,8,k
6245,5341,51,v
9831,3870,9,a
7250,2837,10,h
461,6891,8,e
8640,8844,48,w
3583,320,42,n
9200,9758,25,m
9421,7995,51,h
5216,6545,7,w
3398,4222,1,g
7735,2767,9,k
9199,9832,47,r
4043,3733,32,l
3786,340,27,k
3415,8053,9,p
210,2047,9,r
3550,9839,53,c
335,1635,23,d
5045,420,56,r
1146,420,32,v
8110,8646,39,q
1223,2055,47,h
7314,7571,42,e
4608,3258,27,d
8152,820,40,g
5168,7282,48,z
8741,4601,7,j
145,2159,20,c
8737,6249,40,m
2843,8533,9,y
1116,7421,14,x
9844,919,48,o
1268,7941,30,h
3392,7278,17,a
4342,468,7,v
9624,2979,21,h
6733,8307,49,w
2085,9828,33,m
7662,7973,13,m
8294,9085,15,f
4082,9538,5,w
146,1199,24,k
6280,2842,47,t
5256,1402,24,z
2622,3622,8,s
2902,7159,38,r
5393,7599,19,y
3282,2389,10,z
8073,9136,6,z
7507,4903,35,k
8599,308,6,x
9508,2928,52,u
5708,1986,9,x
4984,1046,48,y
507,8387,6,o
1134,479,15,l
2311,8266,11,j
4949,2153,4,g
2842,6746,5,d
9935,6091,16,v
2988,1220,29,u
2545,8431,26,n
4430,5541,33,g
6584,7713,43,s
2577,5233,53,n
6490,420,61,x
5323,7285,8,y
714,8186,37,d
7724,3619,46,r
7803,665,48,j
7808,5584,7,m
6935,9859,11,w
497,4007,6,m
2996,6717,40,c
6663,5461,4,d
1233,5195,46,l
8220,7001,7,a
9057,1968,26,t
5276,7284,24,g
5381,8569,43,o
9099,4212,5,s
1754,9047,30,e
544,420,59,r
5261,6482,43,y
41,5638,20,v
5102,2105,12,n
7177,5085,7,l
2063,6244,7,v
107,7919,34,v
399,8059,52,f
1927,8068,41,d
3878,4441,1,g
3269,7289,9,m
2954,5690,36,w
4829,2466,44,m
1933,1534,4,k
2104,2051,4,e
1404,8598,4,a
11,296,3,m
7648,3476,8,b
1963,5363,9,x
3377,7951,10,q
8542,5526,40,m
2708,6946,19,f
3133,9594,20,a
8483,2119,7,v
9235,7493,27,n
3406,1097,11,f
2027,7042,6,c
9781,2388,48,a
1965,1180,3,f
9820,7614,40,w
1540,5566,40,r
5625,4156,5,o
5862,3130,5,p
2961,6593,7,l
5660,9236,50,n
7403,843,35,m
7635,985,43,n
6811,5841,30,v
7050,6266,38,w
3552,1044,1,k
7006,8780,25,n
5361,1655,49,q
9988,6684,43,j
7679,2490,6,h
2625,5571,3,z
2697,8364,7,b
2220,3671,51,j
3699,655,31,c
9483,6656,13,l
5635,8811,19,k
5505,3151,38,n
6298,960,3,m
3933,5455,53,i
4917,9764,53,s
6146,8469,7,y
3991,2874,44,x
2187,6308,45,i
8104,5831,7,v
3427,5859,6,n
6546,668,9,j
8018,7955,53,h
7306,9474,29,e
7756,4524,42,t
6969,8351,50,y
6045,666,54,a
1696,94,7,x
1605,7147,8,d
5000,8329,9,u
246,6170,44,c
8553,1420,7,d
3481,5552,34,s
3483,5408,8,j
2365,9628,23,a
2438,7532,25,z
4901,360,16,y
6083,668,29,k
3187,2036,12,n
7914,9432,6,p
9688,3268,3,i
1196,5394,38,c
7906,1089,44,m
1899,8356,33,b
137,3706,29,b
3421,5090,30,r
335,1954,48,z
9814,9687,6,m
5068,8381,6,o
2424,3165,24,i
168,6347,23,u
4667,3391,16,f
2495,7141,47,a
8266,9692,33,y
6302,6744,41,w
502,7088,24,o
6620,2979,41,o
4985,7927,3,u
5576,2507,24,t
1790,1951,14,b
3234,6079,18,t
4990,804,37,h
2876,1432,8,s
5963,5814,2,s
8011,622,40,w
8656,6079,28,d
2436,1109,13,n
7084,1407,4,x
4858,9096,37,n
4269,1824,34,k
6665,5772,1,d
4565,657,19,h
4061,4720,18,i
9112,9268,33,f
213,227,5,n
3006,3778,1,t
4186,1217,49,v
6479,4850,46,d
5226,7211,17,x
638,4575,9,c
533,7141,18,e
512,6203,24,z
5876,647,27,a
3910,5138,23,b
9217,4674,6,u
4107,2429,23,r
7462,4819,25,b
5823,7764,45,d
3724,1228,36,y
5624,6742,9,h
6794,8745,26,c
9521,2877,6,e
355,7894,48,a
9180,7643,18,d
197,5241,7,x
1622,6658,8,n
341,7898,15,u
8411,4453,8,v
2550,3993,21,x
9921,3390,12,z
4917,7340,20,f
6229,1540,15,p
185,420,21,k
1368,7101,17,n
6145,5621,34,t
2779,9710,41,g
9708,1762,32,o
9795,4460,31,w
3515,8961,6,a
9197,3300,45,c
7460,295,3,e
4447,8650,3,u
8607,2278,28,q
9800,3237,38,a
4429,1846,8,w
3780,6784,24,g
631,6308,22,l
1689,6406,37,q
6156,8349,49,e
7974,429,46,b
3836,5413,42,w
1946,1165,8,u
4077,1004,8,u
1188,8801,30,d
5515,9204,40,i
9955,110,16,v
5916,2485,7,b
4970,6860,22,r
7991,3484,45,j
1261,3378,23,n
8543,5822,17,e
9304,987,24,f
1567,7359,9,v
1381,6539,8,g
3109,1196,9,p
5851,3201,22,w
7520,534,50,q
459,4247,30,x
9160,4179,39,d
6256,3815,34,q
6019,2042,11,i
1323,9995,34,c
8123,1819,23,u
8930,7813,2,n
6065,420,47,s
7503,3386,30,u
7532,4381,2,o
3956,3478,52,l
9307,6246,19,m
470,5931,45,y
7683,3750,7,u
6464,4455,4,u
5637,420,61,o
8524,5705,30,c
3379,8066,5,t
1364,4969,6,x
9030,2116,50,o
3073,5186,43,o
4721,889,14,l
6880,9912,9,r
7147,2466,13,e
3065,3284,20,r
9977,2955,8,q
6662,6589,23,r
3678,6507,30,w
244,5502,46,z
1444,3551,54,u
6827,970,18,d
6106,7294,6,a
872,2305,48,y
7000,3020,11,t
1845,9973,23,m
2561,6834,7,u
3990,2333,3,g
8701,2307,43,x
6427,706,25,e
2346,1677,15,z
2166,1911,50,a
9287,5358,2,n
7978,8639,1,r
4171,9049,17,w
1419,3582,10,q
62,7428,5,e
6483,6934,44,d
1623,9991,38,r
3448,8825,5,m
8705,8674,6,l
8437,5277,5,n
7248,2321,45,e
4624,5363,32,t
6824,6008,47,t
4232,1125,23,v
4186,116,29,t
6570,7240,47,c
7665,7773,3,f
822,420,59,v
7943,9040,35,c
5859,6848,31,a
5896,7852,51,g
8008,7653,5,n
8342,8105,46,l
8816,2732,8,v
5616,1528,11,j
8274,8043,32,l
7959,116,7,q
9920,5263,39,c
5811,6100,49,g
5328,764,4,e
2611,7953,31,e
8048,3070,4,r
7257,4844,39,w
4479,7260,3,i
4022,3312,18,n
6632,3223,42,l
5714,9274,11,e
7180,4768,1,u
6216,3216,52,g
8407,2068,43,r
7393,7168,32,d
3160,4218,7,q
7790,9631,19,n
5524,8069,38,z
8128,378,9,p
5425,4367,21,c
7356,9253,31,j
9284,2108,6,f
4583,420,37,a
2902,6604,18,a
5149,1718,47,q
5111,9379,44,n
8484,6398,54,t
7539,2127,15,f
1676,6667,5,c
2207,1492,36,b
1374,2313,41,f
7835,6499,5,y
2779,7058,31,y
8378,8952,33,y
7918,1287,37,s
551,6874,17,j
6376,6111,1,z
4232,3548,51,r
1064,3071,31,w
5359,173,14,w
814,7771,42,h
9622,4380,8,l
3224,750,23,r
1951,7939,38,s
8947,4761,50,p
9478,9475,33,j
3146,7530,15,m
522,7903,46,p
3910,8050,31,i
8510,435,29,q
3498,144,28,z
8293,6842,27,w
481,3106,9,r
7055,125,17,r
5743,1546,38,r
3849,2483,50,w
3149,8053,52,a
5652,3422,8,h
128,558,22,z
9506,5290,29,p
2794,6303,32,u
3288,9214,13,f
9344,8042,33,m
9668,7197,2,a
9146,4139,4,q
471,2034,13,c
2405,7592,36,z
4767,1662,1,u
8044,7411,38,g
1953,420,25,u
5975,1358,23,a
5539,3355,49,y
2501,5087,42,r
8907,9625,41,e
2886,6703,2,a
1878,9520,50,l
7846,6480,25,c
6447,3593,30,x
3685,1442,28,u
3556,9919,38,s
2257,6194,16,k
4240,3983,11,c
6034,6204,8,l
485,4232,39,a
1565,3664,10,p
9531,420,44,l
3927,7756,39,x
1490,2335,14,g
3817,8719,50,v
6643,2352,15,k
3186,6194,8,a
2950,6035,33,d
5167,420,22,m
6206,8487,17,n
3170,1394,41,x
4315,6325,8,g
3634,7353,47,p
496,1852,8,m
460,776,6,v
9560,5973,5,u
2625,1966,1,u
4161,4101,52,z
6122,8692,52,a
1569,5393,8,w
4768,1347,33,o
2886,2752,47,v
9946,579,9,z
4688,3071,45,r
5587,7924,10,l
8236,7056,30,y
1795,266,6,g
6877,3005,14,t
747,8881,50,o
4677,2404,21,e
3901,5881,28,f
9397,39,5,p
9614,8832,22,z
4701,7342,4,e
9385,6651,22,d
4406,6678,8,s
6579,3794,1,d
8999,5305,35,y
7096,7005,42,k
7220,8149,5,x
6274,8135,4,r
9425,8532,53,w
8202,1966,9,r
5303,6781,16,b
4156,5363,2,n
8096,8471,16,y
7187,6463,53,b
3326,8704,27,u
387,9792,20,y
9935,5284,14,t
2191,2760,45,l
2093,5765,27,f
2645,5367,53,l
11,9910,17,l
891,9457,6,l
2102,4406,53,e
429,1316,29,t
9646,8671,7,t
3890,111,45,b
844,9096,54,l
8563,8864,27,p
9583,6503,2,f
1394,5097,6,f
9339,7511,16,g
2037,9334,5,r
4946,893,40,i
9157,9102,6,t
9473,9517,10,m
8132,2751,41,m
9121,8447,39,e
8328,6685,23,c
5278,9533,7,y
2699,5319,46,n
3728,1850,9,u
8655,9115,34,w
7955,63,47,f
9948,1774,42,s
3847,6172,9,n
9983,1300,53,f
6205,3779,2,n
4981,9353,29,v
4045,1252,53,y
1262,2800,38,i
6644,6551,5,c
6906,6681,5,t
2967,7496,5,l
3780,9815,5,y
9872,9709,12,z
5838,8918,48,h
8491,6369,26,x
6733,1870,49,g
2129,7783,41,c
4505,9547,32,f
1112,9619,3,m
2853,420,33,v
8403,2520,3,c
4070,3470,6,k
7144,7641,52,u
8352,2632,25,l
5311,6153,6,e
8596,8189,20,f
7025,5907,8,v
7459,895,2,w
9459,2629,7,w
9425,46,34,p
5717,5576,27,s
7879,7675,6,d
6577,6229,18,w
6988,4985,1,z
9848,3911,34,z
6878,8423,30,t
3104,1219,49,x
9982,252,8,e
3048,1439,7,o
2004,3640,49,d
5493,420,26,k
3424,346,2,y
10,2638,9,h
4668,6033,14,m
5815,3149,49,h
446,9252,52,u
766,4888,3,s
7023,8014,38,a
9875,9424,15,m
5449,9968,37,p
5875,3187,44,g
2976,5641,5,o
1286,420,32,z
9340,5724,33,c
4194,5176,8,r
6470,9373,9,z
6490,9017,2,m
7609,7917,2,m
1975,6890,17,v
6090,4208,41,y
9946,7628,37,r
9758,1836,6,q
2900,9139,49,w
9809,8632,42,w
8689,6826,7,j
5875,5130,39,c
5277,6234,31,z
445,4268,46,y
794,989,49,s
3633,8557,51,x
287,1603,40,u
5930,1391,31,o
7958,3642,3,h
513,925,36,c
9162,7194,6,n
3792,8907,39,p
5630,868,28,q
237,5708,38,e
23,6316,18,x
2844,8650,47,i
3467,9569,5,u
6694,496,5,y
3039,1340,27,l
9208,2758,54,x
1248,5670,5,j
2832,8908,49,m
8512,4571,34,t
4115,5322,23,b
5914,111,29,x
9603,7812,52,h
5880,6137,20,h
513,6932,5,n
7236,3885,14,f
5263,7683,35,i
1879,8629,26,z
6007,130,7,d
8631,6198,4,w
3114,7160,7,e
5503,3304,7,z
1688,6982,49,p
5283,6828,20,b
5743,6528,10,p
8383,2801,34,g
8969,4681,9,g
4653,9679,11,d
244,2581,10,b
3767,1873,22,o
6110,6710,30,t
1337,9618,36,o
7922,8536,5,n
1897,1409,34,k
7426,7965,9,b
4656,8434,23,r
7716,9389,33,s
3956,222,45,e
4484,7573,17,l
6348,965,14,y
2225,2968,29,e
120,1105,8,g
3654,4151,6,b
4080,6926,13,t
1474,2580,39,n
6281,9680,9,y
4120,3560,2,v
5686,2268,34,o
8014,420,20,g
8122,5853,45,u
4919,8075,34,c
4998,8339,38,t
8820,3853,40,k
7419,5879,52,n
9781,5147,48,f
4668,5060,7,k
3987,7603,15,i
2311,5604,8,t
2742,8380,1,q
6777,4839,31,n
3954,2146,26,m
6607,4104,18,w
5315,919,46,u
9547,6102,24,w
2097,2830,44,l
6200,4312,54,t
206,1055,25,u
585,8978,16,i
4989,9376,13,k
1847,3801,14,w
7563,8475,9,q
3745,7613,18,l
7914,7101,3,j
6885,8210,6,p
9792,8352,42,b
4395,2862,28,v
9491,9997,11,t
3865,8575,54,q
5604,8259,52,f
5038,6088,29,e
9820,5722,7,f
9684,2530,46,r
4701,4267,6,n
9993,2253,41,a
5397,5477,11,s
533,2828,4,a
5549,8369,7,d
2472,7331,34,b
5952,9634,1,w
5803,1186,10,v
6278,1477,10,u
7384,9620,5,n
4177,420,67,a
8016,7608,8,k
8526,5928,41,y
7303,8983,9,s
2300,568,21,i
7173,4933,6,x
2904,9762,19,d
3056,2111,13,k
6069,3907,44,f
9932,7641,20,v
4078,6421,35,o
1361,5093,46,v
3733,7770,2,h
6782,6660,35,u
143,8890,53,p
1617,549,52,w
4664,8905,13,e
7216,3758,17,c
9467,5690,4,a
1668,3386,8,l
430,6307,5,e
4195,6938,8,t
7826,4764,1,e
1053,9914,23,o
1891,4323,25,y
9406,96,29,j
9085,3280,13,q
2522,1228,27,l
7009,7287,9,f
2876,6080,7,d
6644,7455,15,q
9783,2308,33,u
6982,2945,9,w
7178,4625,20,k
6264,2595,2,h
9134,3747,9,v
8304,9734,26,n
9666,7998,33,q
7193,3559,52,a
9220,203,4,b
1914,5845,9,t
6673,7543,19,k
42,8721,3,f
7492,9996,50,r
4950,6914,28,m
828,1833,31,y
3236,5965,33,u
1228,3429,32,q
6763,4611,36,d
8057,925,9,m
6694,1272,28,y
7446,6233,8,i
8358,6606,27,s
2569,6527,33,j
7663,5241,7,j
3318,4832,11,c
7573,1270,11,o
7250,936,9,w
262,1263,34,m
2194,428,53,p
437,2171,34,w
4483,3125,27,o
350,6297,46,i
7595,3434,25,e
9269,3618,42,c
4605,1572,45,w
1711,8555,9,y
6633,5913,46,f
712,1888,50,e
1378,8785,9,p
5043,7666,24,a
9828,1334,13,s
2482,6594,47,g
1733,2325,19,z
80,88,2,h
2594,7670,5,d
5989,9630,35,q
4157,5123,29,u
4590,6819,28,w
6781,6449,8,e
8468,1870,19,y
8058,3842,28,j
460,1595,43,w
8293,9892,38,j
2321,5683,13,c
9453,7711,5,g
3912,7093,34,x
7646,758,7,m
3532,2671,45,r
8474,1670,44,e
9116,6179,11,h
7247,4541,6,d
6666,3897,52,o
3564,6257,17,j
1250,5082,15,a
7760,420,54,x
9222,1960,18,h
3237,5662,35,y
8527,7135,28,w
6083,5941,5,u
5371,5147,46,p
8049,3876,29,e
2891,8282,3,n
2826,1017,47,o
7086,5121,34,m
8447,712,6,j
2051,5556,23,o
2971,706,47,q
1286,7895,48,n
981,7962,1,o
6554,6502,29,z
3371,2300,17,s
2388,8847,7,a
4824,4669,37,v
4974,418,8,z
9877,1513,33,y
6360,6206,45,k
3992,2445,6,o
761,9434,26,o
6318,989,4,u
7398,2146,44,h
4258,2179,39,y
8507,9134,5,n
1500,5723,49,x
8505,1643,5,v
1149,7653,47,h
8935,171,23,i
9733,7085,23,n
2708,8195,36,y
1422,3835,20,k
8433,420,57,c
6796,4156,47,u
878,2820,38,z
5662,2618,31,r
7917,3054,46,u
6435,9889,20,c
3348,8863,3,n
4796,8053,22,j
177,7261,52,w
8317,4978,25,h
9767,9685,11,y
2647,8860,33,f
9171,9080,30,s
7110,4898,39,o
86,7437,5,n
3459,2994,53,w
8558,2549,25,h
2264,5856,43,k
5378,3270,28,k
9250,770,51,i
5082,6859,42,b
4103,2201,21,w
9459,6768,39,w
9365,8005,41,u
6597,7033,33,q
1207,1698,31,n
7483,9218,9,n
6512,4833,36,d
8089,5944,3,g
9439,2167,5,a
1568,9749,31,w
3487,9281,3,s
8404,1112,12,y
2803,1722,6,r
4133,4295,31,h
5993,1146,51,t
9957,2297,14,p
364,1352,53,c
9482,5903,25,c
2970,4543,17,m
122,7538,54,z
2086,2832,3,q
6261,6207,53,o
7573,8304,46,n
4895,2092,6,a
6967,4283,10,d
816,9641,37,v
8870,4434,29,s
6702,3967,38,g
2606,420,54,t
9857,2627,1,c
549,804,3,m
312,89,46,k
6506,7879,42,i
6252,3358,42,a
1488,288,2,z
5540,7596,12,f
4213,1384,22,x
383,1899,33,b
3449,1351,46,w
8409,2953,41,k
783,3485,25,u
7881,228,25,d
5193,7285,31,p
3319,369,8,n
3837,4889,21,e
4558,9560,38,f
6597,184,5,i
3327,3487,19,d
9385,1157,24,z
4927,8465,45,y
9793,2277,5,t
4991,6126,6,e
2664,9204,10,t
759,8513,42,c
9017,9649,2,w
5837,4851,24,o
6253,686,54,n
5625,8755,37,j
5853,2492,9,d
5673,5417,15,i
5947,6998,46,b
9525,6801,15,j
5247,9536,1,p
136,146,3,e
6217,8454,20,p
454,9818,54,i
9681,1780,27,v
9815,3639,39,e
4014,2134,32,t
3378,9912,48,p
7041,9808,50,m
2024,7528,51,k
3688,5001,8,a
9422,5759,11,k
8016,1158,26,q
7570,2209,45,u
9530,9519,38,q
705,9876,5,e
3800,3284,35,u
1612,9478,18,s
5496,5381,4,w
3033,9937,9,z
4851,4028,39,z
4423,255,30,w
190,3100,52,o
9090,6465,11,c
1468,5753,30,o
2352,7837,34,g
8510,8992,54,r
2359,5326,53,q
1749,4237,44,o
2133,8407,34,w
6233,5439,26,d
35,3285,10,e
4446,5322,33,v
7936,3603,16,p
9640,6397,16,e
6196,2109,29,l
3087,440,52,q
3090,6616,9,i
6646,9731,7,z
481,983,6,o
2367,777,22,k
1620,906,27,b
3187,3851,44,z
5612,476,5,e
4015,8442,17,x
7185,607,37,o
5196,5461,16,b
8890,1266,50,t
1931,9827,9,b
2727,3396,8,u
7376,1960,9,c
3340,6174,27,i
3941,3793,5,z
4388,7701,7,z
1221,8280,2,l
5952,807,5,o
6332,2114,1,k
573,3405,24,t
8903,7526,26,s
5042,5665,6,f
4378,420,35,o
371,9539,43,i
9123,7093,46,c
4379,8214,38,w
8173,420,52,r
9490,4906,17,v
6040,8992,3,q
7525,7032,24,s
9103,1937,53,f
2600,7457,50,i
5703,9489,36,d
6328,253,4,h
4076,2876,4,u
6488,420,47,s
5945,5323,52,f
5165,6448,48,l
1182,3747,16,p
8111,8227,20,a
7539,9783,21,q
6251,6560,1,c
9887,2617,5,v
2473,2484,53,y
5166,8750,15,d
2708,3191,46,p
3980,3750,34,c
2411,8590,49,z
8508,6481,46,d
742,3993,46,g
4076,7957,17,s
6792,5408,19,d
7960,7725,46,b
9013,9284,4,l
8084,2065,14,l
585,4169,48,l
2870,645,28,b
4163,669,7,w
3674,954,14,x
4065,2322,39,b
3194,8850,40,c
2540,420,34,n
7646,6597,30,r
750,956,11,v
2302,5638,12,b
3864,2307,32,n
2144,6156,42,s
9249,1653,16,q
2120,9372,7,o
7441,2971,9,y
9996,1708,47,g
4779,1146,8,e
7464,9449,43,e
9057,5848,7,h
6285,4781,35,f
7144,5678,49,y
2664,8684,1,p
9999,8920,43,z
3835,4513,13,f
274,7059,30,k
362,6665,29,i
1160,4549,40,c
6240,7117,11,e
8395,8450,7,r
3839,4134,50,v
3841,640,36,t
4881,7814,54,u
4256,3536,47,a
1772,1553,3,a
8758,8606,24,x
2266,8853,5,g
7925,6780,4,p
1882,7304,40,v
594,8397,51,o
638,6191,17,c
934,4025,30,n
6870,2439,44,i
2733,3946,24,v
2757,1221,39,i
4017,265,1,x
209,5678,21,r
8155,6574,49,i
6536,1981,45,d
2543,2355,8,r
6514,222,9,q
4673,6748,41,w
475,6932,32,e
2973,6095,35,t
5428,6392,6,d
2642,7156,8,j
3307,7093,20,q
7179,3710,24,f
7725,7231,17,r
2098,2493,47,d
752,6487,14,a
3820,5020,5,c
7824,2092,41,f
3725,1235,22,j
2349,8781,40,s
2888,5737,8,x
8120,1663,1,w
9754,1741,25,l
2422,8077,45,e
6874,9497,27,e
408,6858,6,i
6174,1087,35,h
5626,9141,8,w
2589,8976,6,r
967,4097,19,t
1990,9703,28,w
6681,3852,31,f
3267,3068,7,u
4613,1785,50,w
4693,4155,3,q
9889,1343,6,o
1119,2658,1,s
6797,6281,50,g
3948,2358,25,e
4597,1839,9,i
5576,7456,49,l
3770,2668,43,v
7618,3441,24,f
1303,8711,11,s
7937,5631,34,u
5148,139,30,x
429,8057,6,g
2758,1614,54,j
6108,1885,14,b
7091,4602,25,o
3088,7230,52,j
237,2223,28,j
6028,8292,6,q
3015,7636,44,s
8708,3397,44,n
9065,420,43,j
2591,2208,23,o
8755,4171,15,c
2067,8722,3,s
1277,6556,13,b
813,9432,6,z
2101,6339,54,q
7724,4440,39,p
7158,848,7,a
4463,4246,28,s
8825,9944,8,l
8107,7689,30,b
8505,2111,27,u
1204,1817,6,m
5544,3723,42,x
3747,3123,50,z
6968,854,51,s
3883,5225,17,x
9593,5301,49,e
3071,6660,53,h
7879,676,36,z
4107,8619,50,h
7227,7376,5,u
4450,7352,13,y
7861,1510,41,k
3794,9465,7,j
6761,8078,54,d
5376,6843,9,p
9096,7282,7,k
2398,2357,8,w
7348,5525,16,t
2749,1640,37,x
6287,420,50,v
9187,6732,6,h
3399,7651,6,a
4137,6258,31,z
2378,9528,47,d
287,5536,30,e
9722,1030,5,e
9890,7301,43,p
2156,229,12,o
7391,3306,36,c
763,6398,4,l
68,599,7,x
6768,4936,4,e
1377,8279,15,h
9784,3498,17,p
9460,2854,18,q
7657,9698,8,i
1269,2757,25,b
8073,9070,4,a
9353,859,19,y
5365,6741,28,p
8649,5127,50,x
1045,9473,17,e
231,670,50,b
8730,5735,49,m
466,4631,25,a
680,1432,36,y
4932,9725,10,r
8562,1708,22,m
1148,9812,37,m
635,420,30,d
6466,554,36,s
3031,428,5,k
7063,1103,17,c
2885,802,49,c
4782,3749,10,x
721,1235,44,p
5386,4252,25,e
2276,1506,10,w
3461,8769,9,m
2617,236,8,w
166,173,1,e
3483,2154,14,p
7219,5980,51,t
19,5669,1,q
4685,9126,41,q
1603,1006,21,k
696,7951,28,e
4570,2784,8,i
3744,788,5,u
7670,4160,5,z
797,5021,11,n
2713,6458,54,o
9250,7435,41,d
7891,5388,39,s
4114,48,33,t
1719,2061,5,g
2335,4242,19,p
9692,6711,14,n
7590,7799,52,x
7116,9669,15,l
7668,2370,25,b
9791,1288,8,t
5750,6045,5,z
9270,8805,20,n
5687,5048,43,o
8670,2329,3,i
8084,9782,12,q
2452,2379,34,s
7022,9496,22,k
851,2137,1,g
8361,6743,10,k
7965,3417,6,y
9093,2624,8,f
5114,4267,9,y
6140,8498,17,v
6844,9956,9,f
8218,3793,20,g
7639,1752,6,p
2660,9369,34,f
9614,308,13,i
3018,5322,27,d
7773,5764,31,j
7664,7887,38,m
2613,9263,23,j
7513,9777,35,j
2082,4066,29,j
1324,3202,13,q
9817,6998,9,u
6013,2323,53,b
4414,1142,18,q
9954,3902,37,z
3877,6229,44,w
738,8040,19,m
6479,4665,1,l
4199,4264,6,q
5222,420,35,y
9798,5760,23,c
5768,6387,8,a
1879,3437,14,b
2793,3058,33,o
3898,2961,27,y
8631,5139,3,y
8581,1028,22,i
3165,3718,51,v
3072,7904,2,r
4642,6480,10,o
7230,9190,9,d
1128,9963,54,h
8196,4981,32,b
3612,2411,1,x
892,1179,8,e
3335,8163,8,n
9905,5905,7,y
8226,8045,9,c
6042,1784,19,p
3171,7465,6,a
6976,9910,6,x
8626,6569,1,y
4504,3265,13,c
8194,771,7,c
3828,5087,50,g
5828,1968,40,e
8343,7415,7,x
7363,2180,20,c
5049,7918,29,x
1820,2457,27,b
2553,8646,32,r
1487,9720,32,v
2988,559,52,t
1070,9192,2,r
3521,6722,1,y
1756,3433,21,s
9627,4010,43,f
1348,9181,25,o
1203,4989,16,y
887,4468,49,q
4535,1567,49,i
8998,4553,5,k
4819,2516,1,i
4353,1156,49,w
4298,1424,51,t
4013,4535,8,z
8189,6561,7,j
1626,3997,37,y
9770,6253,37,v
4117,4009,39,l
7180,1512,26,x
5122,3096,26,y
8448,7680,54,l
2660,5500,5,i
159,6657,5,t
8225,5397,1,v
1288,8094,41,p
6834,6677,31,b
3863,9550,13,h
7375,5682,54,f
4630,1203,39,y
1395,876,54,o
1096,7691,44,s
5667,2376,44,m
2884,3803,12,d
4629,8917,29,r
8152,4416,26,j
1411,4175,38,o
2852,4037,26,r
2726,6948,21,o
7381,7472,33,h
4668,3428,50,q
3411,6380,8,q
3204,8573,48,u
2758,2187,7,q
5512,1920,7,j
8437,5627,34,c
9247,5892,24,b
2283,1593,43,o
97,7714,22,k
1632,10,52,f
2529,420,21,g
7708,1311,44,o
7811,575,8,h
4662,8269,8,u
8083,3965,14,i
9896,5959,6,f
6305,2357,7,t
4879,740,1,x
8642,6034,21,f
1508,2126,44,d
2049,6114,3,e
9902,6847,8,g
1256,9749,21,i
9385,894,43,h
2516,4358,18,f
6080,2445,38,v
5617,9392,8,s
3841,4248,4,a
756,5003,30,p
6923,4961,15,q
4545,420,49,q
628,7401,7,i
3147,1961,11,a
7112,4532,3,u
5840,8288,39,h
2220,4158,27,q
4583,2369,54,x
6322,9552,7,g
9901,3943,51,b
3799,6803,10,e
420,5748,41,x
2045,7245,22,b
2857,1303,54,m
8832,6950,16,v
3755,3466,14,p
6735,879,36,k
1029,2740,45,h
680,6102,9,o
6169,5114,7,a
3634,6507,5,z
6375,4217,17,l
2495,9312,28,t
9659,7590,42,x
3009,1591,9,e
7815,7556,3,r
891,3985,7,z
3401,7419,19,c
7547,7849,41,w
8375,2136,44,c
2220,2964,27,n
7302,6046,34,b
7820,8531,24,a
2114,2399,23,b
7953,9736,33,x
7629,7278,48,d
6334,2632,5,l
6970,7511,35,h
3908,2181,1,a
4995,4965,15,l
9594,8959,16,p
7558,7640,9,g
2010,924,3,m
6008,9674,14,b
7394,420,34,q
8524,4013,10,g
8195,420,63,e
1422,1641,3,i
6284,7215,6,z
6560,7844,7,k
7258,5700,9,e
6608,9996,38,l
6997,235,44,k
5389,3469,35,u
5386,6594,15,v
7988,1860,27,b
306,5331,5,k
5971,3883,10,p
8255,9970,24,o
3066,8552,28,c
3555,9116,30,v
3192,702,31,l
4682,519,45,s
8103,3005,39,y
4442,3795,53,l
6776,1976,21,h
6908,9738,6,n
2640,4831,32,i
492,2043,19,u
125,420,65,k
3115,9581,7,y
2627,6042,9,w
1601,3090,21,f
8767,8516,17,i
6110,2490,34,i
395,787,31,h
6018,3320,23,h
2114,2450,15,p
1639,545,23,i
689,9845,45,u
8277,9165,11,o
4993,7085,38,c
3946,3034,45,h
4905,7391,41,e
7880,4921,28,a
9917,9209,2,h
8584,1696,11,w
5242,5322,14,d
6121,9445,29,d
7384,4399,6,q
6804,4827,4,u
3707,4970,1,w
1981,4156,7,e
5682,3069,7,q
113,8523,8,x
713,3470,30,l
1216,6253,50,h
5171,5700,20,u
2030,5793,4,e
3726,1025,22,h
9488,7663,26,z
1252,4761,3,n
2660,1625,7,h
4381,4988,19,k
4097,5516,9,f
4446,3520,45,e
2065,6900,38,y
7875,7403,22,q
2081,1954,25,a
1231,605,2,v
4948,3483,6,t
337,3799,29,q
1331,3034,35,k
6485,9800,6,f
7555,2086,2,g
6034,6290,21,a
6402,8698,42,z
9993,5810,43,d
6294,1121,54,q
99,5032,7,h
9725,2014,25,i
8316,2647,6,j
7533,6392,47,k
6377,8324,3,g
6144,9657,35,o
8708,3187,7,u
7153,420,56,t
3520,5901,1,z
4549,6328,11,s
996,8149,35,q
1702,2730,28,k
6274,6946,13,a
367,7652,13,n
1909,3721,54,h
3233,6478,47,h
1253,290,27,e
3461,8422,24,b
415,9597,21,l
1839,8160,6,f
2412,7589,54,g
4333,6648,7,r
338,6698,8,q
1263,7233,43,d
7270,1485,5,r
3232,3836,9,j
4782,7467,6,b
702,3805,34,f
6452,1663,49,z
1272,296,19,e
6719,3195,37,t
2288,1351,16,b
110,402,8,i
2879,755,7,i
2395,8514,39,l
6954,4622,20,c
7310,3682,44,f
7627,1588,8,q
5302,7129,33,h
5797,1323,4,k
5539,301,47,k
9683,6355,22,g
5531,2896,1,z
7123,36,5,q
8537,2030,14,m
6297,6910,47,e
6800,266,10,k
912,7180,43,t
9638,5047,43,p
8588,48,48,n
4819,1495,30,k
6181,7124,4,x
9021,3910,6,a
7619,3332,23,l
8675,6836,9,n
1376,9579,8,f
6388,420,62,g
1241,1840,41,a
9507,6820,3,h
8516,6285,7,f
9216,7952,11,u
1032,1909,24,w
326,420,37,k
4957,2046,9,b
9683,7956,10,m
9644,760,13,p
1725,5876,7,g
9722,766,28,f
447,9746,53,h
7668,6547,41,m
2450,3095,44,a
562,7770,33,i
7674,106,18,s
6433,2355,6,s
6102,6552,8,v
8853,4120,52,u
232,9431,9,n
457,1616,19,p
1774,8310,54,z
152,2560,21,i
2748,222,1,v
287,5369,8,n
1283,6060,26,s
3856,9831,6,m
4202,5605,11,a
9959,4734,17,i
9292,3393,1,e
7584,1407,50,r
3991,7154,29,a
1685,9219,24,y
2984,6932,8,o
8853,9181,18,s
1164,5375,11,u
627,3742,20,n
6763,4363,7,r
3622,420,53,c
5886,8038,1,y
5048,7620,23,l
6575,1363,46,g
3727,7556,8,c
1898,2755,23,o
6325,6820,52,c
304,5591,11,r
4145,9061,38,b
462,5155,49,h
6741,255,31,l
2355,4520,19,y
7318,5971,9,x
2907,3466,7,r
3110,7887,47,j
6476,2913,42,t
129,5743,11,h
9993,4210,8,h
9265,444,30,g
3576,7223,49,x
9840,7753,26,y
6972,8107,33,j
2660,5899,15,j
2630,2557,30,r
9805,1836,40,j
4059,9897,18,z
2305,278,23,j
3065,3828,46,q
7437,822,7,r
8630,790,6,c
6072,2842,14,u
5366,2605,16,a
1718,4687,41,w
5846,9153,21,p
5053,7483,22,f
5247,7667,21,h
9290,9243,54,g
6965,420,62,a
5521,8326,44,n
2869,9691,4,e
580,1037,1,a
313,9755,16,y
5694,9653,29,e
7371,1685,45,k
5286,1867,16,g
5188,224,16,f
4584,9381,15,q
6475,9070,43,s
7530,4505,40,j
4787,3344,9,s
4265,5942,52,j
2998,5214,49,z
5643,363,14,u
539,4863,8,z
5641,5289,3,w
5030,811,26,t
3511,5880,10,d
2595,5059,38,s
8579,424,24,k
5369,951,54,i
8107,9708,45,n
781,8082,35,s
9325,2604,12,p
3462,3665,46,t
2015,572,8,m
2348,3830,1,y
8161,663,5,c
7743,4639,4,h
1074,3069,42,u
1452,6081,7,a
6036,6935,50,i
587,420,54,l
5569,9841,28,s
4030,9577,3,e
9517,5513,51,a
2355,7403,10,v
6956,8805,36,s
6057,2195,13,k
8093,87,26,l
7588,6799,23,b
6951,5889,50,r
6742,3888,2,p
3802,5414,9,h
677,5970,41,v
9864,1747,47,h
107,5753,26,b
8604,1314,29,z
5574,8956,46,w
3174,9194,7,d
606,8024,37,w
175,3245,9,p
1367,9925,54,j
2819,7692,24,h
7740,5957,9,m
5559,1385,51,p
4916,3638,7,r
811,6105,4,m
5551,7135,17,c
6662,618,19,k
408,4042,26,y
7587,1556,48,x
4687,1509,13,d
3173,4220,11,f
5621,6792,45,j
3796,3688,34,z
7379,420,22,b
4241,3721,8,m
2589,5079,32,d
5416,4081,18,z
4503,8085,13,t
7077,9166,24,f
948,8019,9,i
5423,1384,20,c
2098,4445,13,q
259,4006,24,f
4815,9576,5,p
8755,4095,19,i
4581,1246,23,l
638,9410,41,p
533,8148,27,r
1228,5654,42,g
3947,5318,22,j
8517,4439,31,w
3339,3852,32,x
3555,5932,16,v
4773,4076,42,x
7251,7713,2,q
8933,7469,8,c
9848,9884,6,x
1075,8017,50,j
5303,3258,13,p
7529,3795,8,w
1676,9918,6,a
3112,6611,5,m
4722,3230,54,k
925,1841,21,z
7882,5624,45,q
643,420,51,z
5615,6131,25,v
4692,9735,7,f
516,6258,52,c
9356,2408,44,g
1340,3980,52,q
7709,8947,1,x
619,4728,44,m
9247,6843,18,s
6335,3638,2,s
7552,7392,35,c
2186,2469,8,j
5302,4894,26,t
8314,8126,49,r
7323,2071,12,o
8737,8217,18,r
123,954,47,z
5965,420,69,x
2951,693,6,j
1828,4428,37,a
7221,9798,49,z
5037,2700,9,e
289,2540,29,i
2739,6562,33,v
4688,4121,25,l
6244,1776,33,d
8260,5896,5,e
1548,5052,47,c
526,7244,39,x
5449,289,4,e
5963,6022,46,u
9111,18,6,n
8390,7550,28,o
7604,4501,19,i
6397,8802,10,c
1565,6008,47,q
9409,6468,32,f
3586,7412,14,k
6711,1807,26,o
5490,2460,11,w
3906,4492,5,q
701,3885,1,t
2142,287,5,z
1775,9539,44,g
9624,6574,47,f
9535,9301,20,c
8094,8955,2,b
4203,4802,28,g
7280,6279,33,v
9224,4973,39,x
2118,8745,7,i
7104,2684,2,w
2586,3856,21,y
6796,3280,37,c
3678,6799,37,z
8456,3005,20,f
7254,3793,23,s
844,6438,32,s
7241,9000,39,x
2262,671,1,g
9520,1366,47,n
7091,5704,15,t
1903,3563,26,u
6174,8931,43,h
671,480,8,u
3445,2069,52,b
9937,3430,35,m
9260,3583,47,t
6031,4812,41,q
6420,495,6,j
6151,8200,31,j
8282,5133,49,y
7396,5810,31,w
2373,2129,26,j
8447,3234,44,p
2816,7679,7,w
9166,3068,10,r
5323,2624,48,b
6811,119,33,t
1980,3760,12,z
5829,8281,6,g
9074,5694,35,d
5875,9485,9,l
9579,9395,44,n
3944,626,23,i
1130,8081,46,b
146,147,6,s
6768,6823,3,j
7068,1837,38,p
4706,3931,10,c
4236,1980,36,d
9144,6551,17,u
1097,8544,9,i
2840,5363,53,p
9691,4182,42,m
5311,4452,36,s
6524,3596,4,z
2474,8934,46,t
8710,9556,1,f
928,9526,8,j
6096,4894,8,b
9965,9936,17,c
7130,7660,5,c
4538,420,48,u
5050,843,33,t
2050,3290,7,x
1578,5997,5,l
2355,5901,37,p
3440,2271,32,i
4102,3103,28,w
2569,6172,5,y
3096,162,46,u
2762,9933,53,p
1332,1193,43,b
7915,412,6,x
3131,5131,30,h
3812,3387,7,n
146,8487,9,i
1854,1004,6,k
4507,68,5,u
4259,9970,18,c
3827,7312,11,i
4832,3098,3,s
2483,3396,27,t
8486,517,12,q
3036,7193,1,q
4493,1546,54,g
8003,4660,5,z
8489,5705,30,d
9133,4873,43,n
5462,5097,1,c
9228,5527,32,r
2322,6358,9,r
6794,651,4,g
8665,6471,2,o
1074,1476,8,e
3796,707,26,j
6117,701,12,o
3045,3948,6,a
3395,4901,5,e
2238,2402,36,s
5835,2418,8,e
4353,5252,25,x
2753,8987,39,u
8106,5391,44,q
1910,6297,24,r
29,3147,44,n
8299,321,24,n
5826,9890,18,b
2282,9450,22,x
5917,3735,17,t
5388,227,25,v
7637,420,63,e
1169,3788,54,t
5438,420,22,z
2964,9722,18,n
3483,1787,5,q
343,7618,17,v
7831,9405,7,o
2799,788,20,h
2989,2136,24,a
4156,235,17,e
7572,541,1,l
1987,8024,17,b
4125,5968,5,k
4241,1245,35,j
7019,7458,6,f
7321,9337,6,g
4407,611,5,d
3369,8273,6,q
7007,5108,9,f
2264,8319,43,j
4528,9561,7,p
9831,6424,34,b
9657,2168,13,g
2637,935,6,l
2163,5188,26,r
9878,2646,49,q
2810,5129,34,p
879,9925,29,l
8830,3713,9,c
1106,5608,31,d
8440,5084,9,x
7992,180,21,b
6312,6991,54,d
3889,1099,47,v
2575,8752,41,z
3188,3686,3,h
5849,5594,16,r
6163,4253,9,c
9238,4555,5,n
380,190,12,q
688,5153,23,e
6292,4363,25,r
3652,5972,33,g
9814,31,43,z
4712,9586,24,o
3495,420,41,t
7922,5862,34,k
3431,4383,50,q
6987,555,8,b
1227,8233,39,f
504,2363,47,a
9840,9747,48,s
6696,2571,34,k
6903,5964,23,t
8966,4058,53,o
6210,2307,9,b
4113,9000,25,f
4682,5727,7,y
3923,7759,35,d
5605,2323,52,s
6013,5060,8,y
6034,5745,27,m
4941,4821,28,w
9050,6103,20,z
9613,6542,13,o
6767,369,18,n
329,2598,41,i
2885,254,22,a
7107,327,39,v
8259,5559,4,w
5256,5623,24,k
359,15,30,u
9480,7745,42,a
1757,2414,27,l
7822,9624,10,x
3387,1149,30,e
9494,5314,41,w
1803,9003,29,c
719,8591,51,o
1681,4677,42,h
240,2701,4,h
479,9669,47,l
1643,2161,37,y
4018,2238,6,a
2153,9525,32,d
1331,420,37,d
5795,1666,6,k
4203,4821,37,s
1420,5760,5,q
1066,1575,52,g
2278,8129,25,b
5853,8368,16,b
8643,1442,9,o
4429,8435,14,s
9330,9350,31,u
2099,420,61,i
6977,4841,35,s
6038,3969,4,r
6294,4372,20,z
3828,584,26,n
7403,3563,6,o
1987,4254,50,v
4499,7934,50,u
9632,6352,5,g
2286,420,53,p
5843,3089,35,x
7643,4295,6,g
9072,4528,5,r
9990,7127,49,u
6418,746,28,l
8338,8030,31,a
8695,5686,17,b
1415,3413,5,x
21,3216,8,v
6527,2185,39,w
5696,1923,18,f
7316,4735,4,m
5298,9032,30,v
8339,1806,10,p
7386,3900,14,y
5729,6354,43,y
1831,6649,36,q
4240,4282,5,t
9411,4033,46,u
1896,7803,48,b
5153,5964,37,p
8137,4686,11,d
4688,1793,39,l
3018,5901,9,q
1893,9834,35,m
9627,4905,30,h
9891,6389,40,c
5689,3106,15,p
8086,2403,24,o
295,1011,51,l
2338,6964,7,h
7309,6550,3,d
3363,5956,6,l
3734,1143,29,q
4689,677,26,n
4279,152,26,f
8839,499,14,u
5324,9225,4,i
4654,4971,53,s
9152,2830,37,q
3197,9121,42,s
5151,545,31,w
4439,8844,51,n
8533,3951,7,q
5733,8667,5,y
9380,420,45,h
695,2163,50,t
3118,4165,6,q
3984,2072,5,g
6248,4973,9,q
9535,8689,21,h
2880,2146,44,t
3811,5775,44,t
535,7541,35,u
3758,7726,29,b
9855,8013,14,r
5855,5924,28,c
6764,9666,1,m
3532,5743,45,d
6426,220,37,d
2989,8066,53,v
836,770,44,n
8448,6760,54,b
5358,941,22,c
4303,7809,27,b
2427,609,42,e
22,6752,10,o
5790,8762,33,i
3727,1505,46,t
2442,4820,14,b
4710,7398,27,n
3201,9740,2,k
2877,1645,10,b
8462,420,21,o
1547,3837,43,x
5621,6440,45,a
1124,4746,24,l
1023,8723,54,f
353,9339,48,c
8993,3769,41,u
1265,5014,4,s
7288,1738,21,i
4386,317,5,y
3164,4188,8,l
6205,420,27,m
2988,9437,39,g
4278,5440,2,u
6705,3674,33,k
1738,5661,50,b
5591,5228,12,b
8304,2294,36,y
5839,248,19,a
3843,9296,48,x
1363,8043,46,b
632,84,37,w
3003,5487,6,o
7553,7721,30,b
529,7045,38,m
8654,9877,41,j
597,8457,44,w
3535,9646,26,z
7812,1348,18,r
5205,1953,11,v
1583,8546,37,e
1675,5157,6,b
7254,2486,35,s
6620,6277,16,h
7439,420,32,y
2524,6369,31,v
4942,2264,1,c
5116,4266,24,g
4375,1720,51,n
6580,4732,8,d
9210,5538,11,c
8519,3515,36,p
9493,2589,33,t
7771,1092,52,y
7052,4981,42,n
2294,420,59,h
7179,3167,8,s
7595,1992,7,r
593,8863,19,i
7603,9932,23,f
6142,7788,53,w
9141,4076,26,f
769,5079,36,y
4587,6026,34,o
2899,1939,37,w
237,3244,30,h
5273,6756,17,r
8753,1457,50,m
414,6753,1,c
7293,1606,7,f
207,213,5,o
5916,2999,9,w
8019,6746,28,f
8540,3695,52,d
5430,716,7,a
2176,420,36,f
774,6361,3,v
9947,4534,38,g
9295,2502,54,u
9926,2531,43,e
8672,7174,26,s
2395,3666,46,f
9958,5488,8,n
4514,3056,52,w
5591,8423,9,k
7185,2427,4,b
6184,9063,30,s
3239,7501,7,o
610,5383,27,z
1971,2547,41,f
2807,4571,27,d
7531,3619,13,x
2368,9967,30,j
4814,9375,49,m
5736,9145,32,s
5957,3637,53,h
3751,956,10,f
9843,2129,6,n
4021,420,29,k
9163,420,67,b
5203,5796,16,j
8512,853,35,y
1705,3311,26,m
8633,4707,18,d
5373,288,14,u
2333,5737,44,v
9610,5325,45,e
9147,1561,37,p
8859,3656,53,o
3138,7911,8,t
9687,249,41,p
4811,402,31,v
1915,9023,39,f
7147,6516,41,q
2528,646,46,x
4187,3594,9,k
7350,8380,26,l
1285,5271,25,v
4746,2822,3,m
5099,1606,33,l
6625,2771,4,w
6444,1171,2,s
6094,9333,9,k
2440,5120,1,j
8680,4868,51,y
5535,5371,8,x
4494,8123,32,k
5506,8068,2,j
1902,1712,6,s
592,6326,7,g
5580,245,22,s
2492,9913,52,j
5115,9000,35,u
2661,3394,35,n
3401,6837,9,p
3004,4706,9,j
5590,7954,2,s
2502,8830,9,a
2012,1181,39,c
2438,3545,9,q
968,7495,48,c
7248,196,42,u
7267,5892,33,a
1460,2117,10,x
6869,6738,12,q
3145,7241,7,m
3078,4699,32,b
6841,108,14,f
5982,2571,5,a
1121,746,16,r
2051,7128,5,s
7007,5621,6,f
4852,601,26,x
2927,2253,5,o
6647,4180,39,h
231,2131,4,m
9589,9585,5,d
8684,2585,27,z
6818,4292,21,g
4418,4896,45,r
9769,7338,5,m
2939,7701,2,w
6041,4708,26,h
4222,1180,27,x
1891,2028,31,f
7662,4426,16,u
9884,7699,53,i
5071,5151,9,y
2563,6526,6,x
1285,868,40,o
1330,7032,17,j
2340,6298,6,k
3303,8161,51,b
3722,1246,39,o
7149,496,40,l
814,420,26,f
9900,5964,30,a
53,1937,3,r
8462,8007,47,r
4706,2812,13,v
753,2510,21,z
7985,7706,52,j
2151,6518,48,x
6457,1681,4,e
8291,7813,3,g
583,6485,26,f
7336,3088,5,b
181,819,32,m
7443,474,27,o
3710,2322,36,f
3715,8903,21,e
7268,4117,9,n
5570,4614,54,j
2020,9021,28,k
9849,6572,46,e
8948,766,44,t
1520,8204,53,r
9770,6631,42,o
819,1239,38,g
7333,8726,34,n
4189,3765,53,n
6219,7293,3,o
8730,9375,37,f
9056,2872,1,h
253,2333,54,l
6154,1597,8,f
9713,5604,41,n
7792,5021,40,v
2493,8351,24,v
2215,9639,25,m
5633,420,33,f
4132,3580,4,v
4009,4356,25,m
6820,420,61,y
3826,1195,3,a
5123,3679,14,d
1635,6071,17,x
8309,3495,19,v
175,826,2,y
2820,7851,32,o
1787,5668,32,z
4215,9881,4,m
1015,9597,30,h
8560,2778,35,f
3889,7660,18,o
8197,805,34,e
1978,3691,33,t
1831,6884,22,b
757,8512,5,p
1494,4270,46,h
7838,6811,31,i
9148,58,9,f
1177,1552,41,p
5941,4199,31,g
3267,9502,12,a
8626,6349,1,e
9244,2113,50,c
2475,1059,38,k
4276,7314,34,l
7403,9308,49,r
7515,8238,52,x
4422,5501,6,e
6294,5277,42,b
4147,7836,20,x
7008,420,56,e
8293,5443,9,x
8860,442,49,o
332,2136,8,y
2207,4035,28,l
7622,3744,47,u
1744,7529,49,v
441,9819,8,j
3283,9324,2,m
8184,5164,54,w
6168,9740,33,j
8777,9606,52,m
7782,2603,25,b
3871,901,1,o
1687,6388,49,x
7155,3189,24,w
3091,3502,18,a
7503,420,59,t
450,8844,32,c
8010,3877,5,o
1762,5428,5,p
7799,4862,30,i
9996,420,53,a
7878,767,19,n
1201,1102,27,i
577,6717,35,k
1435,420,55,w
3504,8093,53,b
6205,4128,7,c
6743,1326,9,h
8530,9410,26,a
8057,2056,43,x
9700,2772,43,m
8541,2845,9,f
5696,9610,15,z
5321,2993,9,z
7488,3075,38,f
3504,980,50,z
7767,5729,18,u
1688,8112,44,w
2201,9332,44,u
4622,4170,16,d
2221,7453,45,z
40,9014,16,q
6857,1377,17,y
4472,4495,40,a
1233,5798,51,a
341,2478,20,f
3500,3051,27,t
8789,6630,4,f
5196,266,26,x
6444,8207,7,u
7201,6000,4,i
3179,8571,48,c
7976,2141,5,t
8763,444,9,y
1184,420,67,h
509,9448,7,c
5046,5489,23,w
3534,420,29,k
3695,5145,20,d
1427,6071,19,s
8751,6115,4,k
2429,6191,21,e
9814,8429,48,o
8309,7299,34,m
4016,1191,25,c
6762,3686,38,u
194,333,9,q
4730,339,17,e
4,1750,44,q
1365,1363,18,e
4134,5530,10,b
2900,1868,46,t
5735,1568,23,r
4899,2403,4,z
4912,1951,54,z
7332,9961,7,s
5605,7460,50,i
847,4772,26,d
5266,5354,47,h
3933,4570,7,n
1241,5847,40,g
9312,1071,15,q
1475,5087,7,d
6038,7756,46,w
111,3701,54,u
2910,5571,14,t
9414,1890,49,v
7975,7634,35,q
6322,2988,45,b
8163,4169,35,s
8723,7462,43,c
3711,5703,14,j
7542,5712,26,a
1265,905,20,z
9338,4634,7,u
2297,8151,27,y
2077,5245,5,i
9744,4011,46,y
9277,6293,23,s
7825,6420,7,j
1434,7166,53,r
8625,6180,29,z
7213,887,33,l
4603,9795,37,y
5635,4247,34,m
7349,28,13,s
2870,7814,5,t
5455,2515,40,u
8412,8949,12,q
9593,809,14,a
2398,6526,20,e
4884,4754,39,c
6730,7045,54,q
5730,1009,26,f
2546,7257,44,d
7613,7543,36,c
3213,2496,1,h
7896,7046,3,y
9980,2682,24,u
7493,5468,12,d
7445,9098,45,l
8946,4938,5,z
4734,1379,30,l
6652,8792,35,l
7957,3545,50,d
3822,4250,2,l
7303,2195,35,p
5873,9888,49,g
7371,8853,43,r
6146,7523,38,e
7292,420,61,z
5263,6385,4,s
2831,9370,28,d
6672,5232,37,g
8468,8274,50,e
3246,2155,21,h
2993,301,6,r
1248,2143,2,r
8446,8602,5,h
1172,9932,50,y
9952,8690,5,l
9641,297,44,j
4487,5402,3,k
4272,691,32,k
8529,6136,9,p
2031,727,51,m
8725,3278,6,e
3569,9273,5,n
9909,2974,6,c
1114,2363,39,t
8846,6370,8,l
1347,7189,44,t
6230,8949,54,i
2317,2107,7,d
5430,2639,28,s
2517,4541,44,u
3237,634,20,i
8663,2747,4,y
2459,1015,10,j
9224,8724,8,c
189,842,22,w
5660,309,8,p
5118,7160,4,j
4127,4021,50,v
8543,5470,12,h
1057,4557,5,k
9875,4013,44,q
933,5458,29,m
6898,1010,53,b
8187,3302,35,i
2021,3261,6,o
5353,6192,48,o
1008,3345,44,b
27,5142,26,r
9892,2676,41,j
8362,3030,51,l
1192,4286,15,w
3044,1817,7,l
5370,921,39,p
1010,3533,33,u
6775,1047,24,c
6513,7550,2,r
3252,3861,50,u
8991,2585,41,f
3472,6075,1,f
2283,6343,6,h
4001,420,52,j
7124,9603,8,v
1234,3621,18,u
7813,5984,32,x
8752,2075,27,e
1960,9285,6,b
8772,9747,21,z
7650,6725,8,b
8232,3373,38,b
9128,6151,26,j
7515,3663,45,z
9055,9912,2,f
9465,4035,40,c
1347,6511,53,g
6827,5916,45,z
1298,8145,49,e
2611,6809,1,j
5036,8900,34,y
6685,8916,41,c
5777,1319,48,d
9259,9995,11,w
3060,420,64,k
8286,4812,8,y
2496,1388,14,v
847,1160,15,g
159,4451,20,r
9889,2240,52,i
389,2564,9,x
1111,420,51,d
5185,9774,44,m
9085,3022,1,f
8043,2938,24,k
7060,1970,34,f
678,6761,52,z
386,4422,20,b
5128,3788,7,v
966,8038,27,p
5393,4168,33,c
9582,9097,34,l
3198,2416,13,u
8872,1749,33,f
632,2574,38,o
1943,3241,1,w
2639,5110,45,d
9806,5043,30,d
1880,8497,53,b
4657,2861,41,y
8257,5313,54,v
2307,3062,42,p
520,5949,5,v
499,1967,25,j
4208,1755,52,s
7241,3868,25,t
8613,7957,5,k
3032,5522,20,h
9526,9163,4,z
962,6743,14,j
7409,8009,52,x
4495,9675,48,c
1582,3679,19,q
2255,931,6,x
4505,5219,25,l
7653,9631,26,e
6300,2464,41,k
4252,912,1,t
8638,9682,33,d
6113,87,9,q
1940,9610,31,k
5195,190,8,b
7910,1120,7,d
3685,6983,16,y
8721,9071,2,n
2448,2330,5,i
5668,4048,14,u
9421,466,11,a
9948,2514,48,p
9121,7978,7,p
207,7960,18,j
1379,1710,50,j
4118,8765,10,u
5246,1926,23,a
624,493,41,m
2603,3161,9,q
3608,4688,8,u
6597,9076,34,x
6099,420,31,x
2951,5718,4,b
6588,5245,37,q
6173,9010,49,d
5309,3684,43,q
6635,1903,9,c
9215,8399,39,v
8873,3327,26,s
3934,9746,53,c
9258,964,18,i
6266,5220,22,z
8095,7114,7,w
4199,5512,54,v
9983,9990,19,s
1749,4661,34,o
8049,6758,32,x
3820,2972,19,h
2646,4318,31,h
2419,9566,3,x
9163,566,5,e
9884,5706,46,f
1673,9775,16,c
521,654,40,r
265,5249,30,s
1318,8191,18,y
8956,4611,19,l
9315,9009,32,h
2603,3793,45,c
6652,3123,29,a
1139,8052,1,a
6850,7914,30,d
868,494,20,s
6536,836,47,b
7935,8275,5,u
3823,4711,3,y
7411,7570,7,i
2526,2323,45,k
6122,9450,36,p
5063,7389,7,g
8749,9329,6,q
6892,4050,33,f
4754,9319,4,f
316,8389,37,i
7656,178,9,m
9031,3273,10,s
8252,255,43,t
1926,5473,25,p
2775,8260,43,i
5850,4990,31,z
5360,9787,19,y
5397,8762,18,c
7516,4754,32,y
9407,2272,13,i
3169,9022,41,x
8243,6622,43,e
2862,5985,6,v
1089,5167,3,a
1672,2088,6,m
6336,332,9,f
1187,652,20,a
4554,1015,34,e
9816,7934,51,y
3993,594,16,r
897,6990,48,j
514,2545,34,s
7842,2206,25,h
6815,8059,9,p
906,3129,48,n
4876,9492,44,v
7590,5977,27,o
647,250,9,v
845,4536,51,y
3129,2514,13,y
1006,3924,11,u
808,553,15,y
5358,7888,4,x
6601,4182,5,p
7186,420,50,l
870,7815,9,u
2949,6424,7,b
158,1661,1,d
17,7239,44,o
6897,6880,29,h
3293,1580,4,l
4574,7552,7,w
1412,6481,7,i
8648,1145,10,j
7230,8988,53,v
2882,8237,43,v
7197,6758,34,m
2952,841,9,y
3129,3613,4,k
9497,5036,19,y
8096,4605,16,u
2698,725,23,o
1641,1448,18,o
5812,1725,39,z
5332,6664,24,m
5935,4209,8,x
3525,1829,23,e
1191,3196,7,p
6423,4693,44,p
6230,7156,19,h
9159,4733,36,v
6120,8131,29,q
4784,3564,40,f
6720,136,15,p
4228,3946,19,f
3133,6041,25,l
9999,5415,18,y
6162,4193,27,l
1561,6008,41,p
1184,4316,3,g
269,7182,2,g
1474,5820,8,l
6711,9386,44,r
7871,4802,21,x
6650,2149,6,e
3077,588,6,b
2980,420,34,c
7942,8105,2,x
1718,266,6,d
6113,1176,31,k
8373,6452,19,j
1219,8593,1,t
7106,107,47,o
6298,5277,43,i
5792,8412,5,b
3630,6332,16,k
7049,6234,44,a
7898,4993,2,i
7615,5756,16,j
9401,5599,36,j
5173,328,9,b
6784,956,5,g
5983,5322,52,n
8630,7184,21,t
6267,4971,20,q
1604,2367,22,e
5692,2977,24,d
6888,2547,6,e
1114,888,14,u
9669,6191,14,y
9786,1635,5,h
9861,384,12,w
6957,3557,36,d
4488,8483,27,m
8188,6866,43,w
3471,4883,28,v
1379,6224,42,y
8708,520,50,b
8062,3381,48,a
3946,4246,2,q
8885,1299,47,u
8626,8210,1,c
3370,1674,38,y
499,4744,47,h
3727,3761,13,i
906,661,7,p
7061,7428,53,z
5225,5880,48,m
7623,4560,48,f
1748,420,65,w
3439,3167,14,k
9497,4951,17,p
468,403,26,n
458,8501,22,q
920,3997,20,k
5317,7182,20,w
3911,6100,43,m
583,8406,10,n
5310,3650,6,v
571,2577,7,c
6802,5630,35,b
1636,8074,28,m
7385,9000,20,n
3339,2205,48,g
5718,9551,6,w
6832,8359,6,u
4241,9015,40,z
9708,8979,6,x
8216,3229,2,c
500,7280,38,w
9211,1065,2,o
5006,7259,2,b
5037,2785,6,v
9550,6790,8,w
555,466,24,t
8504,2109,23,n
9260,1441,37,d
7160,8434,12,m
3859,1359,33,p
2148,6273,13,d
1736,6754,16,p
6934,6365,4,u
7581,5715,42,m
4674,420,57,l
276,9401,7,l
9514,5010,46,z
2654,1921,54,o
4193,5885,54,a
516,8246,31,y
9117,5791,23,c
8917,3224,26,a
8169,2052,8,n
1362,3315,32,u
9679,2773,2,n
7665,2774,1,x
5698,4521,28,l
225,9168,8,u
2935,3498,35,p
7352,403,11,o
1937,8656,8,e
6466,8317,34,o
155,5986,46,b
9858,118,27,m
6544,2491,54,g
7309,7275,25,j
3267,1461,39,m
3827,7822,34,m
7640,982,2,j
1152,7016,5,p
3471,3404,45,o
9551,4243,21,t
355,9543,5,y
8534,5081,39,x
3566,1762,49,g
3086,8336,47,k
3095,5180,39,m
2367,2703,28,d
2715,3571,47,b
2131,420,36,k
4808,5579,23,m
4526,6787,36,i
6016,8381,13,u
9988,8635,27,p
3706,4151,1,n
8632,5102,2,o
6806,5078,17,a
3407,4122,38,p
5549,8330,2,c
4567,4699,34,c
6254,329,51,m
4955,497,23,g
4057,5098,8,u
2829,62,31,o
2097,3693,8,m
1737,6650,5,e
9370,420,46,h
9790,9387,13,h
4368,6124,4,f
7691,6343,46,e
6719,9204,5,c
9488,5161,6,q
225,7135,46,w
88,107,6,o
8145,420,43,b
8041,5321,3,m
8426,420,38,p
1302,9755,30,k
8468,329,26,i
7320,1852,49,s
1093,631,10,d
5670,2291,4,o
575,2605,21,l
803,7029,54,p
1804,4762,7,b
1873,3180,43,u
7432,1695,41,s
7501,6620,8,j
7963,279,31,s
7743,7424,5,e
2463,2279,45,v
5491,6649,23,o
6548,8167,25,u
7427,3050,9,p
2969,3285,5,p
4745,409,26,g
8913,9463,22,e
2396,962,23,k
1748,2699,8,j
3922,6582,6,d
4118,7509,8,z
7797,4626,41,t
5934,420,50,m
6158,1642,9,j
8159,2521,36,l
765,5729,8,g
8205,5994,43,v
9798,7742,1,h
51,420,49,o
3099,2367,53,t
1185,4946,15,d
8525,3310,24,h
7271,8071,36,k
9,8882,6,m
5155,8648,17,w
9815,8433,3,j
6873,8143,40,c
7610,2864,40,n
9654,7997,23,u
2002,4803,39,g
601,8556,20,d
9364,787,49,j
4581,4820,18,i
7916,2185,8,g
9863,5886,8,s
7270,1156,47,y
5286,5116,43,s
6101,8347,31,k
6997,4237,10,z
7547,9877,6,a
8499,7205,46,z
2453,4364,46,s
7665,7004,30,h
8352,3284,16,a
3101,2160,48,q
5187,6308,53,v
5068,4620,4,d
870,4601,42,p
9657,585,1,t
8181,2186,39,n
3541,3041,33,j
1976,1838,7,j
5218,801,22,q
2738,269,32,s
8065,648,49,h
7197,5646,26,b
3370,9865,54,n
5294,2403,41,o
7313,2592,31,f
2200,9403,39,m
9953,420,56,o
6541,1396,6,j
493,92,46,z
8113,3805,19,z
3936,49,19,d
2620,2344,29,a
2812,835,22,c
697,1568,5,d
4454,676,7,j
5227,1078,51,c
5860,5328,4,l
6725,6195,28,t
3938,5846,4,z
1300,7218,1,r
417,1637,29,y
9126,5788,7,b
7731,688,49,p
5037,110,28,a
108,2145,30,h
2011,5063,1,m
6934,344,44,q
1830,9034,40,s
523,1655,7,h
8689,7407,46,m
8539,1096,28,r
2771,4062,4,o
1104,225,8,u
5505,5959,2,s
2567,7082,14,r
9033,5974,18,d
9577,739,22,g
1727,3959,3,t
2021,4428,40,s
2893,1277,42,r
3346,3444,40,j
6316,9329,43,y
2312,4736,17,t
4770,5812,43,n
9121,420,21,d
2315,7378,11,y
9158,3908,22,s
4885,3402,6,c
4210,4309,53,m
1241,2322,9,f
7484,9370,7,t
5865,465,5,k
1984,3046,8,p
3964,7658,17,g
9676,4583,44,m
8334,5941,44,s
2742,9968,21,u
7890,1330,30,m
4305,5050,12,c
7703,2700,33,n
1812,1402,40,n
7793,487,54,c
5119,4200,15,u
2711,3838,10,b
1006,6915,7,b
540,315,37,o
8409,1331,7,t
4484,3392,5,s
1426,2758,32,l
5371,2604,30,o
1604,1043,3,w
9216,2475,7,g
2979,1291,36,x
134,2322,9,o
6270,5822,16,r
8355,190,2,t
3006,247,1,d
4447,5099,24,d
9983,7477,24,e
4941,420,36,g
6439,420,26,m
8195,5928,10,s
4543,508,17,d
453,3999,14,t
1924,7465,48,g
4726,2803,40,m
9786,9785,21,v
7850,9435,3,l
1132,2251,22,c
6293,7838,46,h
5505,5038,6,m
8098,2228,54,w
6611,0,42,g
8455,3770,26,f
67,6062,43,c
6123,1386,15,n
9029,2465,26,u
7423,673,1,z
1632,7176,40,k
8842,2075,54,r
33,8726,1,b
4129,6307,10,e
5247,6041,22,d
200,6197,8,f
4117,420,59,t
8302,7513,8,s
4018,1941,51,j
4152,7623,35,x
1396,8062,7,c
314,9281,35,e
9794,518,7,v
5536,1510,16,f
3443,1610,9,o
7763,4920,7,v
189,6061,12,h
4632,7516,1,l
5821,5850,3,d
6576,5690,33,x
8652,2402,4,n
6251,5369,8,b
1017,2801,5,u
8504,7511,36,r
6571,9487,40,w
5791,1180,1,p
3642,8272,34,n
6701,3725,39,n
9135,431,2,e
3776,8014,13,j
8109,9255,42,t
1138,6391,16,m
5233,1469,9,i
2324,5209,13,h
5420,3079,1,e
7499,9978,38,z
8015,1923,47,t
3057,3000,25,w
6246,8068,6,z
9580,9457,21,j
6721,6513,9,y
8035,9454,7,p
5305,9970,22,q
1971,2114,51,j
2284,2092,28,t
9612,3089,18,u
9529,341,9,p
86,3362,30,n
3006,2626,27,b
994,1043,3,v
6503,5746,19,k
5439,7862,52,h
710,3659,8,j
7495,355,8,r
8337,9118,49,g
5225,6731,17,o
422,8403,40,q
6199,139,12,s
2371,5167,1,z
4775,8279,7,g
1906,4813,35,d
1076,2150,14,t
3210,7631,24,l
4630,1512,34,a
7241,7055,12,o
5267,2173,48,d
1720,1276,50,v
7997,975,19,k
3150,4645,30,h
6471,3003,20,i
3604,384,46,q
7519,1857,2,o
9192,5990,53,g
28,2233,24,y
1862,2347,48,n
6014,5170,40,z
5162,7276,34,u
5406,675,9,r
6996,9329,51,d
1895,8114,8,i
7756,3588,25,q
4657,4155,8,s
6544,3481,36,u
9544,14,24,k
9923,6509,42,k
5002,9053,36,o
3011,8295,47,t
280,7057,5,g
4759,3399,54,h
1215,2215,21,l
8107,2210,4,g
6097,6178,23,i
2938,101,25,n
1386,8077,2,y
8729,4783,13,y
4705,3271,45,z
1063,8758,51,r
3355,7907,15,w
7321,1460,19,v
2994,420,38,u
227,228,3,a
8468,7099,12,c
3095,3693,41,s
5604,547,2,g
3594,1420,52,g
3269,1559,28,g
2184,6679,26,s
3443,9285,3,e
1315,8384,19,g
5564,1322,36,i
4935,420,22,t
4077,4474,51,w
7324,2349,1,e
1959,3944,34,l
100,4436,1,r
7595,3764,3,s
7355,8158,40,a
5990,8136,29,k
4418,7907,48,t
1288,9606,39,b
6772,6088,42,q
4792,497,17,n
8154,420,51,a
6545,5009,37,u
7846,1753,14,d
9188,2688,29,q
9347,420,31,b
6397,3054,42,w
3409,1212,54,y
81,2805,2,y
1547,420,48,q
866,9587,22,q
7780,2019,41,c
8124,2086,30,y
1657,4100,32,v
564,7567,44,h
8316,3988,13,i
61,9628,50,i
9041,5460,37,i
1484,7985,39,b
9628,4818,15,m
566,3440,54,j
5497,4912,33,i
452,7537,22,e
941,551,11,z
4770,2276,31,t
3344,2284,33,c
743,420,62,l
2678,1568,51,z
7018,8481,6,v
8139,3147,19,t
9232,8837,53,o
1806,5962,43,y
724,7240,46,d
6631,206,9,c
2860,4817,18,t
7822,2535,33,l
2800,4695,3,z
1021,3695,14,k
2855,807,6,p
7604,3906,2,u
8882,4492,39,o
9462,2123,30,k
7510,3622,52,p
3499,9359,15,y
496,2202,43,v
3987,396,6,l
2061,1313,45,z
4520,2797,11,q
8032,6079,23,o
5484,6660,34,y
6313,7356,27,c
1299,231,41,c
3764,5732,11,c
8398,6452,35,x
8294,7844,44,z
8908,1396,16,d
1217,6742,14,n
5860,5188,41,w
4372,8244,24,d
6580,2140,52,f
7252,7697,16,c
9006,5829,8,m
5674,1097,34,l
7449,9846,21,s
4394,5225,5,n
2215,1235,5,z
2034,8524,46,p
5714,3786,6,e
5732,756,32,j
6140,7387,14,s
605,361,6,a
481,1289,53,d
3640,54,22,n
3512,420,64,n
21,4404,53,x
1032,488,14,w
8619,420,50,v
5182,9859,23,m
187,8332,15,s
8777,8381,7,o
8153,1880,2,o
728,2878,54,n
5277,420,28,e
5797,2390,32,w
2577,5849,23,d
4798,5089,23,j
7334,3898,18,g
40,4799,32,f
1201,8047,12,t
5659,2023,2,r
7840,4613,6,n
3245,1590,11,x
1456,4673,27,m
108,6197,52,t
6925,5411,32,n
9895,9186,7,w
4297,3380,26,a
9486,4723,42,o
7939,2926,5,o
8222,7936,50,u
5925,6946,6,b
3552,9622,2,j
7104,6766,33,e
9881,1129,7,x
2483,7809,38,h
8324,2692,21,e
4657,4396,3,b
5290,4707,23,l
1418,3424,3,v
6697,1863,7,n
4618,8818,4,c
2828,2207,32,n
468,7192,8,h
9240,3169,6,h
5827,8197,42,z
5375,3587,19,b
5382,3598,53,j
3828,9616,7,x
8470,8094,9,k
2243,6218,8,x
6395,1005,24,k
9773,8699,18,t
3366,4900,34,v
9890,1062,51,c
9701,8275,4,e
4337,8126,18,l
3324,1140,5,j
4912,5986,18,t
4208,420,45,e
6563,605,30,v
6076,3458,13,a
2729,1053,24,x
6154,7048,31,d
4654,1367,5,c
4131,3766,12,a
8319,2368,42,d
8988,8549,14,h
2238,3489,8,s
9854,4140,9,e
1799,8562,36,y
8382,3640,6,x
2956,4379,49,k
1991,6402,30,u
6016,7867,23,l
1788,689,25,y
810,9492,49,k
213,6632,7,e
1773,5337,1,h
7872,3056,4,q
3004,6330,52,p
965,8116,7,f
1962,1972,47,k
690,382,13,y
5695,9719,23,f
6952,143,50,a
9082,8110,52,p
3073,73,14,i
8881,7454,11,p
5860,2288,4,u
2941,561,42,b
3214,764,19,u
5632,2580,5,q
341,3369,7,d
734,1177,38,k
1020,9431,48,d
585,1297,4,k
6809,4179,51,x
5781,3983,2,h
9650,2939,41,x
5624,1680,38,c
837,9233,29,k
4895,3450,16,l
8911,917,20,d
1127,5242,39,o
6796,6095,5,g
1176,4594,44,d
566,420,61,p
2124,6751,7,q
7259,3337,43,v
4790,8017,19,c
7067,7552,31,e
6099,5687,18,b
4797,5837,8,u
7159,4589,12,m
9050,2403,52,s
8939,6408,7,e
381,6201,31,b
9160,2917,5,c
421,6432,50,y
5309,7441,5,r
3377,8236,37,n
2812,8558,25,v
5256,6714,33,y
5250,5041,15,f
8883,6921,34,p
9064,3652,2,i
5025,420,27,m
8700,420,48,i
2306,1604,46,q
3819,9591,52,w
9556,5680,15,f
4563,564,46,w
7591,4213,23,p
9160,5806,39,l
3515,8718,42,v
5131,4345,6,v
4067,1437,7,r
1264,5613,51,u
8269,8505,30,e
9620,9033,9,k
3706,8915,14,i
2839,1661,50,l
1217,5098,45,e
7701,8169,2,y
5463,8822,15,l
3523,2205,23,q
7256,5793,6,s
5060,1703,12,n
5132,7227,42,v
1267,4031,16,n
1337,6167,47,z
3188,4501,32,k
2112,8045,21,d
2403,8182,6,s
8752,7813,32,e
6067,6370,8,b
9420,5358,30,i
4468,3802,37,t
8869,3786,16,v
183,5476,9,u
2455,128,23,d
2274,9460,46,v
159,3350,23,x
1693,469,30,d
7369,7090,13,u
8497,9576,45,u
9793,5178,20,q
4880,4839,22,c
8200,3120,3,u
9003,4525,39,w
3460,420,38,x
94,1131,4,p
4978,8214,32,m
6040,9005,36,q
9852,3582,18,g
1832,1433,16,p
5229,2819,8,j
6470,9423,3,y
4260,687,18,k
4282,3368,26,p
8775,420,44,a
3930,2487,23,v
1608,3657,23,x
3095,9519,24,z
9844,859,8,r
1455,2683,9,s
221,7183,15,u
662,2652,40,y
1968,297,51,u
3186,6018,46,z
909,7954,5,q
413,5426,35,z
7769,1247,2,w
2360,198,27,j
9375,1914,41,q
671,4540,22,x
9858,4156,29,t
7745,420,48,p
8259,8176,27,l
1939,1353,6,j
7861,2394,43,i
7245,625,1,t
3180,7291,10,y
2761,816,53,j
5474,1564,23,b
2321,7447,21,b
330,5117,6,k
972,8933,3,u
1037,270,6,h
1194,3144,5,v
7044,1837,5,j
9581,6994,20,d
5277,4252,36,c
1980,7930,27,o
5188,6868,32,f
4685,7322,9,p
9684,7794,20,r
7233,8456,30,o
105,1212,22,r
5939,6450,5,l
6473,3783,22,h
3774,2554,14,a
8902,379,25,g
3635,6668,48,y
3715,7585,1,y
8110,3967,8,r
7147,3483,8,g
6405,9282,45,b
9732,7730,44,t
5110,5499,48,x
9164,6525,19,j
2597,9418,36,y
8596,5939,3,j
1057,7235,5,q
7020,6641,6,n
2194,4264,34,h
6572,3816,53,l
2419,4818,2,s
4498,8634,2,a
832,9449,53,u
5572,4697,7,p
1177,420,44,t
1628,9075,12,m
6337,1241,3,l
9350,5476,52,p
1675,6940,7,b
4760,3462,24,o
7767,7403,26,n
7132,3392,3,m
899,5580,5,k
2690,9155,43,q
3391,6013,32,i
5945,980,6,h
97,605,5,k
8587,985,7,u
2627,3094,7,s
8334,6947,4,z
6245,9351,20,r
1703,5883,25,g
7580,7796,4,a
8773,9023,14,y
9913,6500,1,o
2953,565,50,b
2672,4388,10,y
9397,4981,27,u
7237,2766,37,z
4408,6850,30,g
5988,9349,16,t
48,2023,14,v
1284,9697,26,t
3020,3483,16,i
389,6562,22,n
9188,420,28,v
7879,3823,22,u
5706,9844,48,t
704,5756,4,w
9000,7657,8,d
6461,6901,15,v
2275,3648,19,t
3707,7670,26,v
6471,8443,48,w
7402,2399,19,v
2975,6287,53,f
5763,1089,11,s
169,8338,1,b
7808,3923,42,z
3971,9386,26,v
5522,246,45,q
9558,1369,38,i
4920,6722,35,q
9031,2936,5,n
1314,4685,37,a
8751,420,31,x
8907,3846,7,j
9350,7148,13,j
4910,4766,4,r
2041,4669,6,a
2228,9729,20,b
6318,3181,8,z
3238,6097,13,m
5063,976,42,c
4798,9020,7,v
9063,1235,28,e
6665,1490,7,u
5967,7136,34,v
3854,3612,47,v
4920,2078,6,j
2260,4628,29,w
6258,8243,6,l
8625,933,44,s
3513,2979,8,i
1978,1683,5,k
7155,7976,33,c
3386,2643,1,q
1732,4469,6,y
6965,2871,36,k
7019,2343,12,m
5507,6171,47,u
2167,7262,38,w
1352,5880,2,t
566,3225,31,r
7827,4800,10,t
2174,787,3,t
2623,9509,8,j
3119,7866,3,m
5152,596,38,q
2513,8882,7,v
1890,6275,45,d
4964,9783,3,f
6485,2011,4,d
9080,1633,2,i
9648,366,24,l
7180,924,44,v
2145,9072,14,t
8665,420,20,b
7542,6661,9,a
9359,3382,33,g
4597,284,45,f
6955,7860,14,n
6079,6304,3,v
7438,3083,15,e
242,7169,14,k
4654,420,35,h
2528,6604,50,v
1393,6347,46,e
1089,8509,34,b
573,240,41,o
8255,2152,38,w
9668,8135,32,f
3724,215,7,t
5017,2264,1,r
2539,3026,24,m
4510,6597,7,s
4020,1658,17,i
9365,4389,5,r
3994,3392,9,a
6771,308,52,e
775,8942,19,g
473,8979,7,q
4748,4520,23,c
1221,8383,5,a
9998,420,62,k
9483,2757,44,b
6131,6711,27,q
7964,660,43,v
5655,9980,3,k
4669,6396,30,j
288,5902,14,t
8320,2169,26,r
5631,1100,54,p
4070,5662,5,w
9657,9450,34,o
3661,3300,4,o
2627,4402,44,q
475,3011,16,q
9142,4348,48,s
8948,2208,13,j
765,5894,33,l
6977,4350,12,f
5954,4583,20,e
265,2479,50,b
5157,1569,17,z
87,1586,2,e
4836,5864,36,u
3088,858,9,f
3150,2311,38,g
6547,8620,12,c
1739,8453,9,n
1140,5168,32,p
674,420,37,c
4532,9750,8,a
5695,6587,43,y
6847,307,14,w
9755,4395,5,z
9619,7340,47,q
8145,9276,9,g
1299,6424,15,l
8260,2947,30,f
6201,2169,37,i
1079,6281,4,n
5865,9378,7,a
3657,2475,15,v
5065,6360,12,h
543,5079,9,m
6633,4869,42,m
9107,7834,32,k
5306,4274,31,z
4994,4829,1,m
2387,8388,6,z
8238,3536,35,d
5842,712,20,f
1577,8420,7,y
35,4311,38,l
5694,6134,7,h
2066,8458,35,n
1615,5454,29,m
8050,6972,43,a
9981,2565,48,n
4093,5495,43,r
4095,4839,42,h
7806,9347,37,j
4210,9974,9,r
2333,4648,5,k
7822,327,7,r
9668,2389,34,x
478,8756,9,j
8930,9889,23,d
9923,8590,5,p
6320,6351,39,p
909,3868,28,b
2566,5906,43,b
898,3170,51,j
2798,9173,23,i
8705,6287,3,j
7411,5449,27,c
700,7061,13,j
9223,4619,13,g
4484,8067,35,p
3319,7129,8,p
6273,646,1,p
1947,5259,12,k
8867,5856,21,j
3136,6277,9,d
7036,3025,37,y
310,4633,29,v
6822,82,33,w
4697,4880,25,b
67,3845,3,p
3911,8382,20,f
5732,2400,23,c
8505,3385,18,x
2614,8470,4,z
2048,6677,43,i
8192,914,6,m
291,8665,48,o
9923,2162,23,e
1453,5388,7,b
7597,8333,37,u
2749,4950,3,h
5052,4022,9,z
1495,420,41,z
3516,7251,49,h
9980,518,14,w
1467,1097,15,q
8928,5947,35,u
923,674,14,t
3381,9082,4,y
2900,1816,15,p
2112,7083,33,i
4629,2494,53,z
2838,6358,48,q
5940,3995,3,w
8439,4148,39,m
2389,1040,51,i
6271,2643,6,r
9395,9837,53,h
8562,9152,39,k
7487,1456,36,a
9726,288,24,x
9564,6732,4,b
211,1380,6,n
4303,6837,9,f
7974,3881,32,t
3064,932,13,m
9082,9941,4,b
968,2761,16,k
9885,420,30,w
5860,7733,6,n
8845,1986,8,k
510,4664,37,n
5746,6060,12,a
5161,1546,1,s
2396,9032,7,k
7252,5409,18,p
5314,607,36,h
8943,647,7,f
5115,354,6,j
9753,2131,34,w
3153,7368,49,o
7328,6982,8,y
950,5155,21,l
7997,82,19,r
9305,8488,24,a
630,6697,9,m
2206,9555,4,n
6793,3308,20,h
8732,5497,51,h
7364,9781,12,v
3090,9591,34,h
7984,7198,24,f
7980,9736,33,m
7374,1638,9,f
6855,420,51,p
6233,4375,31,k
6030,2892,34,r
6170,8186,2,v
8246,8928,14,m
6100,5429,35,y
8576,7560,17,n
2893,6728,1,m
1677,2982,30,t
9896,846,50,o
6936,5652,17,z
9933,120,13,o
743,9899,16,s
4321,222,6,d
3500,9065,7,c
8705,840,50,g
6723,6758,12,b
7671,9115,39,n
3722,6163,6,g
4105,8109,19,s
1974,4556,50,n
287,5317,23,g
9984,8093,16,f
8853,1501,4,s
1113,6453,8,d
1986,8111,16,e
5047,3219,54,b
1163,9347,11,d
8118,8175,12,n
6425,4645,48,q
6227,5484,24,i
7398,5024,41,x
2982,8997,37,a
4426,9621,22,d
4239,9545,9,x
5274,1035,45,f
4952,1945,27,y
5365,2191,5,b
2596,7521,30,z
3050,9059,7,k
5028,9819,50,w
1916,420,34,n
6703,7886,8,c
7293,6423,9,y
3758,856,10,p
1900,4064,40,i
3870,9032,15,t
25,1071,19,l
950,5348,4,d
5680,2396,25,a
8633,1693,9,i
7581,4889,21,c
6041,8635,8,e
2945,9184,45,q
5794,3209,16,n
600,9454,48,e
8094,6779,30,j
3730,4095,26,h
4216,4287,7,a
2350,2705,13,n
1826,420,39,o
4145,5385,5,l
6135,2870,6,v
86,9087,2,h
5417,5052,51,o
903,9584,35,y
223,1778,28,b
4989,90,37,a
5472,7924,22,b
50,3085,32,s
9400,8968,50,l
4160,5862,41,r
7873,9155,32,x
5689,258,35,v
1288,420,53,y
2217,1950,8,w
129,8034,53,l
2,3510,35,r
9859,9163,21,z
8222,6702,26,w
3307,1397,49,b
5093,4070,9,k
9688,6670,50,f
6428,3085,27,v
5691,889,20,h
4384,6875,3,h
9351,5878,21,l
3221,3880,6,f
3058,6891,5,e
6002,5758,5,p
3153,8686,4,h
184,5981,20,q
7134,2244,4,x
1180,3085,24,u
5510,5954,2,h
9729,6374,17,l
5643,6568,8,l
4442,9199,46,m
1787,7722,4,l
2700,7415,19,w
6944,3184,47,n
3248,3965,3,o
7817,9054,35,m
2586,5240,51,s
4482,3312,31,w
8466,8566,7,r
8050,2603,18,l
4791,1547,49,n
1545,8111,37,k
3010,8356,7,c
3021,9598,22,k
2111,8682,54,v
266,6949,45,r
8592,6786,21,t
5626,2676,12,y
1384,3431,14,c
6528,9040,5,m
7414,242,6,u
666,8013,35,l
8470,9616,48,o
5827,6601,19,h
9843,6175,17,a
252,9076,23,s
198,6889,2,q
3863,418,53,g
8723,5330,51,w
3572,1257,5,f
2832,9509,24,i
1874,1562,17,s
4575,6275,22,c
7403,9067,3,u
8988,420,33,o
576,4647,7,r
6521,7725,26,n
3516,9792,44,j
2717,2215,9,u
311,1132,3,x
8218,4353,5,e
1843,4801,25,t
9120,6787,32,q
5412,4438,8,m
755,5255,5,a
5714,6488,7,o
6450,7516,7,g
4391,3309,4,v
2439,381,9,e
3032,4810,49,p
3125,5041,37,c
7295,5715,5,r
1809,5496,24,v
6550,1649,47,g
3073,690,8,j
4311,3028,26,b
1495,8375,26,j
7863,4788,51,m
6584,425,9,l
3465,1535,48,v
9595,5649,37,f
227,6380,44,w
6420,155,50,s
9358,8201,2,c
6984,8479,6,o
9545,9064,23,k
5139,9943,4,b
4499,6788,25,w
1454,7637,54,u
9562,9238,13,e
5240,4502,50,u
1817,5350,9,i
2927,2329,37,g
5372,420,31,e
6742,4279,7,a
8592,137,11,m
6904,6791,33,v
3778,9400,33,y
6885,1846,17,o
3507,2155,36,u
3242,2211,8,t
8992,5404,11,w
4967,8957,31,e
1200,1039,9,f
9743,532,8,e
3803,5986,49,n
1429,5066,37,u
4687,6929,7,f
6745,1575,11,n
897,7980,42,a
5143,1316,34,g
8519,9927,24,u
5143,9979,24,c
4177,5295,46,d
7539,4092,10,o
5704,5988,34,a
2014,4496,30,h
5988,835,41,k
3125,6062,9,i
7304,6630,22,z
975,7868,1,u
1813,1236,34,s
2342,420,53,k
6041,9766,51,m
3639,3805,18,y
5266,7770,40,v
4797,9750,17,n
2306,5446,38,w
761,7436,25,v
1146,6227,23,m
4498,7000,29,r
5604,8176,26,p
6638,7289,45,v
1503,6262,15,q
5423,4795,52,q
9703,7646,50,e
5501,6086,20,e
7439,9878,48,k
1699,6865,25,e
4105,1733,17,v
6176,3540,5,v
5608,2177,5,t
5981,1978,21,o
2307,5082,3,o
8566,7475,30,d
1173,2519,29,u
8115,1021,47,l
7850,3837,5,n
9507,4485,20,x
4045,5793,43,i
9084,6471,42,j
4029,6840,11,r
628,1808,37,s
4595,9387,6,a
9234,7252,5,c
9118,1099,2,f
7415,3810,39,c
5575,4119,19,j
4015,8668,9,s
4958,8004,53,t
5181,2274,25,b
3362,230,15,g
4835,6242,8,p
4736,5007,54,s
55,9426,9,m
8763,4896,20,f
9731,1704,1,b
5124,6387,30,p
9035,626,54,v
3982,3334,38,t
5844,8823,35,d
798,6845,50,q
4453,4261,8,s
7703,2125,26,w
4559,9655,40,c
2539,3334,1,n
374,3529,41,y
7782,9361,43,e
9687,286,39,y
7104,3799,17,k
2125,3446,42,u
6355,1516,9,e
9285,8693,1,p
6651,8058,46,b
6330,3773,8,j
4067,1581,34,w
5782,7059,5,l
7260,4805,38,b
7628,6654,1,k
8288,1207,33,u
3070,7889,42,g
690,9981,37,f
8552,492,7,z
2354,8385,25,z
4627,8914,3,i
9476,7355,19,y
5137,3834,51,a
6242,635,47,y
8521,6885,29,b
1144,5801,5,v
7261,7315,27,t
7897,7637,43,c
7755,8523,12,a
6792,1369,23,r
2150,1367,29,w
485,3112,45,j
1382,3313,15,f
5264,6045,26,a
9163,7758,47,e
4504,7566,2,e
5796,7291,2,u
7243,2089,4,v
8561,2377,51,j
4863,2890,36,j
1586,8227,21,i
7054,5081,6,e
7241,6412,19,l
8707,2470,18,t
995,849,12,d
6633,5793,41,v
5604,1520,7,q
9603,8577,34,o
2525,4459,49,u
7118,4201,6,r
1464,6528,38,u
2000,2307,8,a
2580,5978,47,z
6792,4676,34,m
6734,6316,54,u
3125,1311,4,n
4738,3921,39,c
5749,6752,3,f
4902,5499,11,r
8172,4818,14,b
9815,9060,4,t
4573,7007,18,q
7096,1297,6,r
3706,1758,17,t
2774,2106,48,r
1529,2255,44,t
393,2986,23,x
6016,2580,25,h
8970,95,19,a
2996,7406,1,i
4941,420,65,j
6585,420,52,x
8648,420,32,x
2225,6514,6,a
9231,2687,50,z
9992,4443,17,j
3673,225,43,y
8035,1849,1,x
4183,863,2,z
9204,9607,21,d
2955,59,1,o
3197,4705,6,f
4451,5177,5,t
3577,6433,24,a
1810,744,8,b
9078,8581,6,e
6369,8754,38,w
3387,6071,53,l
343,4413,18,p
7777,3884,24,i
170,5983,5,m
2318,2185,14,s
3448,6080,6,f
9250,739,3,x
2699,9731,42,r
2253,1103,12,z
6573,2269,34,p
609,3075,54,d
9312,5942,6,g
3929,48,26,u
8779,5539,46,x
1770,2656,43,f
5663,1095,35,h
7715,8188,1,h
9036,2487,51,l
5849,5918,5,d
9022,8691,29,h
918,7921,7,y
1891,5659,38,m
6943,6894,48,z
3139,2347,50,v
4500,815,32,s
7407,8661,5,f
6002,9883,6,o
133,3196,41,j
2376,7638,14,y
4846,8283,9,u
8036,8265,20,z
9895,7953,10,g
6317,9086,11,f
4988,856,11,v
4844,3291,20,v
6806,9210,40,n
280,9014,2,c
5897,5147,11,m
9202,9823,5,t
5739,2469,7,e
3314,4937,30,w
3592,5786,5,h
5002,8792,14,s
83,6512,22,v
458,3218,1,e
7570,8908,45,a
3171,9805,41,h
3037,6696,49,d
9824,8593,9,w
2003,7911,21,t
8875,6311,12,y
5771,8720,46,c
475,5531,13,f
670,2844,6,i
4046,2509,40,r
162,8521,4,k
6781,9234,39,y
628,258,38,m
4946,2598,36,g
418,6166,33,u
273,1502,24,q
7547,6001,2,j
3264,8039,22,z
5248,3380,6,e
3759,9473,35,n
3467,4072,49,n
4705,4341,45,i
27,9748,45,w
922,810,42,q
4500,8547,3,g
7464,4071,39,z
6366,4644,8,q
7495,4037,21,j
1737,5654,31,q
9477,3567,43,f
