942 1561 85 j
2293 3174 64 y
3435 4545 37 n
851 2306 37 k
3684 4521 21 d
589 1477 81 b
5530 2060 72 h
4271 4508 63 n
4783 2470 91 q
3537 1385 56 m
2813 4769 38 x
2118 3727 76 f
3775 1940 63 c
3777 5226 52 d
13 4568 53 p
4562 1516 109 d
3041 3879 58 r
3153 1458 23 m
3286 5861 34 v
173 3877 27 s
3679 1685 43 w
4402 1940 102 b
582 5063 29 c
1659 1256 75 y
1994 391 110 g
204 3826 26 d
2555 2759 40 d
242 4104 62 w
4146 4373 60 n
169 2053 117 o
2120 2551 52 x
5087 3816 112 h
4794 72 115 t
2529 5972 68 v
4996 4924 45 e
5725 3769 93 u
761 2090 115 f
39 3406 107 r
2239 2278 36 c
5659 4410 44 v
1948 4189 106 b
3206 71 83 g
1684 5126 72 o
4837 5049 106 e
2465 5760 99 w
432 3696 94 j
1896 955 28 l
345 883 44 g
2973 466 113 u
1832 5365 90 p
2786 4888 57 f
2634 1308 24 n
5285 2400 93 l
4702 1239 58 f
4561 1881 100 s
3820 5743 42 d
5089 3396 91 x
5181 22 57 r
2466 1807 60 n
4170 4628 84 f
1457 734 111 d
198 3528 84 m
2852 71 90 g
3507 3612 34 q
410 3552 5 y
1412 1885 72 c
395 4067 101 u
4594 1662 113 l
5752 1395 116 j
4208 747 91 o
3044 4531 65 x
3798 3968 27 b
4943 5008 117 x
223 5331 58 n
3398 1485 101 i
3294 5758 63 u
5139 3554 77 z
2857 2172 91 j
875 2975 33 h
3113 3609 108 c
3302 1508 68 f
4582 4986 27 f
5072 5978 92 v
1534 207 55 x
233 5976 27 w
1853 1158 107 m
4306 2807 24 t
3275 3070 105 a
5637 4038 44 m
3163 447 78 j
1137 2011 70 n
5730 1468 88 r
1686 360 38 j
5571 5140 40 t
5604 2116 82 n
1004 3348 118 m
1565 2037 92 t
139 3806 101 m
1138 2798 72 e
2586 5521 24 c
4738 2062 26 n
4504 496 85 v
4326 3511 33 r
787 586 50 m
3319 4269 70 t
3372 3785 114 s
3368 4565 116 q
3436 2276 45 t
1814 4934 75 m
2742 4273 70 z
5201 2118 21 p
3694 4936 38 p
3026 4591 43 l
1228 5737 89 r
5648 5559 59 b
1240 5208 114 g
3518 3916 94 w
1343 4162 51 k
187 686 1 }
2432 3992 51 d
5729 1236 117 l
3304 4437 62 h
5968 2001 96 m
478 3620 83 a
5826 4934 36 v
3368 4427 28 w
3983 114 85 a
1553 4886 119 e
1926 2567 21 g
4442 5533 3 o
2343 2889 111 b
2979 4452 64 o
3310 3865 98 o
2591 2639 85 e
295 4945 91 r
5384 3314 48 f
3230 3836 72 y
5300 784 91 v
5937 5095 53 d
1767 4714 110 d
3785 1693 46 t
3621 846 93 e
2547 4533 105 d
5666 751 36 r
5868 756 66 n
2797 5358 99 d
2586 4675 95 u
268 3465 32 n
382 2078 107 a
2170 3976 116 l
2012 4058 119 n
598 4642 51 n
2660 3326 71 i
3151 4286 24 u
2093 1636 73 n
161 1655 26 j
3350 4763 50 o
2403 4971 22 k
5029 1085 64 s
4132 843 46 f
4666 1841 99 x
3526 3206 22 q
5081 2202 93 u
1 2637 46 y
255 3644 96 n
4889 1939 52 j
3292 69 115 a
3371 3887 87 s
3131 3146 67 p
5650 5305 46 l
1195 1161 1 k
958 1535 114 n
2489 4715 58 w
2496 3546 77 y
5139 1606 39 x
3565 5373 59 c
2732 4078 75 n
3003 3067 90 t
2184 3826 41 a
631 2083 106 n
3725 5851 73 a
2702 3954 90 i
4217 1125 53 a
3899 3299 54 p
4856 2580 82 h
3542 2580 108 r
4225 3838 71 w
3039 860 49 s
4575 1630 62 c
3450 1009 36 l
4313 2695 55 f
5058 3648 107 n
1378 56 27 y
5055 3516 63 s
3175 734 59 k
5647 4512 81 w
1217 1183 102 x
3088 639 96 k
4173 4520 80 q
876 416 44 y
5395 1110 49 h
2937 5252 30 a
2447 1474 116 c
3687 15 23 k
3655 4370 30 o
1487 5066 56 d
5978 2970 59 l
5399 5832 85 n
2238 237 26 o
3741 2437 41 k
4373 370 27 n
3550 2670 114 i
2645 2616 23 h
2582 2169 58 a
5037 1168 50 z
2974 2027 30 k
5864 1466 55 h
1561 4279 49 l
95 3970 109 u
5229 4981 95 z
2461 3377 80 z
5223 1247 66 z
3515 4829 23 d
3750 4364 113 d
4932 3707 70 e
266 3893 81 r
1620 4865 73 t
1895 5186 100 q
4856 3799 34 j
1549 2263 109 b
2503 2715 70 x
3655 678 23 s
1415 1634 55 d
5091 5524 100 v
3581 4735 74 j
1213 1722 92 q
468 3219 111 m
370 1225 93 g
5238 3360 90 b
1573 602 46 f
4886 945 108 i
5559 5202 98 r
2044 5716 32 q
5822 4605 49 a
3046 3270 71 t
5101 3420 41 o
154 4309 83 j
3653 1533 74 i
5620 2117 103 s
3656 3082 44 q
5750 4703 117 l
4816 4071 68 h
3030 2995 33 z
4614 346 23 c
3064 1490 29 e
1777 3401 77 w
4713 4393 47 d
3955 128 86 x
2214 4613 49 o
2562 167 95 b
5971 3768 80 q
741 1707 52 j
5967 1460 35 x
231 1706 102 i
1663 4102 116 u
215 1173 110 b
2141 3336 41 i
5702 3881 54 c
4779 5368 75 m
2014 2571 94 b
1559 4540 118 u
1045 5021 73 u
401 299 88 i
1374 5049 50 l
1305 842 51 x
4540 5667 28 k
2881 4023 103 y
1347 1340 81 q
1296 2051 38 s
5715 5075 109 e
2009 77 102 e
691 5826 94 m
711 1503 72 i
2056 5503 119 t
2171 924 67 d
187 681 41 c
3559 3879 64 z
2456 1532 67 q
4426 3008 36 v
4879 5672 52 r
4171 934 28 p
4750 1690 52 x
2891 172 77 g
1538 3530 98 s
1811 5612 96 a
708 2994 98 t
2272 891 49 z
3850 60 30 s
3064 5739 104 y
4334 3958 36 z
5066 2438 21 l
4082 2672 22 x
2192 4263 82 l
3934 261 38 w
5258 5288 84 l
5361 5634 104 f
38 2928 86 j
4550 4174 109 k
2781 1065 36 b
1515 222 101 p
3683 615 96 l
3454 1784 74 u
247 5603 49 u
5156 3249 97 u
535 5284 35 m
5240 2190 107 x
3802 5391 38 p
251 3313 108 x
1889 1131 64 r
5581 3910 40 z
5836 5640 32 u
196 382 28 b
1864 5012 27 g
4454 3282 43 c
4825 1213 51 h
1601 2557 103 q
2355 5036 105 t
94 3371 81 l
4350 2292 28 e
699 2672 78 w
2952 3868 101 w
539 1463 88 m
4174 1244 119 t
5228 1599 55 z
2153 5884 71 b
2876 5412 33 b
5404 4734 62 w
2302 3731 92 g
1858 5866 33 a
4850 4804 76 e
5721 4331 77 t
1743 2562 74 t
4009 1568 35 i
1940 5236 116 i
2312 2912 95 i
5809 750 48 i
1527 3962 37 r
5066 2303 44 i
3115 1995 111 u
671 5095 28 l
4202 2958 106 w
1418 2164 31 d
4695 1046 86 q
5814 3951 57 q
573 2356 67 b
2186 4312 65 h
5452 4502 31 g
5803 3373 94 z
2384 2508 58 x
1324 3191 85 b
589 4396 23 o
3538 4392 104 h
2928 5713 47 c
5382 1980 93 h
2580 4170 41 k
2599 5121 23 o
3271 5922 57 a
3782 438 27 a
4486 652 115 d
939 2861 75 t
3341 1224 89 o
2723 2547 73 z
1053 4242 69 g
298 2374 70 y
37 8 94 y
15 2826 41 g
1161 1443 2 s
2954 819 48 w
614 3669 109 v
945 3786 96 b
4066 3894 63 k
4073 2543 85 o
4582 4856 111 l
3938 3068 46 k
669 4308 95 u
5751 3961 72 i
1919 2158 36 q
2363 1766 48 l
5951 184 68 s
3359 4697 118 t
1510 3343 30 w
4951 5884 66 c
948 903 79 x
2536 1348 42 c
2891 1674 36 f
622 3149 1 c
1053 5086 95 n
64 309 27 y
5624 2666 53 p
3359 5889 24 y
3048 5120 56 k
572 5281 116 v
3085 66 32 e
827 5337 107 x
4998 242 82 w
3712 1075 88 b
2388 5306 119 w
2245 1844 30 l
2309 5870 30 w
1125 1438 48 z
2476 5852 115 a
1955 5305 113 s
2444 3571 99 q
4086 30 42 x
3587 3557 113 l
4300 3119 4 i
4531 4743 111 z
3597 4204 26 h
5426 4367 62 f
486 5023 90 z
4681 5737 109 e
277 3823 108 e
401 4682 103 t
5601 5848 55 n
1916 882 103 k
3284 548 68 i
5813 2810 54 g
218 2339 72 e
4056 3856 60 t
1326 5361 107 m
1766 2129 110 w
5236 5473 89 a
5379 1076 32 e
2505 4738 75 y
2178 5670 63 d
4729 259 73 u
634 1007 52 c
980 4914 92 a
5987 2568 59 q
1845 5559 75 m
3250 4679 77 j
3382 3560 116 p
5290 726 105 p
3205 3500 26 z
5404 3234 48 s
853 91 48 r
2649 672 111 l
4149 5244 94 o
5098 1684 84 z
894 1415 35 l
2151 438 57 u
2718 5194 27 o
5851 1702 67 k
5425 5539 25 t
1862 2911 34 q
806 2256 80 g
730 5252 22 p
949 1034 57 l
3151 396 58 k
4638 1981 21 r
4443 2298 31 m
2756 5255 56 m
2352 5638 25 v
4110 2201 22 w
469 3360 36 v
5034 5850 35 x
1645 190 103 w
4417 735 51 x
3690 4750 76 y
74 5933 44 v
5573 2339 58 r
895 4974 30 l
2831 3872 104 k
1581 5732 50 b
1360 1596 24 a
3768 5573 29 s
966 3567 50 y
2591 5827 88 e
4848 1451 95 o
807 75 102 d
5476 3230 68 k
394 1751 54 c
2043 1714 116 r
4770 1623 52 f
4929 4573 106 f
714 4366 30 m
1721 2841 25 m
4613 786 98 d
1224 1854 73 d
589 3573 112 w
4045 2703 52 c
1930 935 101 q
3034 2466 109 z
2120 2421 102 e
3484 59 111 h
4808 2755 35 g
1509 1173 80 o
5797 5762 47 c
5198 4979 109 e
3229 2624 92 a
602 3416 42 b
2075 5126 89 j
1145 5611 68 v
4917 5465 32 p
1698 3243 81 q
2236 303 41 y
5227 1241 87 w
798 4886 39 w
3486 1000 41 f
4218 3712 66 t
2712 831 30 f
3150 2820 68 i
1035 4198 86 p
2806 621 119 k
2157 4185 30 e
5822 5483 86 c
4038 990 47 u
5635 909 70 t
2916 4303 88 r
4628 4533 85 h
3136 2894 59 a
5657 5780 28 b
5064 1513 81 f
923 3732 80 d
3970 2343 112 k
1587 885 85 d
1062 1687 94 h
3757 3356 89 t
1727 1389 84 n
2055 4345 29 p
90 5120 23 u
307 1471 48 s
466 2925 114 r
2313 4731 53 e
3654 5723 54 k
3151 420 50 d
2135 4552 62 a
3071 1106 33 u
165 5909 48 s
1774 3367 53 t
698 2967 34 i
604 4466 65 g
4230 1747 63 l
5598 5988 80 m
2066 526 100 c
2477 868 83 n
2268 619 35 g
2464 4875 63 s
5780 2156 78 b
2894 3481 86 v
3027 5207 64 e
3355 5386 51 v
1639 248 33 i
5802 5045 110 q
5375 1256 110 w
2040 1511 62 z
1796 2229 61 y
5485 708 113 d
2181 3393 74 b
1949 157 56 r
1723 3898 34 p
161 5066 53 p
5272 1208 59 w
1778 3731 113 e
5018 4394 32 p
1799 1049 71 f
3194 685 100 k
1064 5618 96 i
5359 1841 80 k
1645 3873 54 q
1926 373 111 p
3654 2223 30 k
3715 362 70 l
3697 1076 80 b
3396 1159 63 a
5037 2172 30 q
5203 5788 95 z
5547 4025 110 t
3428 331 56 o
5684 1429 47 d
1515 4489 79 m
5177 931 115 q
499 5920 94 q
1488 332 113 d
4819 1807 87 k
5154 4119 27 h
1838 5379 96 u
546 533 111 f
2991 2246 52 d
455 706 74 q
1430 5765 34 w
4724 4362 70 o
897 2763 29 i
1289 3234 81 x
5653 2606 87 d
5226 4414 108 o
1084 409 106 w
5380 5275 105 u
4104 470 75 s
1196 2432 37 u
1812 4779 52 j
4908 1891 75 d
4593 5401 22 w
916 5011 89 q
2099 3532 118 f
3752 5004 68 h
4805 670 43 d
5924 4195 104 r
720 4636 92 h
927 2175 69 d
5723 287 77 v
2638 3163 21 v
2130 2438 77 f
5165 5722 82 e
1530 345 34 r
2167 1578 27 m
5770 4775 119 z
4237 607 111 a
673 1889 36 c
4976 4774 34 x
2 944 36 f
1188 2836 40 y
513 1087 107 d
4778 4586 50 u
2393 3967 49 m
2369 3970 65 w
3417 1019 100 o
5675 4998 113 j
1845 3699 119 s
423 1359 106 v
2320 1361 117 o
5678 2099 30 t
483 438 45 q
3729 4535 46 i
2010 3351 33 h
1000 5128 39 n
3360 149 87 d
2986 5685 99 h
5351 5177 73 x
2000 4659 117 i
774 3698 34 f
2632 3868 44 q
3885 1299 29 g
2012 2900 103 w
1874 2621 30 f
5193 2496 101 d
4310 420 94 q
2094 3279 116 k
3375 3649 37 p
4457 3883 28 x
1406 630 92 r
4082 5076 58 x
5443 1449 88 h
2767 4442 5 c
4195 2554 55 w
3676 2986 35 x
2594 498 113 b
5389 894 38 f
5118 1478 115 f
5 802 118 g
5653 3427 31 u
4366 4935 34 t
440 2648 94 u
3921 413 111 k
1502 2971 110 l
1928 3827 106 f
5088 2130 37 h
4507 4027 82 n
4889 5286 77 y
640 1174 75 b
1770 5303 81 o
4961 519 31 v
1759 1596 104 b
3490 3236 98 g
4726 5250 42 r
1977 5983 113 k
2398 740 55 q
5792 2268 82 e
4331 243 46 a
4249 4688 119 b
2409 1533 111 x
5999 5387 60 x
1730 4702 45 h
1162 418 97 q
4030 4712 21 z
1979 5319 97 p
2386 2776 104 s
5316 5494 66 b
3480 501 37 a
3320 617 64 x
926 342 71 k
4094 1355 118 h
2804 3384 78 d
120 4620 103 k
1381 475 117 x
3545 3885 81 b
836 2570 61 c
592 169 65 a
2890 2372 54 m
2191 82 94 z
2385 4100 91 h
1347 4698 92 u
383 1360 89 n
4912 966 23 b
1454 1682 71 x
4561 5703 39 w
3080 1428 105 r
5527 5947 21 r
34 4743 90 s
5023 5622 113 d
141 1948 44 j
5010 3773 23 r
1822 3777 34 t
4250 3134 52 v
2749 3177 86 l
5914 5821 80 a
5043 5279 28 l
4581 5920 75 e
2684 2792 29 o
2840 1282 85 l
2465 3951 96 l
4447 2491 78 k
4936 1922 33 u
3421 471 56 c
5805 4752 22 b
1604 257 58 d
4293 1111 36 b
2312 1954 23 c
1630 5061 114 d
1479 1796 69 d
2168 3567 84 n
2081 1246 97 n
1745 5340 58 x
1685 1719 92 f
1473 5804 47 r
4373 1840 66 e
5151 3278 23 f
5215 385 22 l
1733 4850 25 y
5857 393 70 x
5931 831 92 c
2851 177 23 k
4030 3833 115 t
4879 13 111 c
1196 4741 59 b
664 5253 28 p
4956 5176 60 w
4451 713 91 p
3584 3206 35 v
3536 675 92 y
443 4276 114 i
2535 5569 46 o
3369 4111 74 r
2307 1053 51 q
3760 471 78 c
2770 4947 113 r
5472 5082 119 g
4074 589 30 p
5465 1011 29 p
3476 713 118 k
3230 2971 21 l
384 1359 27 d
2175 5426 72 t
3856 4959 50 o
4143 5777 57 l
5577 403 47 t
3902 3333 97 t
2920 4462 54 b
652 4613 30 h
209 3824 21 t
9 4916 75 s
881 2191 33 f
5363 4265 75 c
4699 2523 113 i
4779 747 117 t
1009 1667 27 o
1087 916 65 a
4454 4716 80 z
3127 2559 64 u
4735 3413 112 t
1932 5764 21 j
1385 2167 80 h
1443 98 5 t
4656 1322 98 g
2199 1112 85 t
4077 2545 78 v
3723 1142 44 l
5101 3533 110 x
214 5844 66 i
707 5664 51 o
506 3660 111 n
674 5874 72 b
791 3538 45 h
59 3378 98 y
1831 4535 94 e
3856 5772 63 u
3869 2700 32 x
3185 4701 43 e
3995 4506 49 r
2919 3437 96 u
35 4316 89 n
4922 312 77 r
5267 2838 66 g
2116 2964 98 h
2497 5967 48 r
146 4975 83 v
2026 3821 33 i
3092 1215 96 b
3269 4915 102 j
843 5361 20 g
3350 5761 66 l
4974 842 116 i
2380 3878 54 o
1879 5193 25 r
5586 4624 49 a
1143 2842 59 n
5871 5068 44 d
4519 4619 100 h
2950 4321 46 o
5624 2618 109 g
1761 4462 63 n
947 670 64 k
4786 1428 71 r
5693 977 40 m
2470 4858 114 z
5930 4588 74 m
2608 1930 73 e
2514 1130 51 e
4393 3525 93 s
644 1643 95 d
4326 1055 37 i
893 565 52 m
5147 5117 104 r
1424 3434 89 c
4737 1767 103 n
5212 4443 88 j
920 4722 60 k
2745 4074 86 c
2510 3947 73 u
3945 3696 94 l
448 987 31 a
776 4967 72 g
5414 5138 93 h
307 4747 76 w
2299 3708 63 n
4588 5167 69 x
5576 3747 40 d
3640 4948 118 e
2183 4099 84 x
3464 2232 111 u
4260 4331 32 b
1420 5154 80 b
4111 1063 116 n
5470 4448 26 y
1718 1466 69 h
3626 677 41 a
3642 4396 51 z
1813 1684 73 i
2399 2875 60 r
4633 3837 76 t
1891 2082 98 s
3511 5668 85 s
316 4731 44 b
1686 524 47 y
2861 5676 85 w
2901 5553 71 m
5799 2727 26 x
5729 3487 39 x
3765 3078 109 f
2433 495 86 n
2996 145 21 r
2977 5318 28 e
4007 4870 115 d
2753 1733 115 z
3388 5789 32 z
5977 4816 101 b
2957 2638 109 u
5776 5240 33 o
1800 3268 49 k
2597 3560 49 s
4057 4967 94 a
1220 4508 111 f
1099 5438 90 o
2205 4532 53 a
5155 2122 59 p
4394 5566 61 x
1272 90 43 f
3121 422 21 v
896 5749 26 q
1383 4857 83 m
2074 3604 114 l
1886 4632 62 z
1896 4370 20 y
1036 767 44 e
1794 5788 57 w
4755 5407 66 u
1500 5615 53 g
5872 2910 102 n
5062 2152 102 i
4708 5520 93 u
4935 206 56 x
396 2143 93 c
1087 584 49 d
3334 961 89 h
1074 2737 23 x
2175 358 105 q
269 5822 65 g
5069 1770 65 i
4851 4256 75 b
2723 4341 35 l
3833 984 32 u
5228 724 97 v
4891 5440 62 i
3225 1577 99 p
2061 4612 47 r
3141 1203 93 e
5975 212 117 e
3297 5514 82 j
3359 4406 75 l
4034 2787 67 m
1890 1855 69 n
3862 1630 21 h
3026 1751 104 t
3512 1248 22 d
3084 2266 25 u
5832 3730 112 l
426 826 115 w
2601 46 86 z
3549 150 52 r
4715 1998 115 t
1443 5470 114 e
5958 1404 107 g
370 825 61 z
4925 3545 72 g
1714 389 23 t
2316 149 21 l
1704 2098 91 i
3752 5806 76 u
3805 2216 85 c
2662 3692 50 x
4126 3868 59 r
214 3874 108 t
2828 3668 59 r
2918 5593 39 o
5202 759 82 d
3782 1399 114 w
5553 1807 104 y
5048 3945 70 u
237 5373 27 s
1763 1187 58 a
150 3874 65 x
5204 5778 87 e
3163 132 92 l
5976 2176 105 s
2916 5689 82 u
2580 872 30 a
1443 4351 39 j
4111 1143 114 v
2741 851 85 g
1957 2447 77 s
3175 1033 59 l
339 1015 23 s
1893 2292 22 d
3552 3360 103 l
4352 5642 89 x
310 5461 35 q
50 2282 102 e
5519 406 57 w
385 1732 96 y
3350 3344 84 j
2159 2668 63 j
5884 1356 92 s
1257 2607 26 y
2659 5449 43 e
3071 4110 115 o
1200 3199 95 t
5804 2640 21 x
2639 4668 113 k
5880 1427 82 f
5402 4492 74 a
1358 1733 20 j
5148 1201 29 s
5387 5575 109 l
5009 3111 87 m
5170 3787 35 j
2041 4831 79 p
4963 4648 89 h
5049 107 67 c
532 5395 58 x
4419 2189 24 e
3382 5206 57 s
5366 3531 85 u
1874 3407 55 d
1759 5860 45 d
3629 2016 20 w
3438 4694 104 j
5894 4437 98 n
2414 5316 114 e
132 42 32 u
4596 3461 89 f
5046 494 32 k
802 1255 43 r
5156 4677 64 w
4037 1765 110 j
825 2861 39 c
347 1898 86 c
4020 1880 112 c
4051 2242 95 j
5392 1418 28 v
4952 3858 45 h
1264 332 35 o
3577 5892 72 b
5056 432 79 d
4418 5251 28 h
243 275 38 u
4665 3696 119 l
419 5735 103 g
2775 5401 118 m
2730 5178 32 k
5496 5868 44 q
244 1775 105 c
5655 69 74 d
5768 4993 85 k
3695 1573 98 d
4 2646 89 b
1693 4493 101 l
5424 636 116 x
4433 2068 27 y
1035 3096 71 x
2163 3067 93 h
4662 4725 100 a
5849 5761 108 o
3738 3533 26 m
5916 5810 57 f
4330 4675 119 j
859 4076 82 v
3481 2241 93 p
2462 4016 113 c
629 4784 21 l
1977 1685 64 u
1237 53 69 c
1933 2878 91 j
2962 4868 119 y
2421 5053 82 d
2795 4214 22 m
535 3498 59 a
5622 420 119 r
3696 2826 53 f
2165 253 112 j
1933 3402 75 o
4557 5653 53 f
2813 2894 56 s
3539 1410 78 z
5928 2155 119 v
1029 3736 45 h
2104 1290 110 r
3210 4243 69 q
1190 3094 56 r
3008 897 25 z
807 20 78 p
5413 3682 112 i
2250 720 99 m
5799 62 100 m
1334 4307 34 s
3318 4284 61 t
5208 3603 60 i
3391 5061 92 r
5949 2830 111 w
2781 1703 92 j
1567 5268 75 g
5684 2990 56 c
5351 2416 60 s
4572 4336 95 s
2681 138 93 b
461 3446 81 j
4775 1792 65 t
4864 4621 42 u
1967 3986 52 k
2055 1879 25 f
3265 1889 4 t
5535 3185 77 t
4795 442 101 f
756 5453 57 c
5723 632 76 i
1215 5415 92 t
45 4779 66 p
5111 825 110 z
4579 842 48 k
1972 1580 60 l
472 5592 104 k
813 5143 88 a
2843 4032 40 r
1121 901 112 b
2062 5536 114 l
3580 4650 31 r
5170 5670 101 n
3433 3847 32 z
4337 3891 26 c
929 3326 40 o
2297 2528 97 p
2156 4437 91 k
2457 905 57 c
2381 5274 31 h
2752 221 96 z
3614 2368 77 r
3606 4797 70 s
2132 909 73 r
5757 5201 116 m
2903 570 26 a
555 5509 90 m
267 5870 97 l
1768 2541 96 g
849 2139 52 p
887 1924 106 v
2118 4864 58 s
2315 3782 97 q
2769 5145 86 y
3059 182 75 p
944 1034 111 v
5840 218 87 b
3025 5103 97 b
759 4962 3 p
3065 1415 89 p
4107 1999 80 e
2668 4066 91 x
2655 2299 23 x
1694 1657 55 o
4914 1699 52 l
1618 4618 119 b
4483 1377 111 n
5245 2766 45 u
1017 4748 43 r
3760 1522 29 o
208 4433 65 q
2308 773 44 v
4125 1338 38 e
3838 1035 82 n
5557 425 30 w
5811 4826 54 z
749 4667 83 c
4059 2678 113 n
3458 2349 76 e
4483 4704 106 d
4107 3151 107 n
1987 2857 25 r
642 4322 75 p
2417 3667 69 p
4154 2675 28 w
5814 2980 29 j
2392 670 53 i
5980 1321 86 m
3220 5342 52 p
4145 773 103 g
4283 5282 43 j
1259 5092 100 u
3272 4384 114 w
2473 528 103 a
4321 2816 27 r
4730 4069 25 g
2703 2261 48 y
5548 4443 22 h
1268 3035 67 t
3371 2638 22 d
1133 2385 45 l
1426 2171 110 v
5537 4904 115 m
4907 5398 53 i
5937 5105 76 n
1912 5237 43 s
5975 690 23 r
2035 2539 108 f
4801 2532 27 b
5533 2338 98 n
2980 5474 108 v
2550 4822 52 l
2487 2216 84 i
1819 1777 53 t
5394 5756 45 c
1611 4816 51 q
1482 1589 49 w
3033 4722 24 l
5750 4462 27 i
468 350 85 r
5849 197 40 r
1447 5817 112 q
3934 5385 20 m
5150 5687 41 g
3572 857 77 k
2425 5185 51 o
3807 4118 68 o
608 734 76 b
2282 2774 28 b
4532 2612 48 o
2290 2184 101 l
2571 2650 112 t
958 2672 80 x
5945 1967 74 k
433 651 93 s
4037 3721 47 r
605 4632 103 q
5659 5689 31 e
2537 4294 52 f
4357 3866 67 o
1391 2396 49 o
4161 2220 33 r
1497 413 43 p
997 3847 26 g
5784 1050 59 z
1549 5820 50 k
2885 5110 65 y
2431 455 107 z
3259 668 89 g
3067 825 101 y
179 3427 88 b
4680 4735 69 l
3836 3075 34 h
3409 3224 50 t
4448 3881 34 t
1509 4776 80 d
879 2884 87 g
4974 181 33 j
3400 5991 113 t
3914 248 20 p
2042 3389 90 r
4021 1349 101 z
921 5524 102 v
4793 3711 50 v
615 5663 68 z
1140 3796 73 v
5897 2347 47 o
1580 1152 62 u
2371 1743 59 z
3297 1218 73 b
5637 216 24 z
453 4727 24 w
1561 5039 90 a
1850 1254 56 a
1143 2213 41 s
2993 460 65 b
230 1642 104 r
2955 4014 38 w
3440 2503 109 a
3183 823 111 v
1067 97 90 t
5142 909 52 v
1229 1067 62 k
3048 2264 114 m
5709 4219 84 f
5509 4192 68 c
4305 1629 80 p
3022 1957 51 w
5039 4550 51 a
4856 1597 87 a
2522 3678 24 c
108 4187 110 r
5196 5091 69 p
5761 413 71 f
467 2356 71 x
2653 115 94 c
5667 4992 110 k
1810 2027 80 h
1699 1822 102 v
138 2252 101 k
5599 1077 65 s
1915 3763 32 m
1620 3448 65 y
221 2691 66 r
2102 5660 113 e
4815 4374 87 a
3621 3995 115 e
2646 5268 68 t
5104 4960 63 g
4655 652 88 a
435 1406 62 y
381 2689 31 r
4299 2145 103 p
5839 2791 106 b
2290 1240 34 g
2989 3267 30 y
2004 683 88 x
3049 1833 26 t
5968 728 38 q
895 5298 56 q
1491 3237 63 u
1516 5529 105 p
2291 942 39 j
2691 252 94 l
5794 1639 64 k
4857 4300 87 n
4998 2551 41 t
5514 4215 92 t
629 5155 111 s
2023 4750 88 c
4747 2711 47 e
2533 1090 116 u
2883 4535 66 c
3421 70 71 l
1163 4696 117 i
2319 1946 113 s
1073 4106 107 k
1827 348 77 o
2234 4644 53 p
4750 5297 64 j
996 2968 57 c
1940 3490 99 o
3742 416 82 n
1097 5797 72 v
2972 2947 109 t
3766 792 90 s
4972 5443 99 d
3752 5649 34 y
2671 411 58 y
3242 2856 106 r
457 4214 33 x
4290 656 22 q
476 3892 73 t
2900 5419 109 r
4540 5852 88 j
4035 1303 103 p
3909 5742 25 g
3014 4250 56 c
3428 404 82 w
1192 218 117 y
768 5251 111 z
2013 4035 117 t
607 3369 115 b
3083 4049 105 q
3389 3189 85 x
1133 954 46 k
5844 560 48 r
3770 4946 89 t
4538 1557 95 n
2233 5815 31 w
5804 937 118 g
3409 1587 66 y
5442 4720 85 d
2541 5599 26 o
3594 951 22 k
5705 4763 113 v
2498 4053 81 m
4320 3377 72 o
952 916 44 h
998 4270 85 i
2077 2805 62 g
5035 1687 43 p
4541 1749 32 y
4471 3799 50 n
3877 2106 109 e
427 1449 89 u
2705 4555 33 n
3326 2121 115 w
4437 3193 68 l
3766 3022 60 n
491 4722 22 j
3480 5208 52 h
256 5143 38 e
1614 5554 88 f
2837 1551 59 c
3129 2651 37 f
2570 4560 51 f
3713 403 44 v
489 3962 65 w
623 5841 104 n
26 2501 107 e
2297 5966 44 i
976 1656 64 p
824 1167 101 d
4745 392 29 y
2415 5189 118 j
1604 3701 55 r
576 1423 69 h
5198 2636 42 x
1693 3079 111 m
3790 2350 39 w
3500 5160 105 m
549 4732 42 s
2812 2280 34 n
2171 1423 96 r
1676 1959 63 f
1353 2848 78 e
1962 3071 50 f
3320 1576 91 h
1911 1637 74 w
4630 3372 64 v
3876 1181 28 x
199 768 45 g
1917 1029 111 h
1699 1461 55 j
5143 2160 24 t
1661 1893 100 g
3779 1520 102 c
5486 3440 27 b
4299 1412 115 t
3648 3000 61 f
3070 1523 72 b
2314 748 108 q
4510 5058 40 f
5911 5691 80 e
392 5222 84 e
802 4646 78 h
2424 5026 31 r
4010 4379 62 h
705 2922 94 o
3622 4663 77 v
530 2748 115 r
1716 1513 114 z
3006 5146 78 e
697 5417 23 k
963 3944 27 x
1471 3374 93 b
4217 1943 60 e
4194 3057 74 m
1034 5757 113 p
2452 4003 93 x
5780 1835 80 e
5449 4264 46 c
726 4513 113 n
3381 2186 29 v
5605 5995 110 f
919 373 47 j
4129 5576 102 m
1618 248 48 x
1529 328 88 n
692 4622 100 a
3216 5456 2 r
2241 4956 67 p
1536 5758 45 u
431 2388 90 j
2749 2022 105 v
4241 5398 111 s
5903 3175 64 b
4608 1951 83 w
879 1895 23 d
2729 2399 23 f
2770 2093 61 s
3758 5915 36 b
235 590 53 a
2665 444 119 q
5026 5010 83 b
4680 3723 71 i
4217 2988 81 b
3119 3787 77 v
4135 1061 61 f
2202 5085 99 l
1863 4268 84 v
326 3082 113 z
4121 3412 101 r
2231 2564 32 c
2219 4289 41 a
5018 1087 36 e
1112 3010 51 g
1290 1357 45 k
1178 5800 115 e
4354 334 111 p
76 5008 95 f
5612 1558 40 k
3545 2889 49 l
4106 5454 70 i
3159 2849 94 a
3843 4751 35 l
5865 5214 70 v
4427 5415 106 r
301 4174 36 t
5234 5133 119 u
5967 3310 94 l
805 3540 104 m
4320 25 90 z
1357 1178 61 f
5775 4315 26 o
1947 349 107 t
645 1994 75 u
5642 3429 111 x
5273 2005 73 r
1130 3197 33 m
4646 1771 25 g
1024 4795 25 z
550 2811 33 h
3942 3982 30 q
1259 4694 72 h
1144 404 53 e
472 3122 63 u
1889 2899 63 l
2282 4139 70 g
884 3560 46 c
5073 4147 58 i
3710 4207 65 w
5080 4667 86 a
5142 1505 109 g
1827 4179 82 o
4184 4910 78 z
1088 4354 72 h
5857 802 105 r
2463 3735 84 a
5645 3121 53 u
4482 5041 48 t
4638 147 58 d
795 1531 61 d
2425 862 106 q
2977 4577 116 n
2423 3001 48 v
503 1216 76 h
365 2603 103 c
5757 2954 27 y
1121 4686 111 w
3022 1438 97 a
474 5967 49 h
309 3274 24 c
2184 986 116 k
4078 5366 119 o
3214 3272 81 o
3150 1416 81 k
3717 1326 28 c
1792 4501 109 t
4274 3394 35 m
343 3324 106 o
5185 1307 21 s
78 4368 68 j
2105 3041 45 a
5017 2769 29 h
3735 2678 57 b
664 5975 80 v
3586 3397 86 d
2394 4843 78 u
3973 2787 53 z
85 2174 31 b
3497 1977 67 p
3962 1049 82 x
2676 3778 38 f
3590 5652 106 c
401 2224 114 r
4445 4288 32 x
4669 1828 23 f
4043 1294 54 d
2693 371 34 j
930 3864 90 d
2596 2426 42 q
5208 2019 105 e
5190 1674 33 o
3948 2585 96 y
1661 991 27 a
4044 5163 107 j
15 4737 77 v
2564 4481 86 h
2041 4415 101 t
2292 1051 90 c
513 3526 85 p
5445 2405 54 a
1367 3611 105 i
3249 5121 43 u
3653 2067 27 s
460 2046 54 y
4287 5759 63 w
2326 353 37 q
1265 5076 83 c
2965 5852 91 b
2872 3629 51 w
3703 2682 65 r
5576 608 105 g
822 2523 46 x
1092 3370 45 b
3366 2960 101 m
4623 3406 24 w
1727 3758 119 n
4712 5426 24 i
5626 3442 38 p
3659 2049 56 o
4437 2426 63 u
70 1775 115 c
2133 4201 39 r
1305 1209 24 u
2678 217 95 u
563 3327 35 i
3827 1451 59 u
1215 237 71 k
2410 2534 48 m
1083 2626 98 r
918 107 41 g
5207 4943 66 d
2939 4086 110 r
4959 714 110 v
3314 5086 109 o
2462 4947 41 z
2339 3544 55 r
1867 4330 34 h
5924 5949 50 b
1186 1897 90 p
4993 3083 35 z
3305 721 35 r
1087 3934 25 m
5829 3470 25 h
5165 3347 93 j
2648 5686 27 d
5270 346 44 l
1512 1329 65 h
2909 4101 78 z
2609 389 103 i
2516 3265 52 g
1884 497 68 y
5040 5877 40 e
5780 3423 114 e
161 312 57 z
4634 2123 80 d
1269 2073 43 j
4703 4882 30 b
5765 1484 32 g
5648 3778 26 w
5603 2793 104 h
3850 2496 34 r
4726 61 112 k
5191 91 45 h
4573 465 48 l
1316 174 79 w
5507 2339 56 e
2914 4633 99 j
581 5309 68 v
3464 2845 95 w
3902 4927 100 w
1227 5487 96 n
4802 3742 76 g
739 5396 93 m
2330 516 57 d
2379 5948 38 b
1643 2610 73 m
2435 3719 46 k
2583 5691 113 b
1788 3602 63 r
3766 2630 48 l
2424 1651 100 v
4955 5843 69 m
4999 2175 117 v
5770 4727 110 x
1235 882 68 p
2654 374 55 k
1610 957 72 y
5308 5875 93 n
3249 5758 107 s
1635 5336 81 t
2019 5122 30 v
5406 2916 74 v
5217 5620 35 f
2782 2255 108 n
111 4676 22 m
5580 3816 30 u
293 2549 38 n
2255 3402 107 b
3986 529 100 l
111 4578 83 r
4174 2664 39 h
537 543 81 r
1786 2184 54 s
5187 1857 68 u
1057 2976 34 f
3711 4495 104 o
4027 4792 79 z
1024 5409 22 r
4509 754 23 h
5535 3756 104 k
1610 1163 73 s
3503 5018 59 j
4922 1376 45 h
5108 3087 110 o
3644 1504 90 m
5754 2559 111 m
4674 3619 92 e
4259 261 49 t
2207 2517 103 z
2641 3521 49 s
4188 2313 95 t
3351 5064 83 f
3905 1501 106 x
2032 5447 83 o
5496 767 84 u
1510 3230 49 i
1191 2430 21 x
2578 5199 62 i
2536 1272 33 i
2144 4620 77 f
3345 4834 88 w
4841 596 40 g
3383 5012 109 q
4069 2708 76 u
2773 5884 96 e
3370 1642 68 y
4089 672 77 z
3793 2156 74 d
4937 5841 23 t
5464 5630 82 q
5518 3683 55 o
631 5633 45 p
3896 2598 65 h
5487 598 94 t
5466 116 91 n
4163 3455 109 v
5991 2030 106 h
96 529 87 y
166 3714 86 j
818 2976 106 x
1939 2218 91 n
2833 5362 28 p
5981 2592 27 o
5810 325 41 f
5425 2533 97 a
2814 3901 25 v
4679 2272 44 l
3634 3436 94 l
5448 5252 95 d
2600 4236 40 u
1425 5601 113 t
2038 3980 108 y
2367 940 57 u
212 5873 113 g
3162 2242 38 o
3474 3815 28 p
1266 5993 110 l
5012 5427 70 s
1914 2307 70 j
1099 2518 52 k
296 3947 82 e
5833 753 116 g
2113 4165 102 q
772 4011 28 l
404 4290 30 c
5461 2983 98 k
568 4953 66 i
2042 4068 27 p
340 2138 48 o
527 2864 23 i
2487 4314 40 t
2444 2851 44 i
1129 2152 94 x
1250 2394 51 r
891 2127 91 j
3167 3408 83 k
5439 1941 46 m
4240 682 106 i
2803 4647 43 m
1193 3297 73 y
3052 4989 27 k
5996 632 117 l
1147 5993 75 p
3335 4165 113 r
524 1963 105 j
251 1406 24 c
251 5213 106 p
2991 2681 78 p
5494 1057 96 z
3715 4023 52 b
3248 5622 103 d
1776 5529 105 o
2591 2435 103 d
5669 5047 28 d
5146 4252 3 r
1244 1416 71 m
996 5049 46 r
2128 991 101 o
3843 3776 82 h
1834 3550 108 t
453 623 109 d
493 4235 70 z
3390 5636 48 w
2382 5446 44 c
5546 4211 80 g
2541 2207 72 o
1560 3566 89 x
3214 2662 58 o
2111 5058 95 h
5592 1668 40 b
851 5439 23 p
4325 5312 105 v
5431 5727 22 s
4710 5627 23 n
1064 3809 97 f
5742 5599 31 c
3053 1427 21 d
3611 2380 28 n
3950 5690 72 k
2198 2721 88 c
1947 1912 108 m
2448 5884 70 f
3321 345 63 c
230 1694 67 t
2635 3441 21 f
4671 1181 113 t
4143 5068 68 c
5192 5964 112 w
5084 1699 24 d
943 221 110 l
3147 707 55 g
5314 2521 24 j
3141 3097 107 y
1606 1001 74 r
856 212 40 j
1639 4129 41 y
5337 3106 60 s
1178 109 20 g
514 2119 111 w
2165 1643 66 s
1197 4894 119 u
1872 5596 108 e
3686 593 106 w
3207 5350 23 m
3598 1361 82 r
4148 4001 60 x
4441 3181 113 i
4457 2017 111 s
519 5808 108 s
398 5121 107 f
4916 4791 68 n
4677 3747 42 e
4203 5579 96 a
1799 2759 91 g
1595 5023 62 h
3555 2439 58 i
4736 5904 40 u
3794 5634 102 k
4393 5850 69 w
719 2202 73 y
504 585 61 d
2707 2928 78 s
5669 5546 103 g
5716 5452 86 c
1417 3715 27 p
4762 2679 68 q
1483 4884 40 r
580 2882 88 c
985 3464 43 x
1080 5848 83 x
3584 5044 64 b
2979 2713 64 z
4482 4707 43 f
5608 3908 95 j
1804 1750 66 p
5215 1941 86 f
4692 3171 114 b
2399 5305 99 l
4376 3567 45 k
5693 3339 95 z
5107 2813 80 o
4574 386 42 f
989 1116 101 w
4729 3098 33 u
4944 4382 111 l
1152 1723 95 s
5297 185 52 f
729 53 28 k
5826 3265 2 a
2594 1611 41 z
4350 5448 51 x
2660 3869 62 x
4090 3627 49 m
1310 2003 30 t
1865 1334 93 f
4553 2407 94 n
1798 5789 64 b
5039 301 34 t
761 3271 85 r
2818 3315 97 f
1492 1723 57 f
1697 732 69 x
4980 2632 40 h
1146 5745 98 r
5337 5551 51 t
3397 1619 46 b
2516 2668 46 j
4936 614 78 v
4791 2287 24 j
3584 3730 117 z
3980 3628 96 h
2530 2083 24 e
5612 5481 86 z
1346 5809 50 f
4743 2998 41 r
345 5428 73 c
5220 1863 115 h
2300 5260 94 h
4422 1638 48 m
4486 5251 51 k
1783 931 95 i
641 3736 93 m
3951 505 20 x
5699 2216 111 z
5993 523 76 d
2255 2288 63 s
3673 2352 39 w
378 5314 63 h
231 854 99 i
435 517 81 y
1274 2162 94 n
4492 5712 33 j
4154 836 89 x
628 4936 27 v
5252 3669 40 q
5077 3321 113 u
3840 5063 30 z
4487 2586 113 z
1588 3232 117 e
3800 4591 27 n
470 5980 28 j
3060 2804 43 r
1133 1507 42 o
5272 2239 43 c
4491 3066 36 n
1407 3294 65 g
2294 3097 29 r
773 2698 67 s
2695 5980 56 j
4437 3086 68 w
5995 4118 53 j
5233 4675 95 m
3289 3302 52 t
2798 2584 54 l
1519 5000 37 p
4242 2820 37 t
3857 2298 94 e
1278 3598 34 o
5649 5978 106 a
4214 782 31 c
1233 1927 21 e
339 4062 46 g
5057 463 56 v
1753 4890 69 g
5830 3386 67 w
1766 1997 51 l
2998 2971 45 y
3988 5587 53 z
1013 401 61 t
884 66 33 o
2265 4890 119 u
2100 2087 65 x
3981 5854 103 u
807 4036 87 w
969 2209 74 z
3706 814 68 r
4397 1008 24 r
5239 1985 55 w
2103 1634 24 h
3476 5197 43 k
4333 575 96 b
3636 1973 77 t
2020 1821 35 u
252 5926 114 d
5010 5853 112 s
2597 4211 118 z
5314 597 74 c
5258 4158 57 o
5667 3480 40 h
4859 639 74 j
290 2631 30 d
3664 667 33 z
1513 4021 109 v
2577 817 55 m
312 1622 79 n
5217 241 42 z
5603 221 28 e
1265 1421 110 j
4005 1440 88 c
1770 4766 104 w
2304 804 99 y
493 1168 50 j
2387 736 40 q
3669 1447 90 n
1302 3800 78 x
4259 5194 93 p
4478 1764 103 n
2440 2695 111 q
898 882 59 y
455 2912 75 r
4655 2447 117 w
1371 3296 51 r
4187 4804 87 r
4578 1635 93 q
1177 4859 85 w
2560 2996 103 n
4364 2085 81 t
3531 2382 93 g
4168 5790 67 e
2364 4682 113 n
4280 4933 63 v
2947 2339 115 o
5059 817 50 h
5291 4110 61 e
3486 3144 99 g
479 722 76 z
3253 3476 35 e
22 5653 100 c
3101 1487 105 i
3363 1996 39 p
565 5135 113 h
3979 235 80 x
5656 407 110 u
4683 4016 26 f
457 5002 101 z
3753 2807 96 v
5589 1230 47 z
552 1986 99 o
1079 143 58 y
2776 212 82 a
3478 4369 28 d
4130 1087 38 z
2563 500 37 y
2892 4424 106 y
5533 2852 43 d
1252 5901 84 d
4281 5996 102 y
770 3671 113 a
3012 2897 104 x
2684 326 67 e
5459 5689 64 z
1972 2139 105 b
5506 347 80 a
2158 221 28 g
5740 4546 106 d
3478 4052 108 n
3080 5798 55 x
1434 5607 27 m
3648 3360 45 u
3889 5727 36 w
4019 2523 50 i
3680 1096 29 s
5009 4442 44 d
238 473 93 v
728 901 60 h
2627 4028 74 e
5201 5702 106 d
4198 837 32 t
1072 3328 106 o
4708 3710 24 v
2063 5331 71 y
1805 1871 57 n
4746 3303 88 r
2387 2517 90 x
5317 5806 116 x
3535 3819 50 f
2950 4711 76 y
2448 5856 65 k
2556 4781 99 l
662 1366 30 d
2332 2986 80 p
1887 5015 25 x
1028 2038 29 w
582 3424 105 w
2813 5026 109 i
5462 739 32 c
5229 5473 42 a
4156 5185 40 b
3657 4448 27 k
3897 3169 39 s
525 2850 80 s
461 4857 52 z
5805 988 86 j
1301 2351 23 u
1766 1873 78 e
4065 1668 92 n
3526 3263 67 c
2684 5218 40 r
3658 643 80 v
4311 397 74 c
2905 2228 33 u
4088 4042 79 q
956 2562 66 f
3469 2792 52 a
242 985 52 b
5287 5291 41 f
2971 821 41 i
4573 5086 49 w
5875 3786 88 w
5010 5743 112 z
3673 2484 35 a
2039 107 118 q
1427 3787 64 v
100 4700 23 o
1874 1138 71 i
4467 5057 108 g
602 417 119 w
1180 381 67 m
2605 5241 79 z
5359 2388 22 e
3887 5112 80 h
5607 1945 84 z
3573 4588 20 p
4942 5910 105 x
2491 4862 60 r
1333 2685 108 x
5485 5877 81 y
3694 578 53 e
378 632 49 a
3391 5992 61 v
362 4650 56 w
5467 1400 83 b
483 85 76 d
3659 5001 54 q
1386 5324 102 b
5056 3986 69 g
1181 2203 94 g
4587 3272 86 e
2474 4865 62 y
5665 4673 80 r
1695 289 44 e
4856 1409 80 x
5204 4824 33 b
322 1487 72 y
5694 2199 23 s
745 2043 113 j
2702 5094 67 x
5800 1971 109 t
1375 1572 27 z
1799 5913 62 u
2401 1733 24 b
1057 2523 83 d
1027 5663 54 z
974 1330 61 i
2059 5658 73 k
4927 5965 33 z
35 2048 42 p
3660 4655 35 r
1873 3374 38 c
874 1654 30 v
40 3463 46 t
2452 868 62 p
3582 5164 87 i
4605 5769 47 u
4070 3929 101 x
5547 3949 56 s
2008 3887 25 x
1989 150 34 r
1897 1192 83 d
5041 160 84 c
5356 5185 45 t
326 5069 75 x
5838 709 72 s
5001 36 51 m
1228 496 67 z
5087 4036 107 a
3018 4905 112 v
4384 3107 115 q
5677 1935 44 l
3553 2611 30 y
2501 2611 79 q
43 3342 20 g
1091 4436 63 y
2189 2244 25 f
4119 4318 81 h
635 2288 45 z
714 2599 110 e
3977 1418 74 v
5988 1377 32 e
3425 5450 84 l
2471 4668 48 h
1371 4407 110 h
4330 3765 90 n
4970 2656 65 m
4802 5679 83 u
4599 1546 55 k
2411 4234 66 r
4320 3623 39 k
4990 5435 71 y
409 1988 40 f
4106 4091 86 g
5654 3034 53 m
815 4500 32 t
3744 1903 81 t
461 2124 56 u
2352 512 111 t
3836 3164 27 x
2986 5236 50 f
1004 3145 52 o
921 5854 37 h
3942 3788 70 d
5958 4577 24 x
5214 4087 110 d
369 916 101 v
1307 3490 85 o
4378 1076 78 u
1381 3421 68 v
4765 3316 27 m
4590 2754 30 c
929 4259 113 p
2601 944 86 p
2685 3813 53 t
1149 924 30 t
755 127 47 m
3477 1399 114 x
900 5211 24 j
3117 1731 65 d
1694 2659 88 w
2192 4441 21 b
5840 419 33 l
1469 2510 31 d
1753 1767 99 h
160 3819 75 o
4899 621 91 u
776 2546 57 w
2879 3481 44 v
3885 3648 33 j
2784 1374 85 n
207 2852 36 a
5218 2730 80 b
276 3080 109 k
1986 5679 64 v
5933 4394 115 m
1692 3129 112 t
1221 3370 111 w
5620 2560 105 f
5758 4211 20 a
5919 2473 25 o
2671 2545 107 r
2654 131 84 b
3265 334 69 w
5535 676 97 o
4516 5479 93 h
5377 243 21 e
2549 520 22 f
5254 2288 59 f
3224 1951 100 i
21 4063 85 m
1263 3223 104 x
4411 2313 43 m
1087 1026 88 n
145 2304 43 i
4646 3394 116 b
4828 5683 111 g
5096 5233 35 v
2706 1258 115 y
1655 759 2 e
4521 4271 45 x
3698 2436 25 z
2777 1440 114 r
2605 5924 106 s
1556 2313 26 p
4026 321 103 b
512 2585 41 a
2958 5128 85 j
237 1323 66 s
97 5127 56 w
1988 2049 47 c
5816 3419 92 r
2137 5767 115 c
3309 3296 40 z
4425 2647 46 s
4654 1605 61 h
4041 315 52 y
5733 5008 117 z
4945 2718 50 p
4463 2306 94 q
5922 1296 85 j
849 3906 79 t
4031 1435 105 g
3771 1198 39 o
3127 4261 50 h
5119 413 91 b
1732 5591 40 a
843 826 39 n
45 3754 72 q
1804 4874 91 j
1000 3716 40 b
3391 5849 36 d
3371 539 72 v
3001 1843 50 m
845 3013 96 e
501 3452 28 f
5418 5071 22 l
3000 2473 25 f
1355 1866 78 r
2372 2104 116 q
1944 1389 45 d
3159 1399 58 c
3720 2043 85 h
2051 5284 100 n
1557 566 119 u
4086 3072 59 j
4462 4475 85 i
1868 3930 47 s
763 3763 74 b
1832 4074 82 s
3099 1341 36 a
110 1943 65 l
5463 95 21 x
1688 107 37 y
5650 877 66 j
763 1506 57 o
4857 5367 67 j
2731 672 98 u
4348 2165 46 f
1860 3640 119 t
1788 3608 100 v
4589 5968 66 y
4620 3997 117 s
507 2033 73 o
3427 387 64 i
2177 185 62 h
2127 4939 73 g
3561 2222 96 h
1189 2282 118 x
2775 2748 52 h
3164 3879 109 n
3014 3112 37 s
1545 4796 80 y
4694 4480 96 i
3904 5990 44 l
4791 1531 29 m
1263 4242 38 t
2663 5032 90 u
1903 1464 68 u
5127 9 44 l
2402 2332 88 h
956 1585 117 j
1220 5327 42 i
1440 2132 20 a
4513 5017 58 u
2075 4889 45 o
968 627 111 p
304 2956 117 c
5068 38 31 p
5632 1414 46 v
4344 12 37 q
4847 2570 79 s
165 2090 61 d
3444 3874 101 p
2013 5843 91 d
1514 5103 27 f
817 4930 116 o
1718 3790 28 c
3788 5512 76 y
4712 528 62 k
524 1992 32 x
2222 1518 32 r
1030 2777 73 b
4087 4603 64 p
917 4939 68 y
2716 2009 69 z
1195 4504 46 c
1442 4349 108 u
2051 4748 113 z
1520 1433 59 g
4307 4857 66 u
5169 3772 92 j
5843 1726 119 c
3199 66 30 g
2611 5153 119 n
136 3766 88 w
2944 2223 87 c
4584 4984 56 g
1789 1669 82 k
4627 1448 115 z
3289 1043 29 p
218 3410 25 q
1947 1548 56 k
1866 2309 58 e
2560 4152 84 n
5678 5198 23 p
1259 2924 66 l
5440 2283 44 u
2243 457 87 r
4390 1503 30 a
2523 4868 21 s
3349 4271 119 j
4072 4921 85 b
3717 5322 40 d
3842 429 90 i
2264 5862 92 a
5821 902 25 k
1026 5428 83 b
3364 1960 73 d
4496 1948 49 u
3937 5051 52 g
604 1341 44 n
3121 3493 78 n
4434 5578 116 e
360 3677 92 j
3401 5407 93 r
752 5402 84 g
4618 165 63 y
3904 1576 63 w
3019 3978 92 c
1464 903 99 m
3935 3158 58 m
715 4082 81 v
2893 4662 106 h
4063 2302 82 i
4240 13 104 h
2521 4783 30 n
1810 4248 73 p
2373 1543 30 m
2578 5945 119 f
327 4729 52 h
749 5483 42 h
974 1503 21 g
3473 3027 110 b
4485 417 98 g
2397 2733 78 k
2852 2317 64 e
5971 3113 91 m
1802 236 73 j
3546 2501 34 u
4403 3228 55 k
1065 2606 103 k
27 2951 106 l
1354 4795 72 c
4545 1040 57 k
1727 5692 105 g
5120 5632 60 q
5428 4915 39 f
2480 3854 38 i
4735 548 110 g
5286 5652 52 b
3694 1383 38 h
4155 2829 54 n
521 5151 48 v
5881 3108 32 q
2307 682 76 u
444 3508 51 t
1179 3211 93 n
2230 3724 55 n
2456 3255 46 r
2650 1653 42 u
3968 2528 38 m
2816 4380 94 x
4633 1223 118 a
4189 2139 104 s
3993 1004 81 o
1724 4588 88 w
4921 1275 75 g
1637 349 85 g
4779 4983 94 n
1878 4397 78 c
5102 2776 118 o
1397 2485 43 k
3977 1674 106 o
3464 4068 22 l
5880 717 48 y
4977 2374 61 t
1893 1618 115 p
2834 4691 54 a
2917 717 88 f
1698 344 53 l
519 2779 46 u
3527 5154 91 u
645 5539 119 k
577 4763 45 z
3968 2938 115 t
404 5441 103 z
3164 2196 59 n
4940 765 107 i
4762 4461 58 w
3430 5967 75 n
5962 885 71 r
713 412 89 m
3310 5791 75 y
5194 2660 47 c
3014 1409 118 d
4999 5664 95 y
126 3032 44 o
3884 5982 20 p
1758 1876 60 m
4509 2113 52 y
3543 3785 24 s
5273 3905 68 y
1793 1785 115 o
3269 1680 23 g
675 3553 64 k
1667 2802 31 d
5689 4333 48 s
3098 5298 90 y
1821 3335 113 c
4395 3795 66 z
1652 5531 113 g
4566 5560 96 p
2640 2275 116 u
5828 5919 110 g
2098 581 108 h
5014 2614 87 i
1654 5363 99 b
4839 3795 43 e
2260 1559 102 p
4707 332 20 z
1074 3562 57 l
5550 970 36 x
3406 4346 35 q
1393 4581 21 e
1150 2103 65 k
957 5624 116 h
2707 3636 38 v
4173 2490 55 k
2277 3562 89 q
3380 1026 58 b
4658 2852 103 b
2516 1195 88 p
5569 4098 23 w
4659 4473 52 l
2295 1117 45 h
5519 4361 30 x
3840 1169 63 o
858 1602 41 m
1655 5229 27 m
2676 893 47 p
421 3870 60 s
2787 2010 51 u
419 3195 105 p
4543 5849 106 b
2240 5180 74 v
3568 302 54 n
2669 2879 88 u
4725 936 57 j
2627 1440 25 f
5778 3252 102 m
28 1155 74 d
1084 4547 114 k
3294 855 78 o
5358 4610 111 v
5427 3294 36 a
2215 3562 29 g
1966 3216 1 a
4035 2984 99 s
1314 282 77 g
995 2152 36 r
4213 2241 107 n
4698 4512 62 u
665 593 93 k
2575 5962 23 a
709 5282 31 b
135 3908 24 i
888 5377 46 d
53 694 93 n
2092 4154 42 x
1997 3955 44 z
140 1591 98 w
297 3431 31 b
2432 1035 87 k
3513 2291 105 t
2053 4245 36 u
2122 2817 74 e
209 4132 24 t
5420 5122 35 m
48 939 92 l
5533 5013 57 a
3643 657 99 t
310 5923 101 w
3043 2167 74 m
1296 5599 83 y
147 3757 25 h
2849 3198 28 c
3312 4760 106 g
3163 2855 41 d
3138 4568 80 d
2012 4134 65 i
501 3544 81 n
4232 1061 105 k
3650 3599 33 g
893 3163 79 w
2592 2989 83 u
424 1315 115 l
1060 946 73 r
3655 1822 84 p
4148 4267 48 q
4177 2928 29 m
728 5915 79 t
4040 2474 41 i
762 5160 33 a
2986 5482 90 q
532 3111 56 l
4951 3650 27 h
4701 275 69 y
1123 5613 26 p
1310 4107 98 o
1477 5535 20 c
935 110 101 l
303 658 43 v
790 5407 91 q
3495 665 86 n
1511 4123 61 n
3536 114 104 u
3568 1993 79 j
521 763 92 i
2726 44 93 o
2775 4917 75 n
5323 2369 97 g
5943 4441 108 r
2864 3667 36 r
2844 2114 60 s
2650 4540 106 y
2123 5507 58 i
1366 2822 67 k
361 1520 108 z
587 39 90 u
1240 3893 31 j
3931 238 26 i
5544 3446 22 q
158 5398 90 a
4977 1690 36 s
2665 1931 88 y
5826 4683 85 g
4018 2160 98 b
2859 5796 90 l
37 2666 28 k
3875 3525 47 m
4457 1691 21 r
4755 3178 56 m
3359 5264 95 t
965 2585 41 t
3533 650 49 k
3666 3825 93 m
4421 5144 60 d
2375 4798 68 q
3444 4245 68 e
3113 4503 28 m
1672 5476 49 a
2549 154 78 l
4028 5960 101 k
1584 1889 36 e
182 2781 102 b
3756 2843 89 r
2434 816 36 t
3352 5595 23 u
3146 5193 40 c
3684 2708 39 q
214 3521 112 g
5951 3339 117 f
5344 1312 92 g
1515 2402 96 c
3957 760 83 d
1748 3175 117 c
1917 5768 106 a
141 5894 26 e
5915 725 100 x
3373 5281 34 p
2583 2594 73 s
3614 2812 92 x
5663 3478 109 d
3173 4614 28 w
2140 5610 83 h
5551 1503 73 z
4817 106 26 z
1444 1364 81 q
2822 2997 23 u
3313 2064 73 r
1458 4241 78 w
1755 1314 89 a
3288 1903 104 u
2768 4086 69 i
1544 1301 27 r
2504 1381 82 k
1472 5134 63 j
4408 31 73 x
3585 2162 67 i
2914 4454 81 e
5176 3233 78 p
2485 2128 92 p
1981 3223 92 k
2589 124 78 r
4142 3109 118 e
3435 2010 54 f
3467 1316 62 n
2250 2202 57 z
3125 4552 80 t
4227 1427 54 u
4942 5396 84 l
1078 139 94 n
4001 3971 48 j
5890 2153 34 p
50 5364 57 x
1526 5609 70 f
5550 924 65 d
4709 4489 96 n
3551 5361 44 z
4761 1199 65 a
4085 4843 91 j
2764 5055 70 l
5236 1739 55 i
986 4762 90 a
2172 1403 79 h
5532 1854 106 r
5952 5685 47 e
5301 237 71 m
5677 4391 36 x
5120 5162 51 w
2426 3223 61 x
1136 3437 80 e
5391 5295 106 v
1948 1177 28 l
1491 3036 57 c
883 2148 87 e
4177 2568 97 f
3768 5734 54 m
1850 3125 52 c
3828 4829 70 u
4277 4803 22 g
5172 3189 80 x
1943 802 110 f
3336 3631 101 r
4586 5191 113 u
54 3078 67 h
3901 3257 107 r
4015 2572 57 a
3519 589 40 n
2828 5381 103 b
4265 3693 112 m
2624 495 39 p
5077 5193 51 b
4718 5734 90 i
1699 2771 36 s
2586 73 49 f
4416 4410 61 q
3483 1526 97 y
413 2364 106 i
5209 355 57 z
4755 4247 52 h
927 2655 113 f
4814 3964 109 a
4616 4621 41 m
4593 352 47 j
1823 1936 42 k
2602 3742 57 n
1737 3079 67 v
984 958 67 x
3637 4600 81 r
3906 687 73 a
3620 4216 88 o
2040 4166 50 n
1133 3636 114 v
2051 4876 68 i
2478 4389 85 r
1841 4845 112 w
4866 739 112 b
1079 154 73 o
4406 142 64 e
368 106 89 e
3797 786 64 x
2937 52 25 b
5818 1418 103 r
1202 3760 87 x
5613 1113 37 f
1992 476 80 i
5159 2426 79 z
5183 977 94 f
592 1012 25 g
238 2122 71 g
76 5573 102 r
3539 1867 53 e
5064 3928 92 u
704 5996 60 d
1279 2134 30 m
3903 2896 64 n
4906 2276 67 u
4367 5646 53 s
4831 750 73 c
1827 566 74 z
112 5717 31 t
3519 2765 39 b
4858 5436 99 b
1642 4876 77 y
3938 3164 58 x
2610 585 79 m
5067 5972 55 f
423 642 86 p
5491 1817 108 m
4364 4852 53 o
2031 4338 55 y
2020 2290 61 b
1142 4017 107 n
2354 5616 74 i
4019 3846 103 s
4714 1903 93 m
4494 2777 105 u
5967 4368 23 e
1235 5689 60 t
501 1834 94 i
4685 284 77 c
3241 5330 117 w
627 2597 93 v
3190 4565 77 p
3041 3832 84 m
4252 2293 62 l
143 1864 96 o
2547 5724 91 k
4252 5144 3 _
4625 601 52 x
3075 234 36 b
2888 1530 79 j
2572 1448 107 e
1169 3083 35 z
119 3440 71 j
1911 5087 23 d
4263 235 50 o
1655 2052 77 h
2019 1356 71 c
5046 495 31 z
2779 4311 109 h
2064 5689 97 r
200 5489 49 s
4067 4009 68 i
1147 4730 32 c
59 4362 73 z
4159 4352 58 m
4623 2353 41 m
4724 2225 75 n
2717 2067 76 d
55 61 41 d
994 3099 77 t
3666 482 89 v
1968 3889 27 k
3308 1525 48 c
4586 2214 57 i
3221 5478 89 b
3262 4583 22 v
874 1565 109 f
5187 1582 29 x
3429 302 24 q
879 4769 45 j
5669 4400 90 i
3460 207 101 g
4114 286 41 n
3363 2116 43 c
4618 1166 89 y
983 2124 118 h
1365 3244 106 x
4060 4 96 l
2578 2677 90 m
5313 1812 72 e
3505 1788 63 s
4175 2308 108 v
1043 429 113 c
2826 5026 22 y
4845 2785 53 o
2266 5393 28 f
1348 3306 72 f
3210 5678 96 a
2056 4415 42 q
1675 3953 21 y
5972 3026 92 i
5887 5299 78 p
418 3183 72 s
953 1808 102 p
5311 2334 34 d
3971 1667 78 i
1148 3446 115 e
176 261 69 f
1253 3363 63 s
5021 3385 29 l
5738 3440 100 a
664 1593 99 o
2656 1551 116 t
219 1527 60 g
4887 3860 48 k
5841 675 36 o
967 350 107 z
2088 4589 23 h
1767 4530 24 b
367 4743 91 i
4131 1774 95 l
5440 212 27 i
5075 3795 56 q
5780 542 60 r
4909 3350 81 v
5425 5828 103 i
1043 3828 55 n
4590 1706 50 o
3690 5707 34 v
5355 5856 94 m
2422 3411 103 c
1793 1340 44 j
223 1343 45 b
5629 4532 35 f
4431 4378 118 s
5122 1113 59 l
4537 5130 55 e
3014 1951 24 v
3724 5654 118 g
5904 3649 28 y
3946 2052 43 d
1195 3744 68 d
545 5006 54 k
3917 59 69 z
3197 3773 108 e
3024 1251 115 q
5594 5512 73 a
2717 1317 119 c
2749 3545 81 o
2734 3488 42 q
1908 2176 38 o
3085 4770 112 r
3126 4886 70 u
1182 3475 117 y
4188 2807 118 d
636 5466 86 m
5989 2758 58 a
515 1269 38 f
2339 5799 119 t
2227 2690 32 y
5174 262 118 c
1345 4428 33 u
4332 1861 104 v
1053 5429 74 g
974 2584 105 s
4962 5956 74 i
2811 1208 39 t
5293 964 22 v
944 5224 99 i
528 3280 78 w
2661 5417 68 k
5699 2749 97 w
3744 1194 84 k
3494 3677 28 q
3617 249 93 t
3149 4969 1 r
4870 2116 62 o
5346 1984 86 h
2490 2909 63 k
13 2053 90 h
1069 5818 42 k
4693 5385 88 o
438 5126 30 g
5993 2721 95 n
4840 3423 102 n
3332 2303 98 e
3818 421 109 r
1987 668 25 f
751 2969 66 v
3277 414 85 y
1028 5894 61 r
1521 4648 21 j
5328 1241 88 v
1484 2023 25 o
5145 1074 93 j
609 1173 58 w
5726 1324 88 x
3771 2175 57 v
5154 4817 110 a
2461 3144 78 f
3985 790 69 j
4191 4623 97 i
2567 2589 118 z
5815 1732 40 g
4115 5347 83 c
2368 5778 33 z
5049 4780 97 s
2357 3648 86 f
5380 2057 70 i
1043 1857 40 y
2693 4322 73 x
2471 4900 83 t
2491 1906 110 k
2602 935 50 l
593 4972 50 v
4969 2086 3 e
2806 491 79 z
1872 2799 83 p
5118 5895 32 v
2857 871 53 p
162 2381 110 o
2577 2109 33 v
5442 1546 55 o
1768 4654 113 e
592 520 21 l
3042 2115 29 r
4298 2263 47 z
2042 4538 93 k
1181 5423 72 y
719 4777 116 p
5384 4172 57 t
5226 1545 99 r
317 1013 81 j
1471 1416 71 o
3561 2122 103 d
969 5384 38 n
928 238 31 o
623 1850 27 z
1355 3799 73 a
5991 315 77 v
568 4636 111 v
1730 5188 79 l
2012 4572 41 q
1831 1709 45 c
1930 27 30 l
2959 4898 46 r
5853 5336 82 b
1646 5191 110 l
1274 2686 104 k
5422 92 75 t
5219 3434 55 f
5809 341 35 z
3014 4698 111 g
194 5210 119 e
2739 2750 58 z
2525 3228 28 g
3287 1164 29 t
4577 519 68 f
1311 5701 112 w
5901 5752 75 h
1590 1389 46 b
5656 5318 39 s
1976 1598 104 j
1060 3932 24 i
5644 5808 85 k
4440 3273 49 y
109 38 95 g
729 4569 89 j
254 2716 99 e
1861 1774 84 e
12 2474 22 n
435 582 88 s
1678 4840 32 m
706 3528 83 d
4867 3588 117 i
3083 2719 48 v
5024 421 114 x
4455 2266 83 y
5753 3922 96 m
5326 3354 112 e
37 1425 114 j
1154 2455 48 a
3663 3809 30 z
1976 415 117 u
5913 24 84 d
3299 1072 37 e
2005 2253 74 f
2869 1196 109 z
1425 4806 70 n
4222 227 104 f
2390 5201 91 n
1795 5207 100 g
5074 2547 73 a
2501 4017 82 v
106 4629 113 g
103 531 69 k
5940 4472 89 f
3683 4688 93 y
3770 2870 26 t
704 4634 59 c
4252 3588 78 z
81 372 53 z
3084 661 68 t
3198 4251 23 v
3737 2082 49 q
5718 4044 79 n
3616 3083 42 i
3678 1798 84 g
2486 3407 38 r
2736 4130 58 v
5274 2664 40 c
2822 5023 102 d
582 4835 54 k
526 4057 38 t
825 647 116 d
5785 2315 112 q
18 5789 74 w
3874 4100 4 s
2033 942 63 t
2729 4740 40 g
2485 810 33 o
2104 5997 84 o
1308 2108 91 n
3394 4353 99 y
3106 2027 101 h
2648 3414 27 w
734 1727 60 a
4298 4383 79 x
1015 3590 30 e
4109 2556 64 b
775 4018 54 h
4436 4911 39 n
5887 1633 67 y
4773 1756 116 p
969 4635 63 e
898 3686 49 s
2350 641 40 s
5637 5857 50 b
1210 3536 31 q
4100 1143 1 _
3005 1384 72 d
4654 1992 72 y
5732 2490 99 k
346 2472 53 h
1460 5305 82 v
936 1561 101 i
4021 5226 116 c
2466 4879 80 f
1429 1472 82 y
316 1675 84 j
5984 5412 103 u
4056 5775 34 z
2926 3409 100 c
5344 3150 90 u
1473 1814 114 j
813 1409 42 h
4886 5652 64 g
361 3312 103 k
135 1637 100 w
4661 707 34 d
5828 4010 55 s
5 505 56 n
4629 2024 44 o
32 5405 47 m
4083 5391 87 z
2408 3780 37 v
1140 2103 78 f
4453 4135 108 n
5708 3841 51 f
3299 2877 87 w
1594 5915 39 i
583 287 117 u
5152 1382 104 p
5533 117 4 r
2759 670 63 z
1123 3613 22 a
2109 1179 118 k
1061 2992 46 b
4596 2545 35 p
3105 5084 99 z
2922 4803 31 u
433 4098 45 w
1220 572 102 i
5707 2056 42 d
5852 2935 62 y
2892 2598 71 w
1757 4405 93 j
5253 3954 79 y
1250 2068 86 r
1347 508 90 i
4133 2800 97 a
1633 4102 79 y
2258 944 85 a
687 4575 25 l
5078 2728 25 o
5217 5236 23 g
3587 1798 54 n
1576 609 84 x
4463 3117 36 g
5571 4946 60 a
4229 3029 91 m
3847 2884 32 d
4214 2648 63 w
2396 5725 23 d
3919 5914 105 l
1445 5129 96 v
361 2418 111 x
1152 5839 117 c
1711 192 60 p
4268 73 58 b
943 2396 106 n
4794 3525 27 i
1347 2291 72 o
16 2746 98 y
5155 1608 77 v
3399 1460 99 q
4489 1406 50 d
3609 1840 39 i
5310 1552 53 j
5933 756 114 m
2764 976 68 f
5935 892 96 y
850 2628 101 v
3495 2603 77 g
3681 748 47 z
4207 4675 30 t
4189 5148 25 m
2298 5578 71 h
5310 4207 33 t
5559 3040 26 m
1237 2358 22 g
4333 1425 71 l
4184 5808 54 b
766 4609 68 l
1961 229 33 t
2186 3876 22 z
4786 473 53 v
2317 2104 75 z
5553 2915 44 k
2668 5381 33 w
347 1076 59 z
5585 3517 68 n
4369 3533 94 j
5147 5931 110 y
662 4141 25 j
5037 5384 59 j
374 571 111 m
4101 596 95 o
5349 4053 103 q
494 5803 38 r
4449 3867 29 n
4977 5572 65 f
4053 5317 30 t
3085 2316 34 o
4641 4104 118 t
557 5110 66 a
2712 2484 25 g
3444 829 97 g
1090 4937 84 m
4626 4401 43 k
4694 1617 74 g
5154 1332 61 r
5294 1482 50 i
218 3261 45 f
84 1512 62 g
3622 4530 77 a
542 336 56 c
2252 4745 27 f
397 4593 56 f
4423 208 99 s
5129 2320 43 h
4804 113 69 z
1081 4078 97 q
3863 863 36 b
4517 3674 96 y
2949 4270 43 b
3209 5958 32 p
4854 3899 105 n
3280 5838 56 a
359 344 109 x
5006 1093 96 t
719 1692 26 o
2260 2597 82 a
2192 4543 77 s
3475 4845 118 a
1210 4643 110 d
206 2318 66 z
931 3185 117 c
4960 894 88 f
473 5266 47 k
687 3898 46 q
2389 2115 108 s
5060 1033 55 b
3540 3662 67 p
375 5129 67 a
4666 5150 74 q
4480 4717 63 y
4804 2747 25 y
1515 2811 50 p
3988 3708 46 x
2998 3710 82 d
1707 2043 24 z
648 4623 68 c
976 4302 77 e
2616 5656 21 j
1707 3971 80 o
4099 5011 52 t
4124 590 32 v
677 3014 21 n
1369 2503 87 e
5474 4499 73 s
5054 2642 87 p
5736 536 47 g
5100 2524 62 x
3315 3307 25 k
3042 4009 25 u
1073 5919 78 w
4138 3804 29 f
802 3911 47 q
2333 401 86 l
2591 2811 42 w
979 3558 71 m
1239 5825 66 b
2372 1311 96 q
642 3707 40 m
5382 4090 95 q
5590 4427 43 j
873 554 85 k
644 2654 103 a
4534 1040 82 j
3704 3643 93 p
4272 2843 22 l
1044 2750 87 h
3327 5050 39 w
5122 437 62 h
4711 4445 42 d
4322 5484 93 m
3409 2456 24 h
351 4051 37 h
348 5763 77 v
3986 3078 105 l
504 3452 31 f
3136 5421 96 d
149 1150 107 t
4765 1073 101 r
5889 4881 35 x
3293 3831 109 p
4272 238 99 e
4614 1337 43 y
528 3205 34 b
988 5990 30 t
3066 5868 101 p
5346 774 53 e
4838 5708 44 a
1121 247 24 j
5952 2428 29 n
1287 5226 107 e
4012 4773 74 b
4133 5283 22 i
1493 4214 31 h
38 5590 33 m
277 3205 102 x
5669 918 85 j
5641 1729 42 t
5341 956 109 f
3486 3284 80 n
788 594 88 m
393 960 112 g
122 1015 113 v
1078 4633 35 h
4664 2317 31 z
5741 294 95 y
3939 4196 74 b
4226 5239 30 x
5511 5778 104 r
1426 4902 52 h
190 341 91 g
3034 2693 110 e
717 3423 20 l
4873 2769 111 i
4607 1914 68 q
4004 2835 51 c
2204 687 71 m
5792 4595 21 j
1633 1366 29 y
5569 3302 100 j
4379 5302 48 s
2922 2924 42 n
1735 5552 104 a
1114 1195 100 e
3142 3655 84 a
149 4501 88 p
4382 2116 51 x
4905 2261 118 x
5870 1646 63 h
853 86 72 j
2204 3907 67 y
1161 1880 86 c
4597 282 111 c
2333 2841 44 k
3065 742 23 q
24 2758 115 j
776 3177 77 h
3262 966 64 s
4400 517 98 y
3517 1874 86 k
3490 2150 29 k
2872 2937 89 i
680 3994 68 b
207 2460 83 f
3196 1700 76 m
1735 177 46 d
5606 2563 65 m
2027 764 29 g
4041 5150 105 r
1635 5797 31 s
2946 5438 38 m
2619 2498 51 u
5068 5368 39 v
1072 5162 27 e
3858 140 93 e
1447 2947 76 k
262 2727 53 m
5163 2329 115 n
4012 5293 105 l
2342 2933 105 t
4698 5732 20 l
1132 2997 89 d
622 3880 75 y
3683 4683 36 q
906 3011 20 y
594 2081 110 y
1029 3570 101 d
1847 2569 79 g
2121 4907 43 o
3839 4267 70 r
4774 3192 47 i
5683 4307 104 t
5905 1074 25 z
2278 1423 99 a
4617 3300 96 n
1143 4526 2 d
4182 733 95 p
1538 3794 93 b
671 1635 86 r
4389 5862 110 o
5484 4088 47 c
4202 3443 116 y
4293 540 49 q
3086 3610 104 a
2802 3780 66 y
676 363 68 t
1655 3772 111 b
4666 657 27 w
4290 1248 45 n
2113 1568 30 l
4464 1 103 i
4066 296 71 w
5691 5593 75 t
1087 2615 35 a
324 345 97 c
942 5263 116 l
1445 675 101 v
2942 5200 28 h
5540 902 95 a
5775 3261 61 h
542 2227 61 s
4341 5091 36 l
5940 5749 93 l
5658 1616 45 h
543 4326 60 z
1440 3875 66 m
1218 2190 94 g
1401 5225 105 p
5937 5494 119 f
1935 802 77 j
4363 1222 72 h
3408 866 55 w
5109 1989 66 b
2119 4531 65 p
2916 3964 110 n
423 432 112 f
1556 3072 26 h
4101 4604 94 q
2754 2479 116 b
3999 3850 70 o
1718 1461 63 g
1196 2653 112 a
4629 1016 80 v
3705 4067 38 t
2171 2324 86 b
544 3865 81 r
4985 3339 78 k
4449 1059 40 s
4962 1774 2 a
512 3512 58 q
2782 1024 106 k
5640 3026 75 q
5357 3150 76 h
4512 4649 99 x
4370 2283 34 b
930 4803 24 k
590 1520 55 j
4844 3329 33 t
710 2050 114 y
431 5437 23 u
2589 2051 26 r
2840 3471 109 q
2146 3203 35 b
5772 5431 119 f
293 1853 95 b
2013 253 79 x
5366 4122 51 v
1376 3244 99 b
763 3748 69 o
1975 4053 46 n
5038 5552 71 n
296 5932 32 u
5545 3982 113 h
1150 876 103 u
610 1016 22 o
3028 4315 29 b
2221 3884 99 v
1093 2714 44 t
5562 3999 93 g
1969 2972 21 u
3744 4642 45 r
2801 690 38 g
835 1063 69 u
4769 1292 99 v
704 3970 91 v
2008 5809 31 g
2979 2945 86 h
1281 1864 108 v
700 684 71 s
129 746 96 v
5377 1495 86 x
1970 226 42 t
4876 226 31 d
240 2101 35 k
2437 4762 110 n
3067 3978 34 w
50 1936 109 p
433 753 110 i
1687 3970 52 u
3208 3799 78 g
4204 3938 24 o
2054 2523 116 d
2985 329 39 y
715 2177 91 s
1273 3109 74 l
374 5219 101 k
2060 5859 93 l
599 929 117 w
1576 4831 72 n
297 3635 20 y
5198 5942 49 t
5126 2805 26 i
164 4154 20 h
5401 3782 29 j
3986 2254 31 u
2434 3020 37 m
4307 725 108 a
4902 483 106 n
975 3313 40 q
1641 5698 118 p
4198 2159 26 b
1926 715 79 x
2355 5056 35 x
5370 1368 98 l
376 922 26 l
3012 4007 117 v
5181 1996 20 u
2915 3263 41 v
312 5711 105 n
4371 1539 91 g
5329 739 113 c
3318 5216 44 g
1325 1373 97 i
868 3916 49 e
3639 5339 46 c
5050 4570 89 s
3331 4038 33 i
854 2412 52 e
2553 5516 84 c
4395 5787 112 x
3356 2706 77 g
3179 1259 74 w
5212 2865 67 y
1144 414 98 z
2250 3410 78 p
1495 2589 24 s
3728 4990 75 c
1198 856 52 f
1926 2375 27 x
1539 4110 40 e
5674 3039 74 o
5335 2084 53 r
2825 5922 29 p
1959 1484 107 j
34 5014 76 l
5617 1632 74 s
1403 4794 51 v
43 2535 97 k
4661 1609 49 u
2702 1394 109 q
1408 2025 68 c
5625 561 47 v
488 1844 50 h
258 4940 40 u
2476 4832 92 b
2042 2349 46 q
979 1625 30 m
2919 3184 98 l
1509 3631 72 z
2232 3528 44 b
1426 1344 74 b
5815 933 59 w
2874 2790 5 _
3504 2218 114 l
3205 217 70 s
105 560 83 e
4967 5396 86 u
749 5791 94 h
1295 538 73 h
3745 4598 100 j
3817 4080 32 c
2960 5458 47 u
2036 3703 31 z
3836 2250 78 n
730 4785 34 f
5292 5287 58 j
4791 4614 28 c
5048 1642 65 d
5492 487 36 w
1132 2869 57 p
3918 5361 61 r
3173 2875 65 z
4358 1467 49 j
336 3263 91 w
5012 789 100 v
1737 1565 103 n
5575 1804 79 s
5820 5244 34 t
4397 625 63 n
1280 4932 72 c
1332 4593 58 o
2442 4327 64 v
2974 2669 106 t
2489 2835 84 c
1349 1342 88 a
1518 5299 22 q
1150 925 47 n
3636 5236 21 w
3472 1839 35 n
4152 4218 71 v
2889 1665 100 k
3550 938 37 k
4857 3054 61 p
4745 5549 81 t
1534 294 66 c
1618 1557 53 o
394 3297 31 i
283 2346 65 v
4748 4596 51 t
5109 5424 112 m
3128 4306 52 x
4450 346 66 o
3042 3410 33 j
386 1561 31 s
1221 488 21 e
5349 2533 36 y
4673 1552 75 p
5875 1043 106 i
5991 4345 113 g
1245 924 107 x
469 3793 85 r
1548 2137 97 q
3920 895 108 n
4600 3032 107 p
3536 3491 25 j
838 4316 46 b
2449 345 90 b
2738 1652 77 e
4457 5150 53 o
4250 5451 97 c
1207 592 22 a
1525 4830 79 o
4854 1135 43 s
2867 4651 29 v
5612 4866 66 y
4430 5529 43 q
2374 3923 48 z
2299 5007 86 r
5499 2230 119 d
4246 1097 106 g
3328 3464 67 g
2319 4984 74 i
323 2202 37 p
2233 3476 104 j
5740 3336 54 e
60 4479 91 b
1497 1327 34 q
4910 1572 118 j
5744 4916 70 x
3471 449 52 a
2037 1704 42 j
3800 4751 30 h
218 3061 83 x
1072 911 83 n
5325 4971 108 r
1719 345 57 z
1823 5677 65 h
5769 5578 28 w
2738 3802 43 g
3236 4898 22 a
2363 85 60 g
3407 1890 107 a
2797 1842 109 a
259 439 56 z
1973 5840 24 p
2714 4623 100 l
2325 4528 63 o
3465 4849 69 p
2242 4040 104 w
4732 173 75 s
2420 1001 87 s
2639 1079 79 l
3321 1095 113 e
2357 533 97 v
5667 121 83 e
746 3715 72 w
4241 5060 29 l
1210 3219 97 n
1018 4361 44 c
5742 3890 58 k
5664 23 79 i
2788 5803 24 j
2659 1456 72 b
5007 174 28 v
2689 3480 60 a
5960 3280 100 j
5932 3673 21 k
5397 3900 22 w
106 5433 38 q
3252 1017 76 p
3429 5689 20 o
1007 2568 79 j
2780 1786 113 c
1336 2366 45 z
2937 2482 80 x
2422 1733 45 x
4490 4994 48 c
3764 1364 57 d
4555 1210 78 z
1561 911 49 n
243 1132 43 m
2669 558 78 y
4521 441 118 z
4556 454 55 j
3429 4646 27 b
4350 2250 101 x
4985 3634 74 s
3378 5413 78 s
464 681 81 n
20 2424 84 d
5023 3951 62 y
5517 2534 71 y
5386 427 105 m
790 4291 100 w
4307 37 23 y
621 1413 22 q
5923 2302 21 l
251 4903 103 z
3555 1203 89 r
4981 3164 84 t
4395 2007 54 t
5571 1943 23 a
289 4843 76 v
1133 895 95 z
3563 457 94 u
2189 5998 106 d
5068 2300 32 m
4375 1148 71 n
1162 2795 59 d
1602 2292 98 l
791 4632 116 i
232 192 83 l
3132 5337 101 z
3658 386 81 i
1501 5726 81 c
5501 2882 118 k
5290 3620 39 p
5198 4975 21 j
3739 4969 56 b
5239 4920 73 z
5149 5056 105 h
3459 1248 81 v
5574 3657 39 i
4872 2769 52 d
5234 353 32 o
3665 2374 42 f
3065 4276 110 c
2334 2655 25 s
1663 5869 52 b
3214 4022 69 q
672 2398 98 t
3701 2740 66 e
2797 932 110 p
2251 2278 36 m
1665 2805 89 b
4225 800 105 c
920 2105 45 o
1655 5075 104 b
3358 1458 115 s
1249 319 70 d
3117 48 114 y
1438 3506 100 o
4889 1995 106 n
2612 2881 48 u
4035 1916 100 k
2691 4366 114 g
1980 1916 44 g
299 1794 75 l
1544 2695 118 e
910 2512 41 u
1352 1039 88 u
2142 1983 61 f
850 4988 72 y
5987 4784 51 l
2531 1505 42 m
1299 5024 27 b
1777 1633 25 o
4132 5912 102 n
972 3566 23 b
275 4071 66 x
4856 2532 84 p
324 1574 22 t
4795 3055 25 p
4625 2033 74 k
662 2093 48 j
3511 5598 38 s
2626 799 91 t
4759 214 109 q
2035 2500 36 a
3932 2453 85 j
5830 4226 54 y
2019 5003 38 m
2554 1634 115 z
821 4161 44 v
4125 3096 68 b
299 1873 52 m
513 169 53 x
5021 768 58 p
4273 3398 69 m
4928 3747 60 j
3025 896 75 o
4493 3734 81 g
5045 5660 105 w
4057 2805 95 y
5444 852 60 y
3997 4782 35 q
5383 308 78 j
1473 751 110 x
1042 5259 29 r
2255 1044 97 s
2104 1089 107 m
224 323 84 z
3834 5576 81 q
3049 4487 104 z
792 5310 114 w
1672 741 60 x
5877 117 117 i
3997 3180 25 v
3370 5407 96 s
988 2046 111 d
4621 870 37 i
3281 2035 55 m
4855 5085 112 q
1871 2988 42 v
3287 3114 31 n
1599 4931 55 l
570 2808 23 g
4050 4077 100 u
2272 5453 113 n
4865 2242 53 v
2674 3442 39 l
2241 1654 95 q
4959 5379 115 j
1897 5489 101 o
5402 2353 118 k
3986 1925 71 f
1411 5717 98 s
3601 5852 92 z
3908 3295 45 i
5014 1350 104 e
2723 579 34 k
4305 2391 31 o
3689 5627 26 i
5454 2470 119 u
3078 1379 42 d
1851 3052 97 g
4650 3178 30 s
2146 3906 84 d
3883 3550 54 w
5667 974 27 b
1162 3784 39 t
5512 3553 54 r
2649 300 110 z
4922 5592 111 h
4259 5821 31 g
4657 2990 31 w
1042 629 105 w
4549 2298 54 v
5383 4209 71 f
3119 3994 60 f
3829 5229 26 f
3915 3368 21 c
1 2741 51 a
4023 496 59 p
4644 3650 31 s
2544 1431 21 m
1962 2716 78 w
3758 2238 99 s
5853 505 67 j
1113 4553 49 x
5295 4739 68 n
1797 3745 119 x
3227 4406 63 u
3455 3058 60 c
2651 2594 42 c
407 1286 86 w
3876 3434 89 c
2441 5612 85 j
1424 5940 53 t
4903 3068 27 p
554 5388 22 b
5477 1379 23 h
954 3269 103 p
473 1358 36 a
3673 4434 21 j
2871 5103 117 l
5000 3073 69 p
5611 1973 94 c
4000 5996 35 s
5106 1697 41 n
1793 3358 47 z
3141 3129 81 q
1459 664 111 k
3053 4448 22 w
1800 4462 24 e
5672 1779 44 y
929 5029 104 h
177 2583 80 n
4876 5399 29 i
1420 3746 83 i
1157 5763 53 c
1376 2496 52 n
5591 4011 50 g
2795 76 107 p
1892 3511 52 v
3001 3299 44 a
1787 1707 75 a
160 1277 65 f
1650 990 67 k
3054 2941 92 n
3413 2101 32 q
3306 5047 106 y
3192 5933 27 z
3662 4527 87 p
4595 4774 92 d
31 4141 47 i
1028 643 58 r
3095 5646 66 p
5923 5318 25 h
4092 5183 48 z
3863 4488 52 r
2842 371 27 q
4929 4010 46 w
1676 4404 38 l
4442 5791 36 b
3194 3712 56 x
2137 451 41 h
591 5514 110 z
5490 621 30 o
5491 4441 41 r
4818 4634 69 w
1852 1688 86 z
73 5862 59 o
5901 4047 44 a
3846 5865 76 k
5308 3443 73 s
2535 402 43 i
2157 5986 93 o
3164 247 55 p
4306 1476 103 i
3804 2405 78 r
4913 2338 61 b
5911 2466 66 r
4022 3606 64 b
2740 4003 105 t
1682 4992 22 z
4807 5742 40 b
5298 3546 112 f
4157 3323 103 t
4513 5562 76 t
3885 3974 82 h
3957 309 82 h
1379 2617 22 m
5448 442 104 l
839 4520 95 k
1361 985 89 m
2045 4731 20 a
3324 1106 71 c
4612 3652 92 f
266 4129 31 n
2642 5823 84 i
2740 3961 109 a
1119 1929 106 u
2300 2748 111 t
2513 2081 37 o
4122 4990 40 i
1751 808 77 i
3152 4655 103 n
1389 3350 38 g
3090 3818 40 m
3004 4475 30 m
117 5651 5 e
3592 4063 69 g
5210 2522 99 f
4266 4087 88 a
2645 933 104 f
1544 667 119 z
909 3839 116 c
3736 3149 65 b
3958 5640 30 g
332 3396 40 r
5161 4853 40 o
3532 603 119 q
5430 565 95 m
1692 128 46 a
1907 120 75 p
746 2437 38 o
3829 2986 45 k
4127 5190 34 u
33 3710 64 b
1245 5050 28 k
1185 1823 52 e
2780 2360 67 m
3561 2925 62 i
4213 5122 104 y
1684 1732 95 c
3186 4851 116 j
4881 2400 101 z
3161 549 104 o
4757 5323 26 s
3031 1446 97 t
2204 2221 86 u
4280 106 67 w
2094 3244 101 l
2481 2495 22 h
4445 1068 110 a
3190 588 52 t
2482 3778 51 p
3607 4650 119 v
1758 887 114 c
5837 1095 108 b
3428 569 53 s
4709 5940 114 q
4242 819 29 o
4730 2420 64 l
462 2515 50 b
4739 1532 96 b
3578 3609 55 g
4350 5946 112 r
5964 2586 86 g
2429 5961 43 p
4827 3967 58 j
875 3689 99 k
5968 3180 83 u
1093 5783 39 b
5687 1270 50 y
2528 4621 118 m
1259 339 74 n
5418 3002 119 q
3157 3486 37 b
1220 1246 78 e
3044 3897 70 l
5075 3311 34 k
681 2529 109 c
3692 5473 73 a
3961 1017 54 s
868 684 77 a
1587 2883 81 m
5420 5237 21 y
2605 3465 73 q
3543 3518 95 w
989 4238 60 b
4702 3179 85 m
2464 1568 24 r
3471 3791 58 m
5492 1176 105 n
2458 4425 47 v
4621 1121 87 g
5454 2702 61 m
3932 1688 119 d
1064 5491 97 s
1561 2043 50 q
5875 2578 97 q
2856 487 107 f
4059 290 39 m
1266 4298 70 q
384 610 77 o
4739 3269 67 p
1560 234 82 n
666 794 39 y
4347 3346 21 f
2927 3163 22 a
1671 1540 31 n
4699 4707 59 p
2177 1116 21 v
1169 2202 56 w
4915 5141 83 p
2014 5659 117 j
3019 4327 25 r
2924 688 93 s
4989 2186 112 e
1382 4818 101 q
4410 2473 35 v
3419 4486 52 c
460 3441 115 h
900 5218 32 m
2543 1396 74 v
2099 2461 108 s
2413 3641 28 k
2573 3032 111 y
2030 4456 118 u
831 4281 72 s
1319 790 82 f
5793 5060 63 a
5690 3394 97 x
5643 5691 67 x
3269 1811 45 p
1135 1369 77 e
5640 5098 113 f
1313 4258 76 w
5471 5624 119 r
2487 3894 28 z
4304 4044 91 u
436 4482 23 y
4286 2634 115 w
2910 1122 58 c
1151 4044 96 q
3851 3545 82 r
3948 1129 108 f
787 2108 64 l
4786 1381 80 e
4589 3540 105 m
3 433 63 p
1216 5046 43 t
2553 1726 110 u
4228 799 58 v
2672 5257 48 x
3624 4789 67 s
904 3324 95 p
5752 2843 59 v
1886 4832 106 m
4045 3405 115 l
4864 3320 113 m
163 2547 46 g
5835 1222 109 e
1897 3319 24 z
3160 1156 25 j
2116 3230 69 f
82 3644 89 a
3877 3630 98 j
1895 473 91 k
609 573 90 h
1689 1897 62 n
2345 1046 61 d
655 4736 119 h
4215 4209 98 v
3885 5155 103 w
4108 5200 51 o
3571 4544 84 k
3491 2963 66 u
4469 3882 103 b
2241 5891 22 x
841 5127 27 z
3447 1430 56 r
2850 667 103 z
2857 5355 23 k
1222 267 81 h
618 5038 21 s
215 5036 21 g
2902 4190 20 v
496 748 32 n
1718 2768 50 w
4873 5492 45 r
2748 962 66 r
2340 1192 29 l
591 2781 71 i
1002 5049 39 z
1281 1300 116 u
5191 1622 23 g
5149 416 36 l
2601 298 23 t
901 586 20 q
1016 3242 90 w
172 4075 27 h
2117 1807 40 k
1182 5616 91 l
776 3005 80 o
4697 2557 36 e
901 4370 73 q
2512 1592 56 o
4150 4765 64 q
3259 2722 56 f
1730 3592 41 b
729 1678 40 j
5861 3087 106 w
224 755 35 n
3642 50 39 d
5712 1500 28 h
5604 3924 83 e
3127 1422 91 h
542 1537 87 f
4981 1965 94 x
3375 4725 83 i
2538 5939 61 y
2379 5031 94 d
5901 1586 37 o
383 2228 92 h
118 5600 89 q
4453 1608 76 f
1457 2180 22 p
2350 3679 89 q
5945 1663 112 r
2250 1057 115 g
347 5616 23 m
1931 3101 108 p
2221 1056 40 w
675 5701 68 o
3803 71 118 x
3350 190 23 x
5591 5924 97 x
202 2436 102 t
4057 2101 40 f
2866 1424 43 b
423 1385 57 v
684 5018 43 j
3940 3105 24 k
1168 3856 47 r
3962 2905 50 q
1689 3882 73 a
2950 3544 113 n
3266 2876 85 h
862 3357 50 d
106 4624 72 h
3290 1989 69 w
78 4771 31 k
3857 353 118 z
1358 4593 118 k
763 1748 27 e
5231 5482 79 t
5519 513 38 c
5144 3549 4 l
594 443 37 c
3619 3502 23 f
2287 5735 87 n
5438 3241 60 d
1389 846 31 i
4925 5316 118 x
4922 3638 80 b
391 5080 86 c
1556 3934 102 x
5324 166 98 b
3538 3874 110 j
4700 1051 36 p
4153 5879 106 j
2855 5147 31 e
5994 3717 91 s
3785 5226 59 u
2841 3810 63 q
387 5244 86 p
130 2280 54 n
131 3895 22 p
234 3656 115 i
1278 2132 38 s
2477 865 40 z
1595 3401 39 s
4923 1348 21 i
4849 2541 73 l
5637 2054 51 w
2681 5834 77 u
5944 5220 110 f
1792 5302 118 i
1245 3173 88 y
408 2778 90 o
884 5043 107 o
2930 1313 73 u
5696 600 40 j
1948 1404 27 v
4703 600 103 t
951 802 39 j
1427 4476 73 w
4527 5328 30 b
4915 4816 68 u
3530 2964 116 k
3467 825 42 n
1596 5952 101 f
3550 4282 61 i
4040 2669 93 r
697 4363 101 w
5162 1758 100 i
5391 1124 74 n
3812 1174 55 b
1387 4158 91 e
783 2789 47 m
4080 1062 61 f
2610 2375 113 i
1196 3604 21 v
2468 4922 42 g
1585 4217 23 k
5508 1191 86 k
5499 1695 30 k
3921 5846 107 h
776 5486 117 i
1550 3758 42 d
1728 4723 60 x
1844 5676 112 p
4019 157 54 s
2320 5544 57 y
2751 5289 49 g
2873 560 65 u
5440 2894 56 j
2494 129 91 d
4067 5740 86 d
5624 4770 100 y
1450 3624 37 p
5350 4464 115 j
266 3523 36 c
5046 803 63 y
1725 4066 39 x
4116 2455 45 i
3317 1673 56 l
5889 5892 29 w
1997 1560 114 z
5935 470 117 g
2892 5374 74 r
1115 2903 102 c
5641 1226 84 r
5651 3479 5 {
4604 3914 112 m
220 1289 54 j
1817 958 58 b
3139 2214 36 c
3600 5434 104 z
1741 5164 41 q
4633 4814 66 h
1533 4535 63 p
873 1356 25 h
5433 5945 28 m
5858 2469 49 d
4168 3999 72 q
2600 5830 39 t
923 3404 50 m
4497 3275 23 d
3332 1375 44 b
5182 3608 101 v
3046 4493 110 y
4031 1602 43 w
4061 4713 103 b
1848 5912 110 l
1139 673 119 w
4033 2043 41 i
2395 4064 95 x
18 3399 88 h
3976 5404 98 a
3346 1607 45 x
1009 2570 106 r
115 2845 27 u
3617 5444 81 h
5009 1387 98 e
3099 4570 48 i
4696 3688 88 u
5983 3083 34 s
5628 2353 65 i
4067 1086 73 i
4213 2918 68 j
1435 1555 22 t
4105 4429 39 r
1113 2119 87 q
4737 697 72 v
4526 2049 63 z
201 2889 116 h
3966 520 105 z
1224 3276 82 z
5237 3796 102 g
2437 5673 20 k
1932 3570 65 a
1046 1079 111 p
4402 2068 104 h
5426 1062 83 p
2841 3238 26 o
1748 5500 38 m
4012 5434 33 j
364 3247 45 c
5999 984 45 d
4173 1959 45 b
3242 3783 114 c
1614 4855 40 p
5671 5834 37 v
5599 1059 73 w
5160 2992 27 v
841 986 72 t
1788 3669 115 q
5248 420 64 v
3402 10 56 o
1648 2060 22 z
3097 748 39 f
3699 1840 54 i
4629 4382 85 b
5536 3715 89 l
2540 849 76 r
5231 1070 92 j
1630 5282 92 j
698 4798 64 m
4858 1849 111 p
3356 391 58 a
522 5645 98 v
3725 2852 113 h
4439 5909 36 x
2416 3983 40 v
4888 1190 117 k
5439 4513 67 r
2083 1256 95 c
4019 2376 53 a
2454 688 39 b
2428 1694 28 n
4201 5845 25 c
4716 4558 107 v
854 1570 113 g
1700 3518 44 i
2334 2055 40 w
5426 2614 64 l
1951 4937 104 w
4713 4776 114 p
1855 1275 95 w
4631 5213 108 s
2667 5669 107 u
705 1796 28 m
4920 4884 79 z
2706 5284 47 w
3009 4303 106 a
5418 480 64 i
3766 5197 40 i
5191 3243 80 g
3185 398 83 y
3040 4403 113 g
2077 989 57 l
782 1290 76 s
812 5035 28 e
587 3107 75 m
5020 5438 28 d
2933 5856 62 o
1689 1070 45 i
509 1966 47 o
820 4272 65 u
4663 1101 108 n
3552 2812 4 _
376 212 71 b
5716 3448 97 h
1388 2835 91 k
3258 1306 30 m
5745 3405 24 c
5148 3735 53 t
2587 5494 55 k
461 1488 59 o
2432 1964 70 m
5069 5981 43 o
1213 5841 101 m
2033 4513 62 w
439 1548 58 q
4352 5747 58 v
4488 5798 63 l
5317 1922 118 m
2654 2882 39 c
5333 4418 85 l
5717 5498 39 n
4465 236 66 y
1347 272 106 d
5958 1784 30 h
942 442 81 h
2564 3029 113 c
4370 5286 60 n
2211 4606 94 c
2078 3133 34 c
602 1198 115 q
2918 5923 90 u
3874 3119 88 p
3423 2447 117 e
4478 387 102 l
2763 3491 103 a
1741 1097 106 t
209 1718 99 b
5671 5136 38 x
1992 3213 89 k
1084 2559 112 f
64 822 31 i
602 860 24 h
2916 4833 33 f
4004 2870 59 l
4610 1012 36 u
4526 1862 2 i
3385 5595 90 a
830 4757 46 h
1311 5958 58 e
4988 3202 57 u
3818 706 82 u
4064 816 98 c
668 3115 71 m
1011 2304 73 a
2606 4562 71 m
320 1850 117 b
683 5721 23 x
342 2716 109 m
3463 2537 40 d
4251 4944 84 g
1540 904 50 c
1282 3697 37 v
1307 3964 33 a
3832 2683 73 n
3780 2704 35 u
1465 4312 51 u
1486 4678 118 r
599 3771 53 o
4778 4354 67 e
4850 3827 21 g
2050 2507 116 r
1701 1090 70 m
2656 5454 75 s
4961 1723 60 y
5076 5143 79 a
5913 5806 25 d
4318 4239 28 h
5287 5606 31 i
516 1003 33 i
3954 2797 34 o
2476 4147 97 n
2652 48 52 z
845 1489 119 k
5363 5668 20 c
162 4181 27 t
5223 2851 98 u
5367 334 66 l
3616 2894 91 v
5357 2622 98 c
898 4939 111 d
1327 1754 98 h
1048 3222 104 c
4353 5794 54 c
4726 2532 55 u
2769 448 46 g
3232 1648 74 g
3950 4423 112 p
4194 2009 80 e
2077 337 69 t
4688 219 38 a
1771 840 25 c
3439 305 50 s
3882 5898 46 n
5850 3446 34 b
5819 206 72 m
4689 2094 108 m
3820 744 62 h
2540 2249 32 e
5461 2069 82 z
5651 3538 47 t
3626 1459 92 s
4185 5143 20 k
1670 5569 103 e
1901 1290 46 l
23 2992 72 q
2968 157 98 a
2351 5007 39 d
5709 720 52 h
2798 3078 55 a
4029 2597 73 w
2973 4829 95 d
5666 2012 76 m
3524 1721 55 i
2765 5077 64 m
1527 44 101 e
1232 930 115 h
4876 396 115 w
3709 5550 27 o
1454 5234 67 m
2467 3046 49 w
3994 1266 109 b
2494 3681 99 j
4795 5461 69 i
4653 3986 112 c
3274 5544 72 k
454 3886 104 d
5211 177 29 s
4605 2847 78 i
3591 258 25 a
4102 2250 54 q
1764 1025 38 k
5009 3918 117 f
163 3156 56 b
4602 1364 96 z
5159 2198 47 d
3650 1190 94 d
4803 5346 91 o
5087 3650 107 z
5181 1090 60 k
2598 1986 103 c
3157 1348 38 t
2052 4435 117 y
2510 4335 50 k
2102 3437 26 g
579 2350 39 t
3279 3569 57 l
1226 2841 76 h
5573 3307 59 s
3981 3548 40 n
839 2278 94 y
1424 5421 65 j
1807 2040 76 g
5001 1249 88 g
52 4870 29 e
4152 1960 34 k
2451 5365 40 g
5444 114 61 f
5183 4504 76 k
3873 1865 110 x
2346 5091 20 h
2582 3545 55 c
4662 522 81 g
4628 822 25 e
1069 4170 31 l
1426 2955 114 b
1656 890 34 e
5646 2873 103 q
3715 5698 97 b
1265 3525 107 c
1585 4723 93 f
2472 1795 30 d
1405 3351 109 r
4209 4634 116 u
3278 3118 64 f
5399 102 94 k
2752 5877 47 u
5824 2514 88 g
4595 5176 114 p
5368 177 92 j
4294 5979 119 l
2291 1775 31 h
3717 5461 71 u
2026 747 69 r
3109 3780 50 k
1646 409 70 o
1552 5621 34 u
4125 1970 95 x
5744 3663 29 l
5911 674 82 o
2477 661 77 y
3507 3985 86 i
4992 478 109 c
3173 1816 24 p
4158 269 71 i
5275 944 119 i
5369 3337 117 l
3147 1725 105 t
4748 105 56 a
5807 4332 111 l
4331 391 102 v
1496 74 56 d
2846 3357 65 t
4466 85 56 m
5644 5415 21 q
2906 114 59 n
3802 3920 58 t
5341 465 95 l
170 51 36 s
1457 4891 57 p
4046 4327 31 u
3263 1422 24 m
5268 5825 33 p
3820 4178 83 m
4603 1149 29 t
5773 5036 74 z
4833 2672 39 w
512 4052 40 g
2869 5330 104 p
1111 618 103 s
1775 4923 87 h
5961 1029 84 w
2917 4664 88 v
5281 681 27 y
5627 5184 103 k
3893 5490 31 m
1841 1219 49 x
343 1692 74 i
682 5579 49 c
1537 1558 60 u
5092 1373 108 x
1722 5826 5 m
3097 2174 23 n
2975 3099 96 j
1779 4944 40 e
1033 5405 31 h
141 1864 51 o
290 1660 39 w
458 4623 102 l
1800 4634 113 p
1104 172 38 l
1545 5381 66 c
1781 3449 70 m
5328 4986 85 m
2306 1206 64 t
5665 1518 100 h
5450 726 26 u
3762 1166 100 a
2231 902 98 b
848 5993 69 b
2536 4604 55 u
2231 1501 99 a
77 466 46 s
3817 1227 117 h
3547 5026 117 c
1631 3321 73 e
5876 27 84 b
787 4794 98 n
5243 4552 25 i
19 523 20 n
1714 3278 60 c
5414 4926 59 o
4142 5789 33 o
3863 1718 111 l
5725 4732 95 n
3981 4159 64 n
4500 103 28 y
3457 2499 34 r
2245 3599 27 y
52 2808 66 z
3491 999 46 s
2440 4053 119 o
5029 4467 52 s
3062 4834 46 d
269 456 80 n
5899 3248 108 w
252 388 46 x
5442 1807 73 t
4981 5905 107 a
540 1351 114 g
3772 1535 83 g
4477 3679 108 l
1214 4370 76 c
438 5242 22 v
4774 876 92 t
611 148 43 z
1513 2411 41 s
4069 2095 105 t
5240 3823 84 d
1270 363 101 r
3746 4702 53 b
425 5530 43 w
3112 3959 114 e
5093 685 86 k
2616 2718 25 r
2060 5079 35 p
5171 105 117 n
1822 1827 87 v
1306 3531 72 o
4051 3129 24 c
2388 3585 24 y
2562 1251 82 k
2118 5119 97 v
4386 3376 110 e
5560 5215 74 v
1331 3736 49 k
267 4015 89 o
1603 1380 61 e
1677 3426 58 o
3606 4336 34 c
5566 5129 82 a
935 221 72 u
1320 4741 23 h
5549 1016 92 l
4955 2723 82 r
3768 4660 48 r
2021 4679 95 m
431 1171 112 v
2527 1672 91 s
4592 3334 49 e
5259 255 38 d
1430 5309 109 b
2659 1355 24 n
2108 1129 74 x
750 5311 104 y
486 1127 73 s
2211 4900 67 i
5372 322 66 e
598 463 56 y
864 4012 75 l
5932 1562 55 b
132 2180 101 b
1221 4670 21 j
4954 5548 44 g
957 1303 28 i
946 282 90 m
1086 4290 103 a
1458 1157 118 r
4555 5699 115 e
35 3459 62 e
997 1745 43 n
5315 3920 24 s
2565 3393 33 s
274 4468 89 z
3580 5210 100 z
5350 1312 59 p
2904 5187 119 p
1707 187 4 s
1609 4382 67 e
4978 1599 73 v
5033 809 114 j
3149 1176 111 o
4791 4332 51 v
3155 3200 44 l
54 5504 91 z
3488 3609 58 j
2276 4467 91 t
790 4835 67 v
3957 4350 35 v
530 5127 113 w
3977 5742 38 s
3792 1961 64 u
2868 5642 36 u
2163 3426 64 r
3545 1851 73 a
922 5985 43 i
3197 5925 87 u
1081 1593 87 i
2254 4246 29 j
5117 4235 25 v
2360 3877 118 g
5494 5655 90 u
2030 4699 69 i
5863 2595 64 e
1032 355 33 l
5179 2604 23 k
5916 748 99 n
2863 1056 77 s
5975 1774 74 s
3032 1434 83 q
371 4293 50 k
2104 5816 50 r
5021 3408 51 g
291 39 51 e
1875 2328 46 e
912 4136 30 p
5407 697 57 v
5080 3199 55 s
937 5241 60 f
4467 3473 102 i
4254 5146 5 a
3202 3582 62 g
384 45 34 x
4661 2422 74 g
5456 4385 1 a
5491 831 45 g
2831 4721 72 e
4773 5982 30 v
1851 4662 39 q
1861 5739 116 q
5586 51 94 x
424 4921 33 m
2999 386 92 s
4365 4041 24 d
3286 2108 71 w
1674 2677 50 h
5706 1260 31 h
2895 5228 111 n
4702 5562 41 u
127 5836 66 v
4626 5128 98 q
3510 941 58 j
2612 374 87 f
1861 2411 96 s
1629 841 28 e
469 3755 108 z
4751 3999 58 u
2714 5957 79 e
4836 5807 74 p
2434 223 23 j
1518 4789 27 b
1455 5009 63 n
2888 5338 102 f
2814 3891 39 y
2222 709 30 c
98 4604 1 r
1360 3215 78 l
2672 5024 81 e
2553 5776 93 y
5601 2481 89 q
1967 3296 27 x
5446 4582 96 m
2673 691 108 d
5390 4521 22 y
3234 5043 91 z
1255 1349 54 n
4716 2158 40 q
5635 3428 119 s
4772 1029 73 r
5581 4792 51 g
3204 931 83 n
164 3109 41 u
5977 3642 107 f
5157 1024 96 n
4044 2483 79 x
1109 5772 57 s
1670 4080 68 w
3279 4706 95 d
1688 5955 33 v
3165 5715 85 x
1414 4910 101 c
5445 2781 77 e
1608 5960 82 q
5647 73 112 c
2602 3690 51 y
1622 2820 57 w
1942 1650 93 h
4564 4437 49 l
5467 5986 86 k
1409 3226 58 h
5568 1358 65 g
2085 968 32 d
1465 1674 86 h
2524 5778 105 u
1207 5766 58 v
21 191 109 a
476 3584 26 e
833 2065 88 d
1565 17 114 v
5403 5048 89 b
3940 1205 51 k
2508 1810 57 h
5547 4228 42 r
3259 3520 36 r
4789 4373 28 f
3928 5847 85 t
4838 3059 114 t
438 2958 59 b
2422 5807 50 j
563 4882 67 n
2665 1086 60 w
2923 2129 24 d
4683 4099 69 m
2704 5226 70 x
4970 736 101 x
332 3023 113 m
2836 3382 54 b
2857 73 114 g
2205 420 114 x
3929 4795 79 s
4238 5013 30 v
1821 3920 71 p
5863 1125 82 h
1293 1421 36 k
367 5290 90 v
667 3787 92 c
4000 2226 56 n
3497 5421 108 g
2665 2969 81 x
4056 5009 66 u
755 2509 55 r
2419 1683 101 y
3441 100 64 j
5886 1984 60 z
2617 5174 27 g
1785 5713 56 h
3890 3475 105 r
3791 1515 115 z
618 3499 39 y
3735 2649 73 e
1101 2531 86 d
5110 1689 39 k
5726 5072 34 r
4130 1659 104 f
5870 1160 106 r
3730 3500 119 p
941 4875 62 g
2523 1131 102 n
1504 4436 101 v
2336 2713 49 p
3431 1484 53 k
2639 41 79 o
936 4230 32 k
4119 5285 38 v
2680 1398 82 x
943 1855 93 t
1173 5373 88 n
378 1311 94 o
2781 353 75 u
2925 5741 112 d
2407 44 96 g
3880 1078 59 z
3935 1128 106 h
5878 5237 92 c
547 1276 94 r
3591 2457 83 r
3884 410 4 _
2322 5663 88 h
4210 3303 39 j
5637 3467 31 v
2392 48 41 z
2429 3362 33 e
4068 4402 63 s
1950 668 106 j
2815 5175 21 q
4579 1803 26 y
2976 4791 117 r
3988 4929 34 s
4749 1901 74 i
5950 4058 56 z
4902 1373 52 y
3936 1862 75 u
4362 4351 96 e
135 574 25 i
68 2610 43 r
1418 2212 72 d
4526 5776 76 r
1685 2254 62 g
4073 806 92 h
5505 5503 36 c
653 3922 30 y
1329 3438 68 n
4775 4914 69 b
1035 3366 107 d
2272 5107 109 d
2476 4282 78 g
1266 1351 40 q
3011 4394 117 n
2186 3723 77 r
3915 2842 68 d
4551 5252 22 e
3261 5105 44 q
1024 1444 51 z
1732 5892 109 c
5166 2088 38 f
3205 69 72 h
1237 315 85 f
1167 4666 95 z
4240 5687 100 n
161 359 62 m
1346 1245 48 p
4878 2042 89 t
897 5498 59 n
3155 4394 102 y
3128 2654 35 a
5264 3830 67 h
4657 4404 108 y
5727 3722 59 d
2406 2081 47 m
692 3300 111 b
5143 2429 70 v
3743 3189 93 d
407 2811 75 e
595 3582 39 e
1040 3408 115 g
2250 2980 69 c
1927 4482 43 e
5597 4747 48 m
2563 2496 86 p
2228 2764 59 t
3989 4736 74 q
2198 5534 37 k
5509 1509 69 z
5037 5835 115 g
3145 1865 115 a
1199 211 92 k
383 3410 94 x
5380 5890 98 g
2774 1054 102 p
2996 430 118 o
4848 352 70 e
1648 4615 42 a
1075 3980 42 v
842 1713 60 i
3335 2809 70 d
4142 3261 42 g
2310 5215 75 w
3356 5481 30 f
3693 4086 91 v
3227 316 63 n
4373 2504 111 l
1516 4444 82 y
1681 3576 61 w
893 50 102 i
5292 5876 113 i
212 5057 54 t
1081 4277 74 l
2109 4100 87 q
452 2382 40 v
4282 3601 95 b
4265 3292 100 p
5280 956 31 d
730 3368 43 i
1633 5488 102 u
2864 3511 42 z
1198 4363 104 l
5081 4503 51 w
3247 3252 76 x
1359 3183 93 h
5875 2269 82 f
2182 4783 101 n
5599 4116 98 o
5440 1164 118 l
2024 3382 110 l
5468 718 77 w
1387 227 69 b
5774 3025 47 c
508 4138 114 t
1328 1675 113 s
5031 1991 38 f
3709 530 89 f
17 1188 78 q
2221 4909 117 d
3125 5537 81 c
4590 1220 41 o
1718 2740 53 x
1433 5959 33 q
1006 4300 3 g
2317 1641 83 a
395 3499 90 u
90 539 76 m
3923 3607 59 s
2571 1338 48 j
3917 464 84 j
1747 4550 35 h
2315 3538 41 d
4622 3531 89 s
5008 5256 60 c
1948 4319 67 x
5646 2231 84 v
1697 2628 114 k
2191 3748 47 c
195 5545 55 k
500 2498 114 f
4114 5788 116 y
2287 5718 66 n
5355 614 47 d
3803 2327 51 n
4837 4053 75 d
2473 880 77 d
5968 4589 116 u
1956 1418 45 z
3725 5257 55 p
2274 3407 95 d
3646 2202 103 x
1868 8 109 h
4196 881 34 o
4451 2207 75 c
352 1655 2 r
5164 2901 114 e
1361 5392 55 b
1546 346 62 a
5608 4541 108 h
92 4469 67 o
4219 5046 104 s
1787 3978 21 r
4662 4532 71 e
1924 4752 75 y
4658 4098 77 p
5473 1941 56 p
559 1878 48 a
5130 655 20 r
1974 5050 46 r
4269 617 117 n
2262 4285 104 z
1057 272 68 z
2242 5831 62 l
5177 2872 119 e
3381 4559 40 l
5569 4542 33 z
4686 1884 107 v
5051 3618 92 w
3594 111 111 w
265 658 53 n
1023 1623 106 g
5889 558 95 c
1724 934 87 e
3483 5020 79 q
5566 3041 65 d
897 4859 80 e
4169 3880 84 i
3524 5788 40 i
5778 5669 48 z
4738 4678 46 s
1495 4112 40 k
5189 1 96 p
4719 3518 107 r
490 2098 95 v
764 5353 26 n
1431 4736 73 w
2580 3270 30 n
4623 249 90 y
2336 2977 96 x
5544 1754 59 t
197 5307 91 u
1511 5591 20 p
4015 4418 114 n
2228 4632 112 e
469 685 117 v
351 1494 74 r
5235 1697 29 x
5209 2138 113 m
5781 2835 25 o
4538 2164 36 n
3503 3886 36 o
1948 4328 42 e
5300 384 54 p
4135 482 117 g
2770 1494 85 u
2652 4345 92 h
1385 4949 55 j
2082 1828 113 t
1902 857 59 g
4434 4551 68 w
1068 3595 90 q
1769 559 47 s
2728 4524 86 r
5468 3943 102 b
3550 4876 31 w
5326 302 76 k
56 5221 58 r
1159 5995 25 y
5129 3200 64 b
4917 1821 115 j
1998 3861 69 m
3019 854 32 m
3477 5668 112 j
775 5112 103 z
3459 2472 108 e
3154 151 101 d
945 5814 5 i
1049 4722 97 e
1923 71 88 v
1149 4413 114 v
1487 1905 46 s
4270 3412 117 n
515 3970 66 c
4607 1368 83 i
5884 2121 56 c
4589 5221 104 t
5690 668 106 b
5565 4477 70 n
3055 2583 119 y
2764 747 95 r
2004 5397 47 i
5855 3207 31 e
3696 1934 110 w
638 4124 24 s
3059 251 119 d
5057 517 67 o
5145 2343 105 y
3543 2656 56 a
3108 5478 37 l
3100 3214 43 a
5088 5424 95 x
1649 4005 22 l
1951 2360 116 d
4233 824 21 e
1596 1377 21 k
3710 4501 39 h
5815 1159 91 x
5186 648 58 h
4496 3197 69 i
291 5595 39 u
5082 1729 42 a
1535 1031 90 y
731 1640 92 r
4675 5883 43 z
5551 693 47 c
64 1876 82 w
2236 2841 99 a
3641 2241 87 o
2296 3785 51 y
4309 3852 99 p
875 3636 95 c
546 2442 64 k
2074 694 86 y
2229 4823 40 x
4364 4261 115 k
2181 520 21 l
4596 4065 41 j
3433 3145 116 z
3012 1467 57 l
2448 5121 48 t
3255 4147 107 j
5799 1699 92 i
967 3262 106 w
3026 1684 107 a
1338 4582 111 l
1489 1972 27 c
206 1739 47 r
895 36 80 g
5499 2220 44 h
5087 5500 34 n
743 1169 86 l
3961 549 89 z
3239 169 74 a
2256 1738 82 o
5288 1506 37 g
3529 5112 105 z
3857 4659 28 d
1993 2165 21 t
5254 560 80 k
5462 51 71 r
4395 4349 76 f
488 3329 77 i
5885 5122 75 g
3206 1213 103 d
26 620 45 b
573 390 71 p
3459 4486 95 y
3147 4781 82 f
2969 2381 43 a
4251 3642 63 i
3621 3475 113 m
3663 2689 100 d
3853 1576 77 w
3767 5057 87 b
1023 5606 109 g
5638 2002 101 r
1946 5112 73 l
664 1233 33 g
3182 4082 114 w
1428 4257 83 r
3912 4315 82 t
3268 3368 92 b
2057 941 45 i
817 4492 105 y
265 4257 22 y
5282 4139 24 h
3823 4604 117 b
2846 5265 107 p
5778 1314 54 x
5887 3618 90 s
1645 1454 119 w
2778 2461 26 e
862 1677 61 n
5322 531 32 i
248 26 50 e
5918 1827 40 s
3262 3815 79 s
5865 5138 79 m
4322 2980 46 i
2858 4440 27 q
3180 300 46 k
2472 4768 21 z
1937 4882 85 q
538 1925 28 y
1957 4388 79 i
3060 3381 117 e
4144 2768 109 a
2552 2851 98 s
3462 5159 66 r
4341 5931 95 w
5852 3097 105 w
4358 3861 91 v
1497 71 62 c
5990 2865 31 h
657 5881 20 d
3810 3990 36 s
5782 655 105 p
1314 251 114 g
937 310 85 o
5384 510 54 s
2338 3910 77 p
3145 1249 45 y
2496 788 112 j
2897 3959 100 v
3682 1442 112 k
841 2792 54 s
920 5288 69 n
4962 3565 89 x
5004 150 94 g
934 4392 81 e
3273 5987 60 j
1744 2589 51 x
5568 5812 22 q
2788 1037 24 e
3979 1945 65 e
5064 2922 48 o
3153 500 89 v
5411 419 93 c
1404 240 89 s
1050 4388 28 i
1782 36 41 u
1500 2707 31 n
1248 5720 99 b
4510 3559 38 k
2299 594 88 z
4236 773 76 d
4703 1432 113 f
3069 4189 91 q
2219 3517 39 h
5371 4031 69 s
1353 164 54 t
2512 4687 71 w
1457 1943 25 a
2642 2801 51 y
2701 3544 50 i
3787 2924 21 y
4875 4318 37 y
2297 1408 22 i
4299 619 108 e
4287 5202 85 f
4825 5505 22 g
2041 3000 100 n
1036 3074 104 t
4449 4194 77 u
2069 3339 72 u
2421 3249 53 q
1420 5040 20 q
1845 142 75 k
4987 1783 98 l
4656 1010 45 y
4688 1026 56 o
3379 3001 95 e
2199 4929 35 o
4086 2601 50 z
4281 4067 46 n
1291 4540 22 g
3510 5540 103 t
3270 1379 107 g
4567 2137 45 z
1900 523 69 t
4436 444 102 e
594 982 36 z
5551 2978 77 s
630 5145 104 b
837 2233 35 m
5235 2407 46 z
3148 4699 47 z
2692 5470 91 c
3143 4308 72 d
1566 5922 85 y
1826 1823 58 p
2353 4015 70 c
5964 3241 65 q
301 1156 49 j
2935 725 37 f
141 2372 48 y
202 4638 98 e
4276 5882 91 f
2692 5465 44 i
3518 4017 77 s
1877 4337 31 u
2814 4638 75 k
2515 2109 100 w
1641 3767 48 f
2291 3764 103 e
3817 2693 34 s
2832 5216 71 a
2619 3026 32 w
3746 4409 73 q
5681 5434 85 c
504 1940 63 a
1386 3833 78 p
304 828 20 h
1491 5989 20 l
2424 1348 81 c
5168 5022 70 u
3467 1683 74 g
618 4121 119 w
2512 5568 22 p
1937 3923 87 s
2319 5501 93 t
970 2389 91 l
3419 4853 86 r
1387 3869 48 g
2961 5929 49 e
1947 3345 76 t
2221 3889 109 p
453 2496 56 f
5928 2408 92 t
2924 1370 118 n
3658 228 59 c
5116 1632 96 k
1354 5680 35 k
3788 5819 30 b
1617 4046 50 l
1563 5336 69 q
1786 635 67 x
3286 4336 60 x
959 3129 29 q
3184 786 58 j
3718 1427 106 q
462 3272 21 m
2376 1584 118 r
1930 2959 66 x
744 4385 104 b
4569 3421 102 f
3652 1196 33 u
5472 1000 114 i
5251 3485 39 o
1476 4763 113 c
1654 1361 20 z
3416 3499 30 x
1789 1680 72 z
1823 4047 31 r
3735 4026 88 z
2646 3445 100 w
5441 1085 45 f
2279 4346 76 c
1599 4094 67 g
538 4132 48 e
1454 5056 118 z
3567 4173 113 p
3365 5601 60 k
4755 4261 60 u
2536 814 57 i
5440 3465 40 y
1493 3069 106 d
4661 826 69 e
1556 2958 96 e
5977 2830 95 t
3162 502 116 c
1052 5848 56 f
5342 1908 44 a
3567 3807 115 b
206 4426 74 p
1188 2625 78 d
1809 1707 49 e
4190 3764 96 i
3397 983 118 f
2023 4215 106 r
2805 930 41 s
3619 3931 49 i
151 142 58 k
4690 535 96 j
5628 5551 34 j
1310 737 101 l
5027 1837 93 h
5501 1299 48 m
2158 747 71 g
941 2534 78 g
4263 4800 55 j
5969 1033 50 u
1297 4693 81 a
3010 237 21 q
2017 1400 94 d
4641 3310 71 e
92 296 61 u
717 2215 40 c
3648 4836 30 h
747 3304 112 r
4670 1686 67 v
4198 2710 86 y
141 4192 23 w
4100 4216 69 b
5929 4199 50 t
2550 2930 41 n
3436 1713 102 d
3323 3203 36 z
3431 883 37 y
2771 2275 70 v
3395 4490 52 n
1623 1873 89 y
2502 3930 113 s
907 5062 87 a
4230 3546 85 t
813 4732 108 v
3313 576 47 v
4290 1574 73 z
5345 758 102 e
4479 2036 86 v
5305 1650 45 w
55 3699 67 t
413 1146 116 g
1166 5729 72 d
722 3403 40 g
4716 1582 100 b
5157 5123 22 s
5847 380 47 y
1520 1296 119 u
3900 2264 68 w
3089 5776 56 l
4970 5995 95 y
1831 2867 89 q
914 4527 97 x
2523 3696 112 g
850 4905 24 c
3157 2710 68 k
4377 2462 82 w
5909 5831 112 z
4379 4884 86 t
2537 1193 53 s
3186 1883 74 w
2414 3061 94 k
661 4448 118 j
1658 4803 95 r
2736 3433 78 r
1522 1301 77 o
61 2443 71 o
4252 4817 105 f
2906 465 35 j
3767 2601 72 c
5218 4069 34 a
3214 797 55 k
3417 5623 22 a
1268 4007 105 q
4359 3404 108 s
1179 2831 95 w
5043 3960 104 z
3768 527 110 r
5454 3082 69 e
5703 5577 108 a
3177 3020 55 m
438 1843 36 t
2311 599 43 p
5223 127 35 h
5163 2787 99 j
3820 1462 102 l
1743 277 43 y
5110 306 34 x
5250 3625 30 a
831 1856 85 u
6 5858 118 f
3056 4203 56 b
4422 5567 71 p
301 3507 77 u
5829 4293 117 a
3428 3940 92 a
1105 3200 20 i
4579 4070 116 e
5314 3544 26 e
4550 847 99 i
795 257 86 a
519 2804 65 s
162 1351 28 g
2949 5586 43 e
4904 2088 65 s
5602 2368 49 g
2639 3051 20 r
534 5475 66 u
470 5734 92 r
4918 5556 112 u
1640 5607 61 w
3774 2405 24 o
5990 304 102 q
4322 4833 29 v
3751 4567 116 h
1157 853 53 j
1828 1742 33 w
2493 5994 32 n
4159 58 46 y
934 5645 41 n
3802 5399 55 a
3194 5917 74 s
5736 4988 114 f
4143 3795 97 o
4059 4195 20 g
1987 685 23 s
4700 4330 56 t
4366 1861 113 e
1297 3291 107 l
3692 1807 23 x
1354 1763 80 u
861 4049 73 n
1349 1176 86 b
222 4522 86 d
5506 494 28 z
4013 3715 114 i
3424 3539 56 y
5096 3845 88 c
265 4833 36 y
3997 3876 52 x
4686 518 88 l
1394 4623 116 a
179 3968 103 e
2134 155 79 j
1107 2799 62 o
1664 5060 53 t
3153 4244 112 a
3195 3654 84 r
1922 3203 114 l
5350 331 35 u
46 4576 119 g
4962 3404 98 g
5037 3909 60 r
3845 1318 51 l
5708 704 68 q
5107 4868 62 u
4373 5851 106 j
3719 4606 119 x
1400 5746 51 r
317 2381 38 t
3392 5293 110 d
5723 2748 82 d
859 3539 57 k
723 4272 99 d
4106 5625 36 k
2844 5318 91 j
5838 5141 70 o
409 1869 73 f
3550 1032 97 y
3192 3920 65 t
570 5041 30 i
5299 689 111 k
5196 328 103 e
2457 4978 96 u
2184 315 91 j
5613 3553 30 l
2779 1693 36 w
3351 5871 65 p
3371 2002 58 g
174 3076 44 f
4051 4222 44 k
1929 727 117 j
2411 3040 62 h
394 2332 64 u
1379 3168 46 a
5979 1337 82 t
4546 2706 110 z
4985 358 34 l
4531 1773 50 o
2481 1067 53 g
3322 1802 52 r
321 3441 85 u
1159 5969 27 v
1517 2754 86 k
1402 4369 53 j
2728 5385 96 f
2903 2349 55 n
703 3235 116 t
946 1434 35 s
4645 2659 71 h
2319 1355 22 q
993 1278 56 l
4375 780 89 n
5702 5304 95 u
4847 5830 54 w
2408 1780 95 e
966 4252 79 h
5741 4828 97 q
2324 814 53 s
449 5022 43 a
4355 3656 50 b
1610 172 110 r
3117 3559 59 k
2173 3280 30 r
4445 3608 107 t
5926 785 20 e
4738 5311 21 n
1201 2419 113 n
1162 322 93 h
3747 1811 81 w
5779 1041 28 z
1974 2878 119 b
2481 4012 78 s
3247 5752 115 e
4318 4487 75 e
829 3389 59 p
788 4230 81 v
2444 5185 81 i
3402 1210 58 e
525 5737 72 x
2368 2883 74 a
4112 4766 58 v
1976 4604 108 u
318 2253 22 f
1449 1028 57 j
1373 3149 74 d
4784 1054 91 v
3202 1406 101 x
3447 4832 44 i
225 3763 75 l
1323 5425 35 e
2622 5455 66 n
5908 4754 33 m
2038 5675 31 d
3002 5121 108 c
1211 3627 64 k
3672 2567 96 g
5418 195 76 w
3497 1602 72 j
3425 562 111 c
921 5318 76 k
22 2058 100 o
2532 4496 50 n
2835 5512 78 n
1498 598 107 z
2406 5052 67 m
5309 4351 41 z
3975 1650 48 r
2348 1400 60 a
5498 2347 77 c
446 784 94 l
1581 4954 62 n
5718 41 91 j
875 1969 106 a
2181 5261 22 x
1979 3696 65 x
3436 1398 96 o
856 5788 77 e
2281 5118 76 e
251 3416 112 u
240 2755 97 r
3010 1768 99 r
2179 586 58 a
2718 1794 79 k
1821 4522 53 l
578 3290 61 i
5481 4900 32 n
383 4969 94 h
5739 2836 95 o
370 4134 59 k
5083 4980 50 g
1933 4908 100 u
2935 219 56 t
24 372 80 q
3113 4684 24 g
5201 2387 118 p
640 4336 40 c
44 4724 67 b
5505 1684 69 a
4891 543 78 z
4537 3628 22 x
1595 1121 39 f
2201 3194 87 z
1695 4685 85 x
4992 5291 47 m
2712 440 24 v
3350 3585 61 p
1865 1941 5 c
5907 3108 56 w
4011 2175 92 t
660 4404 78 v
3433 628 40 j
5552 3907 72 j
1062 2614 100 l
528 2253 56 g
3231 716 40 z
3273 5622 63 n
496 3544 42 t
5053 1030 111 n
5408 4171 85 b
5602 3243 36 w
1206 5029 59 r
113 5636 110 w
2923 3689 89 j
5565 5563 101 u
4618 592 44 y
5818 1380 55 s
5471 5581 43 l
4177 4809 80 g
417 4827 62 b
2902 5872 25 b
4662 4863 30 t
5877 2970 103 m
2675 3669 111 y
5725 3427 57 e
3827 2437 84 t
2780 4105 104 d
3138 2934 20 x
1246 1711 40 q
5729 3382 70 k
1920 450 41 v
1698 3385 75 v
5766 4330 42 l
4585 1867 79 l
3673 5733 30 u
4271 1179 111 p
2290 960 47 n
29 3797 65 s
3986 2072 29 s
3943 1564 34 c
4177 3369 100 e
3499 565 74 q
1554 1279 37 p
1501 214 86 i
230 4843 63 z
1127 3697 30 x
4783 338 48 i
280 2577 31 c
1048 1273 32 h
4402 1883 79 v
1307 3206 101 h
5515 5341 55 b
3930 5815 117 s
5902 4311 33 v
1050 2341 38 f
1657 3601 71 p
2881 1722 5 e
4676 5394 72 j
1950 1972 106 b
1554 4914 38 t
4716 5586 98 s
4644 2692 49 h
26 1026 69 w
2391 3531 89 k
3648 958 64 m
451 2483 96 j
5401 533 27 f
5719 4829 119 g
4241 4384 88 o
2410 4475 57 i
2954 1593 22 c
1431 2040 77 u
2910 3662 115 b
1324 2958 36 u
4776 3696 26 y
3500 238 64 r
5789 5937 21 w
2003 4668 75 b
4096 4607 113 m
1142 3852 29 g
2045 2868 62 t
193 5024 88 x
1573 3000 38 n
3236 3416 61 z
3361 822 115 i
5226 473 114 w
2431 153 70 g
4814 794 66 p
4045 1293 92 u
5479 3084 113 v
5482 2946 85 f
5781 727 63 q
3245 4494 56 k
199 4476 37 r
1728 2490 117 v
4968 5703 107 n
2717 4455 77 r
2539 818 46 u
3501 676 25 c
5831 3875 44 c
4072 2750 44 m
5456 4758 43 i
3447 4449 113 v
2509 2162 57 g
41 4204 82 y
3368 3740 20 h
4060 4160 41 b
5313 1340 96 y
4596 5176 28 r
946 4885 52 t
5591 3891 65 a
4823 3972 108 z
1862 622 5 s
869 1057 101 y
5673 1182 66 b
2687 1713 119 h
2418 3423 112 c
937 4892 39 r
5853 4229 112 b
1751 467 102 q
3676 3499 72 e
1063 490 58 z
1815 4393 114 t
919 2974 86 z
5080 3284 22 w
5465 3593 48 k
2802 3937 102 b
3562 1214 49 c
4315 5979 106 z
1301 432 52 t
4034 1641 31 z
3619 753 84 n
3549 1006 5 o
4694 4272 97 i
2367 5069 63 t
5697 2564 34 r
1985 4724 69 e
506 127 46 x
3798 435 41 n
4502 3864 79 p
1694 1389 57 q
240 5299 94 g
4753 4187 28 p
922 390 24 k
4027 2431 63 i
1076 1240 43 e
1979 41 46 t
5078 761 34 z
711 1225 89 j
5976 3430 36 x
1203 3218 43 t
5961 553 47 z
1847 4259 44 y
5675 4933 74 r
5361 1781 23 m
5277 3454 36 w
5696 3176 40 v
2619 3979 97 e
969 617 81 k
5586 1598 112 g
5780 5245 84 r
1729 2848 87 d
146 2845 53 h
668 4646 56 m
5166 3919 104 j
2422 3614 57 n
252 1649 119 z
2890 5232 52 o
375 2180 66 w
5238 1481 52 l
5656 244 71 w
2899 1061 21 l
4244 1382 30 s
3936 899 34 m
185 1437 79 h
452 4094 82 s
5562 1407 90 q
2841 2682 56 u
4689 680 56 m
1260 1522 100 x
1516 4934 81 g
605 1628 68 n
5902 3051 108 n
5845 4136 109 s
3861 2842 27 a
800 2825 23 p
5901 5395 41 d
3502 3440 81 t
1249 4934 45 x
1169 2706 104 c
1148 4239 117 e
2590 5925 114 h
5655 2021 88 r
4492 1586 84 u
4490 4456 56 t
2438 1668 37 j
4679 309 75 p
941 4877 105 n
2742 2493 54 e
5766 1490 30 o
2536 4161 98 d
2723 4810 48 j
38 3709 47 h
3551 5701 42 w
3512 4386 76 a
3037 5702 70 n
4863 4975 100 w
854 1549 23 r
123 2109 54 k
3144 4700 118 t
3041 2261 45 e
245 5379 24 x
4039 5189 88 f
329 639 93 w
4892 4654 118 p
4775 3703 40 m
3623 5298 104 d
147 667 56 v
1137 1679 102 f
5734 3229 48 b
3579 2172 21 f
5049 1075 108 s
5882 5650 91 q
530 3519 76 g
780 498 107 u
468 2 107 u
1296 2621 82 b
5533 3747 63 c
3077 4884 27 s
5827 4226 92 d
5909 3885 96 n
4941 3589 23 p
978 1845 44 u
2250 5130 25 u
3550 2006 100 r
317 3706 21 j
2020 4067 119 l
5688 1964 54 p
2016 5488 47 w
5811 5055 38 p
5553 4970 77 d
2813 928 53 u
4676 4200 70 y
4144 2068 84 m
3539 4690 106 c
393 2958 88 i
447 2348 55 g
4175 2935 23 x
1964 481 98 m
4482 4081 93 k
880 4561 101 g
2446 4151 82 i
4568 2963 103 v
2931 3767 113 b
113 4409 93 e
3631 3245 77 n
2823 3765 65 r
4603 791 85 a
81 217 98 u
1161 4472 27 d
4098 1870 116 f
2173 1184 95 d
3165 5670 74 s
526 1427 63 b
1817 2972 48 m
3144 4666 90 a
2725 4759 22 o
3667 3595 59 e
2777 4596 104 v
1832 4428 83 n
2884 2908 68 m
5803 5225 24 k
2378 3751 108 a
2100 633 43 l
5686 2198 30 m
1644 298 65 b
5309 1694 86 r
2401 2983 95 z
3392 1978 75 g
3280 1353 28 z
3570 5736 83 u
3763 1328 96 d
5706 956 47 j
1829 4147 81 p
1451 5466 20 y
409 359 90 x
5015 3454 48 k
5841 4317 28 c
4923 3487 21 u
3288 448 92 c
1523 5570 94 m
3500 1620 33 w
2531 2382 61 v
2212 5144 115 a
1124 2249 98 k
1522 2926 112 q
3001 4760 60 u
3216 2681 28 u
107 5090 28 a
3179 3168 43 x
2644 3871 43 w
1634 1028 37 k
780 1728 75 f
3092 2317 66 n
3589 2477 97 i
5249 1723 26 p
534 5539 83 r
466 1538 24 u
3776 4465 71 o
4884 3447 93 e
4318 2243 26 t
1206 4830 28 c
2899 4597 97 b
2180 5729 73 k
682 3913 24 a
5006 585 27 a
5130 358 82 i
1073 988 24 t
3686 2709 44 x
2728 5499 100 d
5816 2646 22 x
1211 1633 76 w
1859 3696 101 u
1486 5995 28 i
5137 1189 36 z
1212 2848 39 b
5318 2405 69 e
3454 3868 117 e
4064 1640 74 a
5079 1063 115 p
209 2149 100 l
2420 3885 77 b
3936 3902 118 v
4502 87 55 f
4469 452 81 j
3707 2437 78 s
4826 1663 51 y
868 3654 58 i
1624 662 57 l
2957 51 111 q
75 5806 64 k
617 4993 53 u
3077 822 45 j
1659 3769 26 t
1514 4445 33 a
4154 3491 81 e
4069 5527 33 v
259 5403 117 o
5477 5052 32 c
5428 2925 49 k
3697 5503 107 j
3471 3088 31 m
3089 444 42 s
5782 830 22 l
4029 431 109 v
4277 5114 31 c
5794 1380 47 y
2657 1665 110 x
825 3320 95 g
612 4883 73 o
3433 5564 41 v
3194 5000 100 i
3509 4834 20 l
2589 2351 103 r
5539 5715 93 w
2055 1535 111 t
4339 3196 113 q
963 3886 84 c
2510 538 21 z
2374 2812 51 s
2206 5730 30 g
353 5193 32 i
3478 5310 52 i
4893 417 34 w
1843 4559 42 q
3364 2821 104 u
1479 5642 44 g
82 5895 118 w
2834 3657 44 k
4604 2874 4 a
2858 2014 90 q
1974 1063 37 s
191 5010 36 n
5804 5731 28 s
3456 3549 66 m
1776 2561 83 f
3271 1296 47 o
4314 2628 34 e
3561 5234 72 h
5637 2670 93 w
2176 3550 108 v
2069 4988 24 r
4764 5373 70 p
4634 2644 41 o
3831 663 23 e
4220 2132 45 r
5997 1024 43 b
4136 1613 83 z
724 3818 67 q
2164 1287 69 q
1118 5365 95 g
2184 3445 53 r
1697 779 79 q
3490 2577 67 s
2690 2505 118 n
563 4803 50 w
2677 2857 86 x
5218 2364 59 x
1772 5472 48 l
5623 1382 71 h
1601 1123 25 r
3859 2096 49 b
4929 3789 77 g
4537 1059 86 c
3570 1809 68 o
3623 866 96 r
1429 49 32 l
562 1109 25 m
1993 1788 62 s
715 5395 62 j
3260 2446 48 w
186 2078 80 e
198 456 113 m
857 477 109 d
1011 4157 97 w
1589 4796 117 r
2668 416 24 p
1031 2845 46 z
2417 3864 86 i
1614 1844 87 w
3722 92 34 m
1904 5694 43 s
2990 2261 24 y
2347 3590 32 f
63 5619 68 g
5438 233 97 k
1623 3990 31 w
2179 637 105 m
2452 1152 48 b
3925 4099 52 e
1552 5327 117 l
1531 5207 104 c
3151 5173 87 u
2264 5984 77 s
5988 5557 27 r
1339 381 109 g
1739 1273 111 l
1674 1451 113 n
4389 3026 30 c
3679 788 76 n
722 922 82 f
3200 2342 102 i
5246 3772 36 e
1978 1391 70 c
3460 364 47 l
437 36 98 r
3596 3979 115 k
2908 1197 100 t
5752 288 48 j
5435 5313 54 v
3744 1503 34 q
2447 1758 103 e
3823 558 117 c
3413 3488 107 r
5722 1350 112 i
3316 530 111 b
3895 203 109 y
160 3270 46 e
441 3983 64 b
689 1989 98 w
5220 5517 118 p
4946 1633 107 s
2639 2446 33 z
2547 3376 94 k
1666 2725 101 e
3076 1397 100 v
3541 1395 109 q
5909 4443 73 l
1527 5783 28 m
5379 669 69 c
2344 1663 33 l
5369 5197 115 d
4031 3048 117 q
5227 4180 108 d
449 883 117 d
2185 5517 37 c
1842 5557 73 j
5520 1881 41 z
2115 1162 27 c
2513 5459 27 v
3210 3911 24 u
3566 3886 106 q
5033 3641 109 o
2208 5418 108 i
1610 4554 59 c
2284 1597 33 v
5460 1445 50 z
5638 5915 26 d
4379 3177 65 n
3229 5581 61 v
4525 479 99 h
4595 148 47 x
3383 3096 40 a
987 3557 71 b
5344 998 68 m
1160 4344 21 f
4312 5007 68 i
1863 5357 55 t
4023 5776 44 e
1891 4459 40 n
260 3534 90 d
5039 1605 51 e
2635 5133 66 u
1092 5517 97 t
5383 2380 64 y
1105 3256 28 h
1163 5414 34 n
4200 2179 93 c
5228 5236 84 y
3242 3657 21 i
3359 4895 42 b
1868 699 20 x
2633 179 55 f
4490 1516 25 c
1073 375 71 t
2352 3060 101 n
5369 2115 97 v
3524 2132 54 u
5961 503 34 q
5875 4133 83 s
5375 930 46 m
5339 264 72 k
4277 241 101 u
2540 5714 57 n
509 4877 25 t
1149 758 32 s
5202 567 115 f
1494 5746 79 f
3608 5490 108 h
5753 2848 32 m
5567 5500 22 i
246 5190 110 n
2684 5554 38 j
4004 4523 41 r
143 2615 73 b
245 4347 88 u
3784 63 31 o
2691 1080 36 b
2719 1070 32 c
3109 3034 60 y
62 5399 112 u
4175 3955 26 b
1567 1905 32 e
844 168 49 b
4534 323 57 b
5444 2463 43 d
3622 2890 72 u
1840 3603 85 p
5162 5481 66 x
3561 3681 27 d
3369 4108 104 m
694 4551 89 d
2707 2212 45 s
1585 796 104 m
1224 4128 63 c
2719 5938 114 k
4249 5435 45 u
5576 2490 22 r
5701 5996 42 s
466 3924 69 u
171 5130 95 u
1236 1625 59 e
628 1706 104 y
2799 339 111 s
4240 1872 69 b
882 5634 69 a
5257 1823 117 u
2062 1067 100 y
1903 3997 34 z
1024 1339 38 s
5345 3117 55 v
611 3104 51 q
5330 5177 76 d
5149 2729 83 u
4934 561 38 r
3748 4565 38 f
5727 1219 88 n
200 3353 106 l
2168 1130 68 v
3034 3371 85 z
5274 1642 112 x
1566 4981 63 f
979 568 49 g
5798 209 36 h
4607 4706 111 y
1130 737 98 j
3934 2770 31 r
3673 5446 40 l
877 1541 91 h
5384 4029 73 u
730 4922 58 j
146 97 58 f
5999 1930 83 u
2435 3665 25 v
17 5419 43 v
5416 4081 24 j
3378 1600 42 m
5294 2889 73 w
5304 3244 103 v
2977 3735 82 x
3051 48 44 x
5646 3525 62 v
99 1258 46 l
873 3560 90 w
2639 5828 113 p
4757 1652 112 g
4002 4889 26 h
1917 1116 77 u
3249 3687 33 n
855 4020 47 z
3000 4314 106 e
5610 406 112 n
2982 5806 97 k
2335 4785 53 l
3599 2215 94 t
107 3066 111 o
1097 4457 37 h
3479 1177 37 t
494 2145 97 u
3843 5058 46 s
2233 1747 76 a
498 1637 83 j
1441 721 93 y
4205 3517 48 z
4866 1448 85 h
1815 2926 55 h
187 522 118 q
92 5399 53 o
2616 4558 119 t
2966 901 59 k
4683 1369 40 t
5298 4137 92 t
2124 4389 20 v
2933 572 117 m
738 2315 46 s
4935 557 42 r
3932 5431 100 i
1543 193 103 o
4300 3542 101 a
4903 1403 92 a
955 3652 83 r
4510 3885 99 w
4953 3232 55 b
5070 4974 61 u
808 317 79 b
4165 315 107 g
5462 3179 68 u
2865 5102 91 h
516 3027 54 u
2642 3982 85 n
1390 3584 53 e
3705 943 29 k
3379 2164 97 f
3000 686 45 w
2953 5694 54 c
1770 3722 58 i
4540 5860 110 j
4718 580 61 y
4078 2920 48 d
2285 1013 39 w
1716 2268 98 e
1414 1091 28 b
170 553 77 o
2807 5166 23 b
4350 2196 75 d
2438 2743 93 l
634 4843 56 l
4759 3496 68 p
1119 5164 104 y
5542 3968 30 r
4276 136 33 t
228 1072 82 v
3259 1675 118 v
998 4182 69 h
5958 2853 20 i
5224 142 89 t
4872 1316 81 e
3910 1258 30 v
4343 3896 43 u
4626 2107 92 i
237 4483 21 l
2977 1347 61 c
1929 1780 95 x
3771 2492 115 j
3497 1784 42 j
5650 1968 23 w
2306 4706 69 f
1327 4058 64 e
3510 3952 35 m
1382 4475 21 n
5553 2379 24 b
1819 5885 67 u
4504 717 35 t
1627 2101 72 w
5250 1831 114 j
1850 2498 94 z
5258 2535 104 l
3406 3264 106 r
2737 2920 38 o
3827 5301 82 f
310 2590 26 c
5587 5988 74 z
2954 2204 23 m
1645 2531 24 d
431 3964 45 f
4312 3271 62 c
910 616 44 l
4590 2540 101 d
4281 4366 86 x
1059 3434 102 h
4298 4990 76 q
3419 5337 38 k
2360 601 104 q
5339 5015 21 i
4124 531 69 f
5013 76 57 x
2449 1254 83 e
3414 878 96 s
5309 1204 80 c
628 2401 27 y
3522 5219 82 r
782 3759 79 g
4860 1837 108 o
1254 2918 88 e
4329 453 72 t
781 3968 58 i
330 2519 99 g
3997 2258 79 s
5084 4650 69 k
1517 5104 49 b
1150 547 49 b
5972 4664 94 y
2553 4329 39 d
3193 203 111 q
4656 2533 32 p
2652 5097 43 w
279 355 103 k
1819 1413 45 d
361 558 83 n
590 3351 105 j
3970 2458 107 n
1837 2157 98 s
4617 2774 97 p
2442 4313 85 e
4155 5193 41 a
1392 3333 113 j
3079 117 113 x
5119 5335 54 c
2659 4113 87 p
251 3979 41 w
910 3406 79 c
2655 787 86 t
3119 4858 3 c
4978 4511 61 v
5839 5508 37 c
1622 2033 83 v
2552 4209 23 k
4086 93 33 t
597 3239 82 f
2086 131 4 t
3849 1425 94 r
4392 4437 105 b
276 3635 72 u
4875 1977 32 s
1766 3552 48 j
1479 1392 51 s
2255 4184 84 m
1685 2805 114 z
2538 1019 35 g
2652 2726 98 j
2423 4615 64 b
236 2295 26 a
3964 4103 69 v
362 5716 71 w
2340 2799 33 w
2151 105 89 e
3455 3017 20 t
2242 3718 40 n
4394 1653 63 n
1480 1137 48 h
431 2040 22 n
43 194 104 b
4911 4267 106 z
773 327 85 a
5142 973 53 u
1777 2088 57 k
2130 1817 80 a
3449 4279 70 i
3775 61 43 a
5207 4575 84 l
2084 1970 36 t
5697 3214 62 u
2795 4422 62 d
3013 5457 54 c
3788 1840 37 y
3013 2005 79 h
4071 5562 49 v
4015 486 113 v
1919 5903 87 f
5495 244 72 v
3049 377 40 d
4077 4087 87 s
549 2214 25 c
2402 2973 49 v
5612 2311 23 c
249 5978 107 c
581 5463 89 a
3037 4697 80 a
1462 4164 69 y
2330 1808 88 m
4222 1888 57 h
635 5319 66 e
763 4269 53 d
5802 5670 116 c
698 5962 62 l
1002 1722 43 v
5268 5401 53 m
3833 3702 90 i
5775 5255 25 p
5413 2390 30 t
1587 3281 114 m
3409 1022 73 b
1832 2716 37 m
5730 1009 111 a
5074 5866 22 g
4201 1552 88 q
4284 4545 45 b
3999 5498 28 p
5563 3721 112 w
1787 4575 97 r
3408 1951 29 p
1430 5741 22 u
2967 2136 44 r
1263 5684 30 n
1283 1103 114 e
1909 23 95 o
534 116 106 c
4033 5269 27 z
2336 847 40 q
5345 1140 38 i
5125 5127 109 y
3805 2703 46 c
3291 3356 99 u
174 3673 95 w
1798 4033 67 a
2787 4568 66 p
4728 5037 55 j
466 4781 112 x
5214 3911 42 m
2424 3635 110 s
5814 1195 2 j
4866 2626 42 p
2371 1024 32 z
2039 5803 65 f
3940 5353 46 c
1437 5515 70 s
1198 2369 97 x
1580 1538 90 t
1857 5758 108 p
1626 5379 24 n
3430 4582 84 f
3122 288 108 p
5539 3020 31 u
4763 1739 73 t
1949 1264 27 y
5496 290 35 j
5314 3837 106 s
4930 4855 109 y
5788 4713 74 e
4383 1795 42 u
5701 3412 110 c
3072 414 97 m
4858 3884 4 a
581 4549 65 j
5704 4823 118 s
2737 3545 92 v
1049 5302 46 l
2465 5796 60 q
5915 4011 87 f
5638 5100 64 r
2939 3780 80 r
2622 565 49 w
3639 2783 84 y
3890 244 42 d
1764 118 93 c
4663 3223 62 s
2918 5515 78 b
3824 303 49 g
3511 831 34 f
3537 4807 112 o
1642 5117 99 s
600 5839 51 h
4256 1813 54 a
4708 3595 86 y
2438 5206 105 z
2773 5930 94 s
543 2859 76 g
2419 2346 110 e
3260 3561 26 d
337 1832 95 v
735 5921 53 f
2545 4706 94 c
4085 1916 105 s
5768 4563 74 p
2485 2693 74 n
3343 5301 115 p
572 3691 106 x
5112 5438 82 l
3570 2903 60 i
253 4207 68 w
239 3101 87 j
1668 1785 111 j
5884 712 66 c
5541 613 65 g
5928 142 42 g
4105 3311 115 e
565 5249 91 h
3696 481 53 m
433 1813 60 h
690 272 76 a
2699 3062 56 n
2119 5580 56 i
647 3450 101 r
4399 446 57 q
5187 2175 99 r
4602 3197 97 l
3688 1113 38 b
5178 806 107 w
3312 4542 68 n
2486 1789 119 t
3651 3437 45 x
2393 2524 93 x
2800 760 80 k
4223 281 110 c
3977 2316 59 l
2195 1404 106 r
2396 1593 37 z
4925 1961 41 t
2474 3809 54 d
755 5200 60 f
3237 3182 93 q
2558 1491 100 q
3608 4621 39 g
5332 883 47 w
2106 4840 78 w
5808 26 42 z
5674 3459 39 q
4747 3421 66 q
3576 3898 20 i
3589 4745 100 g
4927 2535 106 e
3727 5613 81 r
5378 2658 56 k
5840 5430 64 l
3023 4211 32 m
4615 1372 31 w
4957 1157 68 a
2642 3427 58 p
4830 4430 73 d
738 4300 98 u
3654 4681 24 c
5502 887 110 m
3944 1156 55 d
1532 859 39 w
1653 3414 115 g
1852 3652 96 b
610 515 69 b
1704 4738 104 e
3634 987 63 x
803 198 39 t
114 834 22 l
110 5999 75 d
4771 704 115 f
1393 3921 87 v
5238 4031 72 w
5564 5266 31 u
4736 1285 93 p
5821 3186 54 o
982 3490 80 t
2220 2880 81 r
3161 3244 115 r
5835 5298 42 e
592 3176 81 s
5806 887 63 r
10 1034 43 k
4658 118 37 x
324 3572 63 t
2361 807 59 x
808 305 84 e
1215 5812 68 a
287 3705 118 v
2204 3741 22 t
3251 1004 94 j
967 782 96 k
1101 3709 73 f
2892 1417 119 p
4505 4489 25 u
197 3573 86 v
1130 5148 86 j
132 1249 91 v
3368 3436 57 h
5525 4874 76 k
3859 1841 82 e
1458 948 63 b
4434 2147 27 f
3599 3427 106 c
5972 5921 98 z
1666 3830 63 m
4845 3291 107 m
667 709 28 k
2825 2306 79 d
310 2552 33 q
4148 3725 64 q
3387 4232 95 w
3985 1970 28 b
3362 3287 21 c
5582 2767 45 x
5929 5349 92 y
706 4230 80 k
4896 3661 91 o
3438 2709 48 f
3150 139 21 j
2031 1991 107 g
2103 4926 61 h
5600 3628 90 f
5501 1849 102 t
1332 2154 96 t
5140 5601 76 m
2763 101 51 d
421 5143 64 u
2570 250 28 q
5035 2585 103 w
1091 4583 49 l
2891 2829 75 l
1630 4284 29 n
34 5316 30 e
4901 1597 91 b
3363 3215 44 y
1355 317 95 h
2270 699 70 d
4106 3371 97 l
3943 2815 105 d
308 660 40 e
3464 4323 80 n
3146 2708 56 p
867 3565 83 n
5697 245 94 x
3054 5441 25 o
3911 1155 32 u
3986 3867 34 u
2117 5830 20 j
4449 1849 81 m
2667 5248 115 g
925 1317 92 w
3272 5581 59 a
616 5864 45 k
4286 810 116 a
5738 1296 115 w
2380 124 78 w
190 288 51 p
48 3330 56 j
1720 3517 29 r
4999 2076 99 w
4752 2835 70 s
5710 1614 30 h
4680 5460 76 x
5980 5458 116 o
2937 4725 80 e
542 1479 31 m
5002 5254 50 i
1888 3121 20 p
5826 4855 42 j
1726 1087 56 c
2244 2382 49 m
1407 1080 37 g
4564 1748 53 l
1394 449 61 p
5006 4005 41 r
3660 2418 115 h
3523 3597 42 c
2817 1692 80 e
5029 1327 72 a
2414 5512 48 u
1800 1965 25 u
5398 3237 54 w
1150 2305 68 x
4328 2154 37 f
47 3335 28 s
460 3591 96 f
1408 108 86 b
2705 3071 55 y
5921 1226 26 z
5612 935 64 m
2881 5518 88 z
2324 3363 26 i
2387 4278 76 o
2639 5494 80 q
3969 1157 39 b
4417 4219 84 t
1264 5991 75 n
1918 4907 112 r
1469 3325 114 w
2267 3214 63 f
4062 3225 86 x
3558 5306 28 f
2205 777 69 c
1993 3469 53 j
5066 4321 114 d
4412 4687 80 t
5803 4054 59 u
2752 4449 62 n
907 2384 39 a
2501 5912 109 e
773 2033 20 b
3183 4745 46 g
3293 1941 77 z
744 4085 99 g
2953 5887 105 f
1742 3562 79 r
4378 5549 21 g
1275 1037 34 m
2735 4232 42 w
1539 1787 25 p
1146 1418 25 y
5110 3054 27 e
3619 3840 78 p
2843 894 57 c
1797 1141 24 a
4971 4559 33 g
5631 342 119 f
762 5822 88 c
2948 4782 27 e
4488 1634 32 x
5034 3209 47 h
1694 5828 104 d
4603 3887 95 w
1286 3695 39 t
18 495 56 n
2989 2107 98 v
2077 292 44 i
5545 1748 73 s
842 386 55 q
3002 5459 84 f
1746 1071 23 l
3000 2589 42 r
5699 342 20 v
3838 3095 26 z
5344 3310 80 u
1529 1848 47 d
2416 5390 74 v
4926 3795 44 q
3559 3013 50 n
680 1535 77 r
1964 3864 87 p
2816 1082 63 p
4085 5885 60 v
3549 4804 94 s
1046 4884 49 q
1986 1521 41 m
1248 4908 79 k
918 3950 60 f
4114 2978 29 n
5326 5229 31 c
2558 1956 90 k
4696 2621 59 a
4853 4237 78 y
3698 5276 83 m
2264 4680 100 a
1466 3327 47 v
2156 5473 38 r
3751 5261 115 k
4972 34 40 l
5830 2093 93 t
5326 3557 39 w
4575 2424 57 v
449 3432 56 f
4889 3476 42 j
5602 2192 28 z
1347 4257 44 c
5967 691 30 v
5001 501 43 u
2815 5633 90 d
2005 141 83 f
2052 2249 116 c
2194 2966 55 t
677 2512 48 l
3156 1850 80 h
3570 2696 74 q
3434 467 95 s
3882 5751 85 r
4527 5295 50 e
5918 659 91 w
5214 4770 95 p
1942 2889 77 v
4398 3211 97 y
2271 4302 62 l
4057 2092 107 l
5975 1738 100 p
2093 3631 32 m
690 4436 75 u
1867 1653 33 r
903 2404 60 i
468 2128 90 t
3800 2978 109 g
3847 5536 47 s
3146 642 55 n
2201 144 109 e
5513 5013 63 p
2492 3648 107 j
2778 2781 88 l
695 3352 43 h
3241 1197 27 r
3183 129 72 z
279 1367 23 e
2856 3894 41 x
441 2243 54 h
3252 3386 44 m
3759 3303 105 i
455 5346 64 m
2643 1101 109 b
3223 3258 28 k
3291 4212 34 e
1826 642 40 c
1573 5686 73 x
303 4919 24 u
1066 4884 90 m
4305 133 101 o
1727 4516 101 u
3905 2762 102 s
1763 205 107 n
4529 5521 26 z
5907 4908 79 s
5994 1253 30 w
61 4511 102 r
493 5343 64 p
1742 5656 101 z
1594 69 78 j
5784 876 101 y
3936 2723 66 n
2412 619 84 q
3765 1793 39 m
2505 2635 27 c
5858 1373 98 j
278 2437 42 r
4801 4661 61 w
5116 4197 107 r
2915 432 54 k
3107 449 47 x
1850 340 67 e
3110 2489 39 b
56 4567 58 e
3613 5599 78 j
3238 2238 79 x
3493 2183 119 t
5781 3614 50 m
2848 5905 106 y
1210 5192 75 z
3912 5508 86 t
5342 2941 109 x
27 436 70 t
1805 3441 39 q
4837 1677 59 g
4924 1740 32 p
662 5098 30 u
5961 2680 78 d
5424 2134 65 z
1269 1194 99 i
4208 2601 116 y
218 1715 50 z
5388 4059 53 v
3672 5200 75 d
1403 1622 36 l
1397 4974 30 i
4615 2617 104 k
5856 1197 114 w
1383 2270 69 u
1740 525 23 b
266 5477 44 w
594 551 118 r
4803 3323 46 h
2574 3616 40 s
280 5825 86 w
1327 3923 112 m
2362 2907 36 c
2083 5001 114 i
2752 3138 74 h
4626 4987 47 a
5058 525 90 k
3921 4433 93 h
5392 5831 96 o
4710 3942 108 p
662 1850 43 z
5670 1986 69 o
158 5900 87 q
5182 2934 64 c
4810 1355 91 y
5293 886 106 a
2136 158 82 h
63 4289 112 w
4995 2422 60 n
3881 2100 28 a
2397 5768 38 v
1666 2473 100 f
2763 4621 44 g
5247 216 103 s
3108 1811 26 z
3080 2778 98 y
3667 349 95 c
2171 5661 55 f
4488 237 112 w
4248 5364 32 r
3943 1038 113 j
240 97 30 r
575 2955 44 k
1760 1487 62 z
4136 5612 69 e
2568 1523 112 v
945 2980 83 z
1721 5907 82 k
1302 4240 102 y
5518 2830 64 g
5577 5852 85 w
2311 1151 28 x
4035 3617 100 e
3233 1722 109 s
1095 4453 119 d
4898 5936 30 b
1908 2538 111 b
153 726 86 j
4509 314 63 w
2403 5220 61 j
4959 845 37 w
2640 226 52 u
1409 4221 116 r
383 801 24 a
4138 3351 116 e
4731 922 43 d
172 643 103 h
5768 1039 115 g
4356 2927 91 k
1000 125 31 w
1618 4383 65 e
962 1382 69 w
4243 171 41 c
5073 2318 31 u
5671 5180 100 h
1752 634 79 q
973 4801 28 w
3999 4971 84 p
1080 4102 76 i
2790 1966 5 p
5494 2322 97 u
5788 2445 63 d
4335 2358 86 x
1016 3542 31 t
1442 1890 112 r
146 1222 102 y
3265 2300 54 o
714 1 31 t
1630 189 42 a
2047 1843 76 b
5888 5105 39 t
5267 935 105 f
2884 2241 99 x
233 2159 99 b
902 2160 94 b
5893 5738 48 p
220 3418 73 f
3594 5530 93 k
3098 1649 92 z
5977 633 35 x
4424 2505 104 f
1116 2630 74 h
524 1821 102 p
2809 5043 90 d
1479 26 84 e
5824 5103 113 g
5854 2040 78 s
4134 1836 79 b
1748 579 68 n
5687 5339 55 i
5211 5891 28 w
3619 3057 101 t
3080 1087 65 o
1068 4093 74 q
1519 5399 102 j
3111 4742 69 n
5356 3196 82 w
1278 3853 113 h
1857 2016 91 k
4935 3028 105 n
3712 4088 98 n
5685 5330 113 e
1429 5859 118 p
5283 241 56 y
3044 1261 87 m
5286 1088 79 v
3767 3896 76 w
2243 4699 119 g
5689 2322 63 r
5709 1025 39 j
5596 904 112 n
5219 2430 101 u
4755 2018 41 x
2843 318 55 i
937 260 98 m
343 562 82 y
5479 5146 105 i
206 4332 91 a
4642 3626 88 j
232 802 21 x
672 384 74 g
4359 4555 29 a
4272 3506 115 p
1276 214 62 y
2857 4763 86 a
303 170 110 f
736 92 46 n
5283 309 80 z
268 579 116 i
3636 3905 96 w
469 255 83 r
1614 2078 24 d
282 4725 26 b
4047 5850 50 c
129 2260 31 c
1817 3126 94 x
3466 2717 31 c
2014 4252 23 l
5748 739 116 z
5861 1783 55 q
4927 5477 56 l
1376 3982 48 x
3607 2863 70 x
610 3989 23 p
5715 4603 48 m
5142 2562 93 t
1806 634 26 r
3054 2281 48 s
2266 3045 29 y
4824 2699 59 i
3456 2072 113 r
1193 3950 54 x
2853 3758 38 x
3433 1246 77 i
2673 1554 53 d
65 895 51 r
2795 5084 93 i
1555 5987 89 i
4073 4382 80 l
2108 3738 27 v
102 3311 60 s
2453 1014 21 a
5452 4619 36 p
3159 2014 37 o
5457 5227 26 j
4312 3810 108 k
19 5606 35 j
4892 5855 71 q
1981 3936 110 i
3298 4858 41 o
372 707 67 x
5522 1470 106 k
5753 2839 37 o
5153 926 20 g
4713 2626 88 g
5020 1061 39 n
5844 3871 113 w
305 1305 32 r
488 1761 111 k
4617 5692 75 v
5372 1470 71 p
3737 2801 25 u
4221 5099 114 h
885 2673 22 m
2900 3335 30 b
3804 5149 44 a
3253 2786 96 m
661 3278 100 k
4616 2547 78 b
2092 1679 112 j
2586 90 110 r
4939 587 25 j
4524 3336 99 k
5254 5221 50 d
3144 3334 24 g
405 2663 20 i
1517 736 41 b
2832 2511 89 o
2639 2223 90 s
3263 2801 60 n
5298 5744 60 j
587 5152 26 t
3971 5028 112 x
567 4596 80 z
4305 3095 79 j
2184 3503 47 u
3606 5423 53 c
734 3625 103 u
5618 3021 24 p
1997 961 23 g
5977 3459 31 h
846 4929 52 y
5199 2949 51 s
1609 511 81 l
3835 4474 103 f
1372 2379 81 l
732 5872 23 u
5857 4305 118 p
2203 537 62 y
481 1032 59 m
5503 1651 72 f
387 495 49 b
3704 171 95 s
1566 5726 110 b
3969 87 109 o
2682 903 88 c
5979 2475 23 p
2047 4105 31 k
4171 4675 101 a
1026 4986 114 w
3349 5343 47 t
2034 3062 25 r
1184 204 58 u
3205 3057 54 y
4469 628 109 x
3581 810 72 z
2255 1117 66 s
455 628 89 f
114 720 87 a
1249 5800 115 b
2630 1874 94 w
3719 3904 109 n
5785 5879 54 g
2112 4579 116 v
1362 3043 47 s
600 5317 104 l
3725 2681 40 d
2478 3214 23 c
216 5668 45 z
2877 181 95 f
1789 3558 89 f
5017 4857 85 e
1749 143 67 l
5737 2811 71 l
1414 5270 93 a
2560 5550 92 x
801 3392 94 y
5493 3002 25 t
5562 1873 26 l
2915 1006 68 z
327 4097 80 o
407 1190 67 q
735 2953 23 e
3401 4546 46 v
2917 2335 74 d
2086 5457 91 u
568 1841 40 r
3869 443 82 y
5266 4836 75 r
2473 2139 94 n
1259 3462 34 a
3258 375 110 g
127 3235 79 z
522 1033 60 w
126 5145 23 p
1930 5049 67 f
394 4548 71 m
1371 3041 35 e
5084 1517 23 p
4715 648 107 l
888 2170 52 i
5228 169 70 a
1925 4754 118 u
4949 970 33 u
2380 1111 109 m
1700 4949 115 e
109 4933 31 v
1071 1441 42 h
1287 1933 118 x
4264 2170 53 c
1730 2699 59 d
5017 4740 48 w
3925 4091 83 d
4649 3217 36 r
1154 2390 92 v
5845 774 97 w
405 1553 23 n
4760 4198 102 y
2871 1792 100 m
1828 4754 88 a
5304 4256 103 y
4737 4042 107 t
2057 223 79 k
391 3021 64 k
4121 1147 100 d
2973 4502 86 j
5711 2064 89 m
234 3269 50 i
1313 4951 79 f
1181 4684 43 d
3250 3256 69 v
2835 3505 91 x
582 1265 101 h
4520 3174 41 w
2835 936 116 u
605 5901 88 f
5122 571 76 f
823 4353 48 k
4388 5613 42 g
4851 5402 25 h
750 2275 88 c
2286 5724 61 s
3248 147 31 m
131 2592 102 z
9 1717 92 z
1170 5120 23 d
572 4619 30 b
3629 5988 119 d
768 4265 80 g
1776 2150 84 a
2068 5238 48 h
857 3943 73 v
4663 4358 113 f
2192 1914 83 h
2943 1847 92 w
2616 292 39 f
5678 3005 40 z
2659 1429 92 t
5600 2464 67 u
790 4921 91 n
1099 3077 63 p
4819 4285 65 z
5828 2716 33 s
3017 663 61 u
2853 5796 22 a
5330 5461 94 j
5325 3798 50 z
3462 438 71 g
5813 3099 115 i
4990 4102 45 y
1444 3404 106 v
1507 1690 88 b
3097 3838 21 g
468 5380 32 a
1810 1731 63 v
1162 238 114 y
1256 4476 23 d
753 360 21 i
4633 2428 86 l
698 5964 112 q
966 5835 34 z
5749 1036 94 i
2563 5125 96 g
844 5842 112 d
1680 5623 76 w
810 2539 113 v
3627 684 89 g
4438 2410 118 m
3079 708 25 i
1665 2187 48 q
50 46 80 u
2513 3011 65 x
3794 3560 52 r
2251 1289 89 l
3315 5537 93 n
4448 411 41 b
5940 4794 38 l
4353 3502 47 j
1497 5436 25 c
3106 4700 72 s
4504 3604 25 p
5963 2492 81 l
2674 3694 80 n
294 5293 28 l
894 3108 43 p
3402 4242 94 c
1358 1203 99 i
3924 2279 43 p
778 5150 20 m
5361 4815 105 k
5984 2756 49 p
2847 3167 110 a
2486 3704 25 j
2657 607 26 i
3971 3802 112 b
2661 266 98 j
1497 434 77 p
263 4756 87 w
2506 1019 101 j
2321 480 83 z
2274 5490 97 h
1862 2877 23 p
5831 4862 64 w
2708 4115 72 v
4177 3364 22 c
5707 4639 38 h
1673 3544 33 p
847 4900 69 q
112 5048 78 l
1872 372 112 v
5086 3705 76 s
5641 582 80 g
4170 5083 33 a
5157 3656 91 f
2441 3008 74 s
5747 5062 42 t
3198 2587 65 k
106 5842 77 a
5431 2403 90 s
3637 3292 58 r
5231 3291 29 p
5855 3663 43 s
1153 365 36 p
405 5420 33 h
2511 4525 93 k
2367 3782 80 i
2053 2897 75 q
2661 3548 98 j
3329 1130 102 c
5736 3411 62 n
3169 331 39 i
3071 2198 25 p
400 5780 111 b
2001 1885 103 b
884 4235 31 k
2298 3564 61 x
233 1847 23 i
3235 1307 73 x
4415 5517 54 g
4414 1036 38 c
1256 2713 104 g
1531 4101 98 l
1378 281 45 w
2382 1801 39 o
346 1051 77 j
420 1049 98 w
2123 4654 100 h
5841 533 23 q
3980 1509 20 s
5043 1201 27 b
3807 1808 70 e
1499 1634 67 d
3458 4503 89 c
3142 2167 109 s
4551 2491 63 f
3771 5484 53 t
2683 1350 116 r
1701 1667 112 w
4072 4496 57 c
2420 1725 89 b
5426 2423 60 u
360 2691 116 a
1604 1409 25 x
379 3206 26 h
4343 848 79 k
2313 4998 66 g
3065 2524 46 m
2769 985 95 q
4072 3167 46 e
247 3895 32 a
2013 2562 94 y
3881 1382 96 z
2660 1034 38 g
5928 1083 102 u
3819 1492 101 s
766 1627 112 h
4478 1151 62 s
5978 4822 98 r
1667 185 43 q
4715 1413 25 s
3245 3741 81 g
207 1276 29 w
1167 886 117 b
3727 2521 85 v
228 3909 31 i
2530 1193 30 a
4314 179 49 f
5323 5437 35 h
48 1287 57 y
3339 4952 82 t
1389 2776 56 s
4400 2598 74 z
949 2198 82 j
5881 2754 34 j
2447 3939 39 m
5640 5618 40 u
5047 4304 58 h
2710 2777 29 v
5932 3708 59 u
1328 4805 38 a
4227 2781 96 h
5028 902 52 a
1188 1038 100 n
3051 1127 73 r
1980 1964 21 m
3111 412 91 a
512 2897 99 t
3553 3643 94 l
53 445 28 s
5896 1177 39 i
3052 357 67 a
562 3250 26 d
2601 5339 23 b
2650 1566 102 g
4021 2412 100 y
4871 4744 26 w
5441 5879 51 r
1357 577 86 n
3263 3808 81 q
1928 837 118 q
1780 3758 78 v
2756 3092 78 u
5783 2861 90 w
3857 17 86 z
1738 3716 33 z
3811 4434 90 s
3332 4407 63 n
3982 3994 43 p
1078 3368 62 k
3908 2532 23 d
1073 5122 109 y
536 1254 25 y
2231 1243 75 w
1010 1746 49 x
2124 3825 103 d
1378 3578 31 s
2733 2080 28 z
381 4955 65 g
3140 1488 20 t
2058 1837 90 b
2863 2182 58 e
1157 76 95 q
1622 5818 92 z
4010 916 44 i
5257 3085 64 m
54 3777 49 v
129 1395 96 f
2082 288 54 r
1011 3240 97 l
5764 797 81 o
1907 2386 88 c
1371 4126 119 n
1300 726 95 m
5946 5032 29 f
118 4294 103 b
770 3572 37 u
3948 5356 105 l
4448 2450 62 g
2812 5656 4 m
814 3838 36 x
128 2214 55 g
4321 577 87 t
5615 4833 79 w
3782 2046 86 i
1060 2810 67 n
967 4912 27 g
2599 611 62 u
625 3701 53 m
2493 5513 112 t
5184 1844 64 x
1400 2674 96 h
5470 2863 36 w
4929 5895 65 u
643 1358 50 o
5056 4893 50 c
2685 1423 25 j
765 4043 31 x
4936 1659 22 z
2169 1133 87 l
3018 751 116 w
4651 786 84 o
4306 177 38 e
1618 5074 92 r
5629 767 90 z
4357 2325 116 u
3546 4404 33 z
5117 280 60 y
4678 4289 117 p
15 3858 65 i
4775 2468 72 y
1044 3662 47 a
4401 1846 95 i
950 2019 96 y
2647 4153 80 e
5735 3024 35 l
989 4620 69 y
3024 1141 36 j
97 1077 38 f
4393 3746 87 c
2142 1166 36 s
5655 4439 50 n
2183 5285 113 p
255 1270 39 u
3843 5788 80 k
2621 1246 45 p
2978 2589 119 i
930 4647 84 m
2064 1024 115 a
2237 3794 31 z
2788 2271 26 b
2605 1289 49 f
4315 4556 49 x
3547 557 66 h
3018 5873 47 o
4959 5155 46 p
2940 3118 76 e
5998 3800 81 t
1834 3074 108 v
1710 3587 106 w
1568 4467 88 h
4415 196 80 k
2505 3768 58 a
3665 5675 109 h
3600 566 45 t
710 425 118 m
4230 4422 60 o
1067 4918 84 z
716 4912 65 p
4480 3039 40 q
25 4968 117 y
3638 2924 116 x
5464 2531 41 s
862 5475 82 y
974 743 48 x
2776 2173 25 o
3370 1655 86 o
1608 610 42 j
3197 1088 117 j
1710 2043 46 e
1785 1716 39 m
337 394 35 j
5101 5424 91 o
1486 804 59 g
3407 5227 24 g
1356 1399 85 d
1420 4116 64 g
277 1083 33 r
300 2754 72 w
4400 4279 64 g
3464 5431 106 s
4523 3778 116 v
2626 3763 78 b
3792 5381 87 n
3474 5405 82 i
3073 4396 69 s
5608 5385 44 s
5877 4016 67 u
671 4393 45 j
3465 1251 39 j
3440 3374 73 p
239 1888 87 y
5082 344 54 g
1734 377 84 t
1837 4191 28 w
703 5877 119 q
3651 2407 116 m
4329 2208 74 s
3946 5142 91 m
2596 1965 56 v
1046 4516 112 o
733 1110 72 q
4428 4019 38 q
1049 3973 108 m
3368 3875 33 o
771 4717 110 h
270 161 73 t
2254 2209 55 s
867 5243 53 y
1256 946 21 e
1071 4218 71 z
260 5724 35 e
704 1284 101 w
4350 4595 34 o
2954 215 53 i
2812 2383 40 j
4947 232 23 i
5286 4965 89 a
1780 3627 47 i
5954 506 75 i
4968 5973 76 e
1344 2824 54 d
4012 5333 37 f
2318 22 21 m
2681 985 98 u
2386 3636 113 m
654 1040 107 s
3452 4996 53 h
118 2101 54 m
2315 896 80 u
3280 5119 74 r
2738 2803 65 f
5658 4825 99 b
3118 2719 40 g
79 5785 33 g
4204 2137 51 t
5120 3420 61 y
5904 4758 71 n
4812 900 62 m
5789 446 115 u
4764 140 69 g
5643 5307 66 o
5953 384 113 q
4581 1155 35 a
5087 2099 40 e
1108 379 24 n
27 3137 80 g
366 3026 116 z
4624 4493 30 v
2473 2455 106 g
3542 3662 56 c
2397 1997 34 c
1840 852 112 o
626 5758 23 v
1763 2259 29 u
2422 1544 49 p
172 860 38 x
2686 3670 38 h
3340 3587 90 v
4947 1739 51 l
4303 4241 71 a
1282 2863 55 c
1044 2623 116 p
1745 4011 26 l
5601 78 92 d
5833 5033 117 m
3655 5294 84 k
1006 1767 103 l
5380 5683 88 v
5303 2944 40 i
2137 1521 107 i
2034 2647 91 k
4285 1177 112 n
5975 847 95 b
2978 10 59 y
968 4401 78 d
507 2770 34 p
3776 2503 100 v
4301 3304 39 h
3390 4187 102 p
3998 9 108 d
3428 4008 59 g
3330 3843 39 k
4743 2454 103 t
5566 124 94 o
327 5162 36 h
1662 3212 46 o
1821 4913 56 y
4760 159 22 u
2535 4316 110 b
2588 4453 49 b
4699 580 21 d
3587 2418 28 r
5822 5621 55 d
1758 2599 89 z
3101 4844 83 h
548 2730 102 s
4489 5893 104 h
5668 327 49 r
1197 1092 112 h
781 5050 92 v
3339 230 100 u
308 5704 64 b
1412 2326 68 g
180 5981 75 t
5382 5738 115 h
5263 4078 41 o
557 1046 94 v
5293 5359 104 p
5062 2985 113 a
1177 2288 118 t
4533 3511 89 m
3081 5002 60 l
4007 3794 28 r
1611 1086 62 s
2837 5128 109 b
3473 2005 48 k
4259 4769 73 m
2317 471 72 s
594 3001 93 r
16 2923 48 e
717 1548 50 s
1591 4274 62 n
185 2420 59 x
5826 1278 112 j
2023 4260 83 x
5419 3807 71 e
5213 3975 83 x
4731 1328 56 m
769 4840 100 g
358 5282 101 d
4787 4023 33 o
980 4819 94 v
5972 4750 37 h
2689 5420 95 b
876 5851 49 v
2782 5461 30 a
411 744 57 d
2536 4464 108 k
4387 5829 28 g
916 4870 70 v
491 2546 67 n
3946 5332 60 f
5712 5918 119 b
1346 425 95 k
3132 5767 51 g
2099 3955 27 b
2062 4970 84 p
3616 4536 60 t
3377 5402 110 j
1981 933 111 y
4481 1966 81 o
1497 2408 106 p
991 5929 94 o
4554 2836 108 d
3922 4277 30 u
4176 3115 71 h
5506 3349 106 s
2689 3781 80 q
161 2270 96 l
2063 4478 81 e
4823 4350 64 a
2356 2645 89 u
925 5124 33 h
1074 3608 98 k
1923 314 22 g
3801 3537 56 w
4067 4084 73 b
2090 2159 42 c
4183 4813 84 c
3858 5690 75 p
1390 2204 91 z
2983 3416 26 a
2627 3317 35 r
5814 1993 26 v
2282 4123 24 s
3050 1071 79 q
701 5947 48 x
2872 2299 119 k
2674 5005 32 l
561 4031 74 l
1902 1134 38 q
5270 1957 73 a
2753 3312 64 m
5130 210 42 y
2736 2393 52 m
4107 3482 76 f
4317 3067 49 a
1104 362 113 w
2318 3302 28 x
572 2619 60 k
3180 956 51 j
5555 2227 29 d
645 4462 30 r
5416 4702 55 a
5386 44 93 z
1903 2743 69 i
1415 851 108 g
1324 3154 50 n
3874 3610 83 a
1079 3109 102 t
768 1841 23 o
5039 4855 29 i
688 3923 108 e
1535 2883 83 z
1101 395 64 c
1289 3187 100 v
2868 5618 37 w
2297 1665 27 l
64 3509 118 w
3864 2912 44 t
1503 1446 73 n
5352 4301 37 z
2607 4556 118 p
2480 4284 35 w
3998 5891 63 i
5679 3355 94 e
183 5418 110 j
2870 3851 119 d
5549 4260 40 g
4616 4317 68 n
2549 2492 95 e
1702 4044 20 j
1704 910 71 w
4475 2833 88 t
407 5502 95 p
1345 4962 70 o
5425 1664 68 t
4439 1156 72 r
5797 2702 96 i
3722 1107 41 h
2658 1806 27 l
4777 3356 106 b
2795 2653 59 b
4334 193 104 o
4355 4438 52 l
1724 2055 72 h
154 5438 20 y
394 1250 84 b
4621 297 83 z
2211 2070 85 f
5078 4865 114 d
2875 1153 22 g
1608 2522 117 j
1448 3289 71 g
5917 755 82 l
5428 2125 61 i
1084 4159 60 k
2706 2493 34 a
4829 2799 116 g
1501 4998 41 j
2410 955 55 a
5620 1657 41 v
3651 5195 23 g
362 3249 107 s
34 42 119 b
877 4886 117 k
5037 3663 70 i
147 4822 67 n
4880 2811 58 u
4632 5578 65 v
1966 109 107 x
3504 5269 86 l
4755 5425 37 v
5148 1176 118 x
456 1210 70 p
2089 1412 46 q
33 4870 93 x
925 4571 95 w
101 4993 29 v
1732 2259 25 t
5755 2247 28 n
1945 4173 76 y
2904 2091 76 m
5408 2310 100 r
1378 2766 82 r
4987 3706 73 g
1683 2612 110 u
5989 3232 21 y
5849 1112 25 t
2459 1161 75 l
2077 4572 78 u
4762 1714 43 o
802 2334 108 v
5866 3235 72 o
5939 8 46 u
599 2628 55 e
2795 1657 103 r
4207 846 117 v
3764 3938 51 q
205 1778 58 n
3017 4817 93 h
288 5750 78 f
1193 2694 80 r
3487 3548 47 a
189 5426 92 a
3452 2334 30 f
5966 2196 62 f
3283 1022 81 t
4199 5474 87 l
3612 800 67 g
4237 2469 39 z
1854 3916 77 o
3330 3488 23 l
932 510 53 p
3611 5624 87 w
5478 3761 20 b
2443 4955 111 b
5523 3839 25 e
1104 1977 53 u
2601 4668 24 v
5141 3292 63 a
2953 4370 55 a
200 3595 53 v
4834 4112 46 d
3584 769 98 l
4967 653 110 y
1916 4800 110 t
5345 4959 40 l
5709 1385 78 o
1431 4607 34 e
1369 2239 50 p
5590 3858 36 k
732 1385 91 p
1282 2308 91 h
4095 4562 77 u
627 5608 75 t
5636 911 87 j
5311 798 103 k
4298 4348 64 o
996 2915 116 x
1103 4730 104 i
2399 4715 98 g
1103 1062 80 a
5180 4052 63 f
3701 2703 29 l
4457 1400 27 e
1334 1666 73 u
2687 2688 85 b
3356 563 46 o
1076 5934 113 e
4914 1571 107 q
2743 5664 97 v
3832 548 116 x
3366 333 32 u
5985 2357 59 r
3849 3410 62 o
2426 607 54 i
1937 5657 63 m
90 3969 23 v
2168 5482 104 v
2278 1248 28 g
1009 4654 80 g
2593 702 74 h
5218 4457 32 q
5003 4124 33 m
2404 68 35 o
5242 4333 20 h
463 3129 42 g
3218 3205 91 k
948 3708 82 x
936 38 105 e
800 1908 56 c
1326 5456 60 r
5310 75 78 r
1951 3845 72 y
2883 2926 116 i
776 4833 92 u
4876 788 107 b
2598 4004 115 u
2910 5972 54 t
5414 4752 97 x
2192 4612 39 b
786 3824 50 f
1131 3247 52 o
2513 5304 106 v
3787 3082 117 a
5894 3787 81 o
3150 1365 103 n
4731 5696 48 d
1537 3608 82 g
2085 4413 108 q
1570 579 49 v
1621 4309 93 g
2599 4568 63 f
4359 3745 114 p
817 5846 87 r
2911 474 75 w
4245 5190 115 a
4858 2862 33 t
4938 4200 81 d
2844 5403 83 z
3466 3036 99 q
1262 5668 69 c
1218 3047 43 r
4116 507 32 n
2876 3739 119 u
5434 2476 33 y
3451 3035 27 r
5749 3277 77 a
2489 2164 75 h
2912 3722 94 l
573 5630 89 p
3125 5943 73 j
1893 4261 53 z
4982 1422 86 d
5189 4798 85 y
1099 1032 57 b
2021 555 90 e
1560 1061 55 t
2323 4526 70 k
4820 410 114 a
972 4831 110 o
916 2295 79 k
393 5079 87 t
1491 3976 67 f
4067 512 111 k
360 5361 89 d
850 1186 21 h
1059 2447 75 f
1863 1584 58 a
4785 1285 105 j
2705 5644 92 m
5201 5821 104 x
2662 1333 52 n
764 310 72 u
4063 2367 95 v
5610 1975 61 e
541 4623 51 s
4330 4100 95 i
4858 2234 99 h
1245 1526 72 z
4446 4676 67 f
4889 4553 30 p
941 2128 37 t
5623 15 63 g
2198 2296 69 s
3307 3896 23 w
1204 4431 85 u
3087 5984 113 j
500 128 43 u
3682 4166 103 x
4613 4964 43 s
3126 1541 93 l
434 4207 63 n
459 2705 53 y
3239 4804 85 w
1693 3922 36 q
2929 5382 109 f
4500 5609 21 l
2942 503 56 z
907 881 65 f
2417 402 66 i
5287 3078 27 e
1989 1972 46 j
3274 1794 72 n
5619 13 20 m
334 131 55 b
5793 3345 93 o
3414 1338 40 d
3600 5232 101 b
4814 2222 31 y
4011 5975 116 x
1073 3524 108 f
5941 1266 109 g
4100 5899 84 s
621 978 50 l
5047 2981 50 i
1407 2098 82 l
2595 1041 104 u
78 1500 72 h
4094 2560 57 h
379 2628 113 e
2025 2973 30 k
4682 4646 109 m
1588 2860 107 d
273 692 28 y
1279 5842 31 l
4554 2108 46 o
4054 2734 25 p
561 4732 66 n
3354 308 92 m
4667 3061 118 j
5342 1615 57 w
2505 1628 117 a
5211 4500 58 z
952 4951 41 r
395 4661 74 f
956 5424 87 c
3141 3502 40 g
3266 1162 71 j
12 202 34 z
4584 1544 30 l
4897 3488 42 n
4168 2259 39 m
3157 5200 31 j
1013 216 100 c
4947 5372 21 y
3385 1368 38 b
1811 5617 114 g
1840 2779 68 a
1000 5018 28 l
4002 5260 34 y
2068 4038 90 d
1336 3480 22 c
532 822 46 d
1672 50 44 u
2503 5481 99 y
1639 2857 117 w
1868 2156 50 n
4172 2148 109 k
2419 2233 69 t
1096 2664 90 x
3970 3614 110 u
5540 3932 104 o
5063 5804 34 o
2564 1329 85 n
3568 3759 24 g
4165 5723 93 m
4389 3288 20 g
5213 5826 35 k
2301 453 38 b
2272 3973 83 m
3199 5878 57 l
1631 3334 103 s
555 5075 67 y
3698 1335 98 c
4640 357 79 m
180 1450 67 w
940 3661 94 x
31 426 85 t
200 4429 116 d
5021 321 90 t
1735 1810 78 r
915 4068 73 m
5801 2890 54 v
3499 588 102 w
5083 4721 39 d
1812 5826 91 x
3048 4616 88 p
333 1743 113 x
2455 1903 72 i
2923 872 98 a
4968 2175 68 p
1428 5185 22 z
111 2132 117 e
1887 392 106 a
240 1054 110 x
1972 3263 79 q
65 2814 116 k
4382 5508 42 b
5549 5214 100 y
1743 3214 35 b
5936 3622 118 w
4440 3188 71 z
2526 4736 69 w
1743 2511 94 n
5801 3146 50 e
5533 3026 101 o
5654 2436 109 w
2221 4335 94 r
3436 2482 114 a
1577 886 56 e
2152 515 109 x
1312 2235 74 o
5013 359 24 k
1358 4916 89 c
2302 3010 78 p
5498 3505 102 c
4023 4676 83 n
1203 1436 51 t
2021 355 33 y
3652 417 48 d
321 4952 99 s
2347 2305 37 m
1200 2736 32 e
3303 1152 71 m
5054 4506 36 g
4180 1406 20 n
5035 2509 20 i
5500 1262 59 u
4767 4815 26 s
5968 3345 86 b
2525 5400 25 j
2536 4826 85 w
3080 1730 78 o
5038 2614 106 u
2821 2084 79 u
2955 5753 81 o
4772 2473 115 g
93 2252 53 y
91 1922 68 t
1232 4030 92 n
1949 3573 28 x
1624 4304 64 j
763 4057 83 d
3388 1295 95 d
1521 5034 72 e
5272 969 111 g
3146 5556 115 l
2822 643 36 f
2396 412 20 i
4298 1885 53 k
5946 1912 108 o
5670 2825 52 b
1914 2999 101 g
1331 562 100 q
2050 4548 86 o
305 1973 117 w
3852 3878 26 d
5424 5005 24 x
4841 212 41 q
1167 3529 77 t
5912 5993 79 d
1536 1963 29 j
5430 4405 75 z
5966 2224 81 d
5509 2638 42 o
4782 70 31 h
475 2933 77 a
3809 1859 42 a
5411 4495 79 o
5949 680 95 l
5912 5629 85 o
5523 5005 63 y
5833 4013 98 o
1340 1471 74 h
3374 4148 41 i
55 3654 61 d
5632 3231 73 c
2698 5026 99 e
1427 4873 34 l
4982 565 111 l
5526 4909 93 i
2610 4550 36 b
1644 4228 107 n
1931 4626 85 m
1324 3343 95 l
5863 4174 81 s
275 2322 52 z
5735 5344 63 i
5581 1427 57 o
5773 3425 86 y
5408 2286 55 a
1563 3456 82 l
4803 4176 96 h
3787 611 87 y
5003 940 23 d
4940 596 37 g
626 3856 71 i
3450 5312 116 u
5417 2511 119 e
5910 1448 104 t
4972 861 64 w
2552 3883 86 p
2839 3946 42 m
428 1667 70 m
2290 1261 116 z
3260 5079 64 u
3848 1971 80 a
1195 3138 70 d
1389 413 31 o
4926 1681 86 g
3221 420 21 t
3471 2787 45 d
3660 3184 92 y
2980 5379 64 i
3573 2548 50 q
1153 5404 58 e
5159 4123 36 g
457 1841 24 s
1907 3703 82 l
81 1963 87 t
3184 237 63 e
3188 2898 52 q
2935 890 22 b
2033 3645 83 u
2713 1445 84 q
559 1261 24 p
3110 491 26 b
3806 3892 85 s
3612 1690 55 n
4199 1050 87 k
2918 2194 71 s
1267 776 58 q
1260 3762 67 n
4496 269 26 f
4961 2525 109 l
2615 5847 103 v
4853 854 63 n
661 4127 31 l
958 1339 55 l
236 1853 105 o
3426 699 88 p
1383 1367 78 w
656 2106 22 z
2167 1657 63 e
1431 4157 97 o
5750 5139 72 u
1589 4671 101 g
346 5530 82 s
2308 190 32 f
4611 2839 94 y
4319 1614 33 a
2783 3077 96 a
1191 2364 37 y
1559 1143 48 d
1882 1624 68 l
2615 5120 110 k
2816 5372 92 x
4606 5875 45 g
2943 1164 90 t
1549 4896 115 o
1302 3398 34 s
509 5963 56 p
4685 1462 89 x
5902 15 52 k
960 1250 30 n
1210 70 114 a
191 2626 106 z
909 3982 21 s
4857 3344 71 l
799 4766 106 z
2838 5007 106 h
4586 5042 111 w
4989 5772 103 v
2793 2195 42 b
374 203 110 u
1722 2006 45 r
1481 2334 34 c
1377 4401 29 a
3752 5199 29 g
3952 1299 82 x
3062 3706 50 x
2642 764 79 e
4615 5472 80 q
4367 3286 82 t
3683 1373 68 d
5642 5944 75 l
403 143 90 n
696 483 51 y
5003 4487 24 p
2667 3566 63 p
412 1082 40 o
4235 4099 42 d
972 5572 25 u
2882 3000 61 v
5999 5740 80 r
2296 3253 37 j
2602 3012 85 r
3668 3948 70 a
617 1656 102 b
1737 2112 92 m
1456 4212 53 e
4760 14 57 h
4993 2481 90 s
3313 3682 32 c
534 3644 23 y
1679 434 68 y
131 1707 3 a
359 3745 36 o
2227 5358 39 x
1197 45 63 d
2387 943 36 e
1541 2654 88 l
5140 1910 59 k
5546 919 114 v
2838 129 54 i
5079 3511 30 w
2096 4937 62 k
362 5162 84 b
1700 1687 37 n
2180 3394 89 v
2289 3575 88 g
4175 2032 91 s
5618 2504 40 h
326 1791 107 c
2699 2122 61 w
4641 5408 83 v
1518 4840 116 n
1212 596 51 y
561 4659 59 p
1026 3557 30 z
1429 5797 46 l
2599 1410 41 g
1806 1784 95 u
2327 1227 36 f
3688 633 62 g
5025 4752 73 m
3476 4064 22 m
1546 5557 74 z
1579 5276 63 g
1463 3176 99 o
3124 3764 99 q
3350 2502 103 j
5885 4816 36 h
5421 95 27 j
3327 3050 40 l
594 5606 115 g
361 4365 60 y
2743 92 40 a
3941 1153 34 r
4480 3223 96 t
5353 3043 48 t
1364 5029 72 m
1138 3168 48 b
232 3416 24 a
4815 2096 93 t
2174 4722 91 s
4376 2462 31 c
4333 4236 114 a
2911 4639 28 n
4694 2697 62 o
3911 2747 51 m
1287 1023 97 y
674 1676 65 j
3822 1105 94 d
5791 2523 29 p
3590 2197 50 f
5394 4447 118 a
1378 400 24 m
5302 3195 58 l
4676 3708 24 e
211 4524 96 b
1461 705 87 c
4759 3662 75 b
2484 1909 43 w
961 1459 76 e
2593 3628 106 x
1974 5747 113 b
5112 873 48 j
4747 1849 85 v
4667 2742 57 i
2813 5895 113 j
1845 5350 30 j
3961 3004 37 q
672 2559 58 h
4152 2880 101 v
1120 236 28 d
4810 1522 93 c
1558 2696 82 s
1363 5916 115 b
3876 2934 47 f
5114 5844 79 w
786 2938 37 d
5485 636 49 x
898 516 20 v
858 4740 92 s
4833 4617 25 a
1750 3393 94 a
4411 123 78 r
111 1987 70 k
2263 680 62 h
4330 4452 98 q
236 2608 91 d
1774 2288 23 c
2406 4376 45 o
1449 4470 119 n
4848 963 32 z
4912 4542 110 z
4419 3940 82 t
4708 5632 85 o
4426 1470 36 i
1650 950 62 v
291 5158 105 j
5766 3662 39 k
2765 1322 53 c
5399 4102 62 n
3475 2599 37 x
5887 3600 34 n
698 4081 80 w
1131 3709 116 y
214 5031 58 r
544 1695 85 z
2489 2711 116 h
4505 864 112 b
1863 5622 30 a
2924 5903 108 f
4812 5578 86 j
139 5173 64 m
4930 4697 26 y
1 1887 59 n
3644 186 77 n
1545 5743 52 z
4535 2838 91 l
2565 4051 103 n
2921 5099 83 d
2072 731 76 n
1601 3929 36 c
751 2707 101 w
984 4889 79 e
2499 4985 43 s
1438 376 103 n
717 2218 87 v
3016 15 24 p
4024 4413 79 g
3268 1700 87 z
1701 471 30 n
2609 2872 106 f
2759 4184 31 k
1813 2526 86 w
2733 1400 106 k
2045 798 73 p
5286 5899 63 d
381 1383 60 x
205 3622 110 i
5867 256 42 w
5121 5214 58 w
1681 958 87 q
1068 60 34 r
2083 3109 60 e
5680 265 75 v
3470 2276 96 p
3416 619 108 r
2563 2776 63 s
3286 3120 80 m
1739 332 111 l
1143 5389 68 o
3817 5820 43 c
1049 5741 72 f
4614 5177 28 h
1090 5527 48 m
5216 3243 87 z
2496 2082 100 g
4338 3438 54 y
4685 4729 21 a
2733 3838 45 m
4128 5312 84 t
1793 2043 58 b
1727 5857 106 s
295 2977 61 j
1279 2894 96 d
4264 3412 30 p
568 4279 108 g
2897 4172 85 u
3542 1139 101 n
5735 2284 46 g
4942 3195 63 w
1915 4519 50 p
557 1657 93 t
2320 2419 102 m
2367 4442 89 f
4493 3477 36 r
3609 2678 90 v
5637 2613 75 h
4526 5966 70 q
2184 1854 25 i
4348 5628 76 o
4010 1696 28 a
5767 1612 103 x
364 3274 69 a
690 1940 21 p
1711 3183 74 g
5673 3257 75 s
3630 3943 83 h
123 1854 26 u
902 5000 26 f
5509 2636 115 n
70 4467 77 e
2681 5134 66 d
5379 4243 55 m
986 2831 89 s
5734 2039 88 q
3061 5776 37 a
519 5338 88 w
4913 1537 63 p
5145 870 40 m
3888 5429 73 h
1651 3531 40 g
687 2457 113 t
4736 5794 32 l
1117 3112 53 f
2410 5170 36 o
4675 4895 101 a
5566 2829 88 s
4717 2386 37 g
3436 2143 70 i
1191 4712 59 l
4437 2354 67 g
3341 1536 20 a
4783 5504 73 a
5155 2214 29 w
1696 2744 75 b
1385 5211 107 t
822 3099 37 m
3583 3042 24 m
5955 2379 41 u
979 2049 84 a
1380 2114 112 c
5944 3924 62 f
818 882 55 a
3100 418 83 e
3627 2054 46 g
1187 2783 81 q
5672 5768 37 m
2103 3026 98 o
5114 5688 24 g
2741 5532 37 v
372 1013 23 p
80 4319 95 t
4273 4307 94 t
5731 1679 46 k
796 621 93 p
3591 200 66 q
2585 2530 68 r
2911 562 38 p
338 3038 49 l
5823 5474 37 w
3205 2300 99 a
2172 1235 37 k
929 3173 63 u
5629 4506 65 w
3199 1398 47 b
1775 5545 119 q
647 497 68 h
2341 227 40 e
1564 2820 115 c
3621 1859 103 p
2445 4339 40 k
1032 3955 74 e
3083 2077 113 l
670 434 21 i
1356 2068 27 m
835 4904 85 k
5188 4583 54 c
5366 2269 41 b
36 313 49 r
2728 341 100 g
4407 552 25 m
5703 1038 70 a
4152 3624 86 l
2981 4974 24 g
3421 83 78 w
4137 4772 45 z
188 5912 54 p
4132 1621 117 s
5050 4317 50 z
4497 692 59 h
4478 4962 32 i
746 2866 99 f
2873 3259 108 u
300 1670 41 v
5983 1713 100 r
2418 4142 72 v
763 2444 97 e
3815 4782 87 f
3182 1996 101 d
1143 1069 106 i
4119 946 112 v
5655 4693 56 u
123 1764 115 f
4810 1967 40 c
4538 8 85 l
2089 4294 88 d
412 938 48 d
922 242 35 o
4355 5046 44 w
3371 2777 54 n
5949 2059 40 c
3789 5054 38 i
4451 1771 91 x
2734 4600 45 i
5570 1662 110 n
1696 367 86 r
2820 3681 28 s
1186 2346 62 r
2816 1325 75 z
2886 5295 116 h
4065 4122 86 r
44 3771 66 m
537 3325 111 z
2902 4308 42 f
3584 1422 59 i
2973 992 115 h
665 388 66 d
1757 2214 55 i
2442 3165 112 c
5238 5499 41 a
4141 5942 92 z
1415 2987 37 h
567 2006 26 f
5035 5234 82 i
1485 2751 25 w
5513 3264 60 f
2439 709 36 s
2112 2366 69 n
37 2225 26 q
2687 2350 119 e
746 269 47 f
2846 1973 101 u
1770 1456 33 p
4380 3009 97 e
2052 1550 105 o
5199 5769 96 k
1449 5538 62 o
1991 4112 32 l
3253 5330 24 i
3965 3444 55 a
986 820 66 r
149 1244 24 c
5910 3410 46 s
2722 5716 65 r
400 2896 83 z
3484 3415 21 b
1157 2368 54 u
222 596 53 i
2106 4407 113 x
3793 4359 92 g
5811 84 89 w
784 5920 33 t
3032 4773 119 l
5728 3798 58 t
3860 5763 41 c
4774 160 99 z
3844 3813 24 z
2854 1967 107 q
5752 3859 111 f
689 2675 116 q
41 4693 38 t
2983 565 93 l
3987 3021 78 r
2234 1106 48 a
4202 4387 20 a
1071 3941 113 k
4247 3812 50 v
5042 2666 74 y
5572 4010 99 b
5371 3616 51 c
1339 1214 93 a
1235 3712 117 z
4027 5373 20 k
196 3129 119 q
3335 5640 86 l
2659 5786 97 t
659 475 59 n
5566 1605 52 l
5910 1312 104 f
5244 2689 40 l
3821 4703 83 f
5308 4962 100 y
4618 1 119 a
3339 4585 41 m
1901 2152 90 p
2437 145 58 u
3411 4640 77 r
1353 3573 86 b
4397 5090 104 z
1735 1442 38 i
1040 3256 72 q
4241 4231 36 w
4383 2854 119 i
129 1240 38 q
3629 2371 65 i
2708 5004 114 x
4470 1016 86 x
3995 2116 37 f
362 1194 20 m
2101 146 81 q
5649 5193 102 b
3025 4726 33 q
1889 1865 5 i
5341 1951 32 d
5298 2899 61 h
3048 2993 118 q
2230 4417 97 d
4141 971 22 l
332 711 78 a
3728 893 51 d
4607 5588 88 p
1846 1973 94 v
4417 3867 42 m
3893 1092 36 i
3901 985 50 g
714 1864 46 b
5719 3820 53 j
666 2701 52 t
5713 2795 107 a
3830 2308 61 j
5526 4743 76 t
2906 4232 35 p
99 4612 91 m
4505 3210 66 p
526 783 64 l
2813 4366 64 a
3272 2781 39 c
4854 5051 37 g
3460 1929 97 d
1699 4644 92 n
1537 3220 36 a
3158 4099 45 x
1780 5570 98 a
990 3939 26 e
4704 2810 90 d
2049 5648 50 k
5967 5900 92 g
1640 2848 51 w
1135 3369 79 a
2091 3132 42 c
3964 726 21 l
4845 368 72 r
3482 556 98 i
4436 3859 48 d
637 4359 55 h
1060 1305 96 v
4625 2537 93 n
413 2638 110 k
2715 5003 25 n
3329 1385 78 b
5058 3468 22 z
2063 910 114 v
4482 3296 69 v
3362 1728 74 k
3912 3174 36 k
5668 313 25 g
880 1429 66 b
235 4756 72 b
4624 3044 118 l
5741 978 73 l
2452 45 64 f
5110 4132 72 z
1674 2945 116 m
326 2729 28 s
1490 3068 70 y
5582 4677 104 a
5828 257 111 a
1991 1341 84 k
2211 1026 52 n
2483 4393 40 i
1194 5528 98 u
1565 4518 118 p
3108 2839 35 c
5326 1255 22 f
5881 3293 68 f
2917 3420 115 q
3584 1444 113 g
5301 5880 66 w
1513 4227 92 k
3203 602 71 w
4083 5218 89 x
4323 5452 93 f
3556 272 22 b
5017 432 34 p
4724 231 46 w
1549 123 45 c
1828 1207 43 l
2274 1130 81 d
4903 1317 30 z
5653 2418 46 b
2404 4858 107 g
4034 182 116 j
3225 225 59 b
4100 5848 96 g
2382 2653 88 x
1774 4254 5 s
4278 2072 50 n
5557 2902 29 c
4698 911 78 v
4789 363 107 q
2533 3663 69 c
5089 767 44 s
4916 3405 116 q
2477 5972 75 a
5532 164 49 h
3168 521 55 r
670 2628 65 q
4245 3294 29 s
5787 5183 74 o
1476 2714 110 o
5656 1066 3 a
5604 3206 54 z
1028 4673 45 d
5267 3024 35 f
5856 2629 52 r
4600 5352 61 y
3473 5368 24 p
4553 4862 43 g
5599 3279 68 h
5593 5167 46 v
5362 1369 62 u
3705 1053 64 f
828 5669 27 e
1557 2890 49 c
2731 2986 44 x
5725 4347 24 i
1604 2943 43 r
1481 4261 49 y
3089 5498 97 m
2926 5172 49 o
4598 3503 90 p
2921 3638 107 r
5787 2099 119 h
1689 2817 60 l
4411 3446 100 d
2930 3724 58 s
2774 4450 53 n
2131 4488 75 t
660 3624 72 u
2902 3762 45 t
3986 317 71 n
3409 355 22 a
2825 4541 70 q
5660 1578 96 f
4989 1551 22 c
1632 2615 119 m
5004 4795 113 j
1790 5641 55 d
1640 900 97 q
3423 3431 53 o
5869 192 80 w
4031 3857 68 a
2966 2476 55 l
2165 2709 88 t
3291 1685 101 j
5027 5009 89 h
5198 1070 37 s
1195 3512 101 f
3989 5389 25 i
2546 5619 33 o
968 3111 106 t
671 1783 68 m
3694 4621 112 y
944 3043 49 u
4859 818 85 t
1933 3830 39 h
1437 3799 103 c
5611 5996 100 k
118 1932 60 n
1077 4100 77 j
3702 1117 110 g
4430 5260 93 w
90 5830 79 r
4885 2688 88 e
3011 3621 22 h
438 4347 58 i
4892 1288 84 a
2946 484 24 r
2841 3817 77 a
4851 1881 86 q
798 1586 49 u
3684 939 22 v
2346 5410 50 s
2712 1925 72 v
3364 3957 119 b
3833 4792 105 j
1476 1006 34 s
5882 355 32 v
995 5038 82 d
4475 3853 60 z
676 4909 38 w
2946 4569 112 p
3695 3205 88 o
2479 535 53 m
444 94 107 z
703 3379 45 w
5798 1336 37 a
132 1304 44 x
4119 1968 66 i
4031 2324 57 n
4410 2004 47 l
3777 3459 33 n
5004 1783 84 j
3820 3923 95 l
2892 4873 109 w
1640 111 102 l
4685 3470 64 y
4975 1925 56 v
1432 4981 107 w
1060 1388 52 o
5597 886 88 i
4034 778 48 l
1888 2128 80 l
1499 5504 49 x
4930 3181 107 m
1242 2971 80 s
5930 3575 68 c
2079 4381 103 s
2137 5863 92 n
4823 3099 86 z
5735 670 21 e
3827 5235 38 n
5236 205 68 t
46 216 50 y
1866 5521 115 a
324 7 112 k
1943 3920 77 y
4934 1499 68 e
550 5398 105 w
4235 5746 38 p
3636 3854 64 v
3228 2127 73 v
680 3282 57 x
5996 2359 119 n
2716 2575 51 z
992 1285 111 u
4032 762 69 v
1112 3995 57 g
4433 3855 81 i
2654 1604 93 p
3436 2554 65 w
4610 2228 104 o
2031 29 23 h
4895 1274 100 q
129 1403 87 l
3794 3534 79 s
2769 4045 113 j
1180 2727 55 w
689 2224 118 s
802 3082 47 l
3301 4176 101 w
178 1470 75 f
2378 4435 62 y
5476 2863 97 d
1535 423 80 w
4378 388 117 v
3771 4477 57 a
2792 1456 117 c
500 4601 86 k
3549 3302 47 l
5030 3636 113 q
1019 1952 50 e
3081 1382 85 e
1543 1873 75 f
5649 5618 91 c
5011 4358 20 f
4240 5978 118 e
5005 185 115 h
5077 1576 60 b
5815 151 28 c
5417 3643 76 y
5256 2348 58 l
3811 805 105 p
1175 3298 65 l
5825 5423 32 u
2687 1911 57 d
1563 4246 20 s
5070 3599 117 g
5512 1262 105 c
4683 5798 99 l
3914 2428 69 c
1616 5866 65 w
4 1735 37 r
3853 4736 84 d
893 2256 98 b
3577 5454 42 m
4472 2929 92 m
4665 1701 99 h
414 4702 84 s
4708 4782 44 z
290 5836 75 r
903 4113 105 f
3092 2071 80 t
631 4056 98 s
4076 174 88 k
5725 5430 86 s
3320 77 84 s
1838 583 32 m
5200 5462 65 q
254 1583 20 r
341 470 83 p
3008 4545 50 u
3630 347 38 z
3549 1018 89 d
3038 4406 95 j
2590 1496 75 p
4539 5857 97 i
375 2237 22 g
281 2757 50 e
5199 3893 37 d
4060 3755 40 j
5229 885 116 h
610 3959 83 i
3489 2168 25 o
3194 2803 77 c
4713 2771 25 f
1898 929 48 m
4893 3434 33 o
4881 4795 119 t
2687 1745 78 w
4957 3975 89 h
1408 1042 76 n
984 5204 93 y
473 1606 78 a
829 1007 108 s
1649 3389 91 r
143 5324 88 n
3520 4052 31 a
1729 459 59 n
611 3275 75 f
497 2157 33 g
2927 3884 48 p
1559 2049 65 x
236 24 33 y
4960 4077 115 u
3291 853 20 d
4466 2193 113 f
4986 1830 79 l
117 738 86 u
5083 2658 27 i
339 2480 54 f
5353 5854 64 b
422 3571 52 u
1389 1894 99 f
1957 102 97 p
2094 236 49 a
4028 5540 115 j
5210 761 57 x
3600 5740 109 a
4535 5398 87 c
2659 2690 45 q
2227 1984 37 q
5693 2157 82 v
5163 541 91 v
5167 2029 46 o
2575 5152 72 n
4866 1718 56 i
3927 2738 39 v
1783 4736 58 f
3650 3148 46 c
2635 4386 117 f
1122 4707 99 l
2372 1356 92 p
3810 5396 66 l
3734 3682 81 t
3206 3303 114 n
5159 4677 98 w
1378 651 110 y
4556 2626 36 h
5842 4323 34 e
768 3459 105 m
5768 5632 99 n
3703 1590 49 i
8 4698 37 t
1164 1759 24 n
1040 2366 94 m
2839 3458 66 q
1884 5496 36 b
3839 5821 27 x
3677 5948 47 x
5946 3319 96 v
1731 2140 93 o
1471 3879 117 t
1031 4119 29 g
2693 512 32 n
1314 5438 38 y
4080 5530 79 b
1430 150 41 x
2918 2559 44 n
1084 1688 82 d
1605 4185 21 h
4326 515 37 l
4271 1147 48 w
2678 2448 29 r
2916 1310 87 m
4323 1213 115 x
918 3444 27 k
460 686 79 e
2781 1778 53 m
55 970 105 w
1734 1580 103 g
5584 5442 97 m
1755 972 63 u
4503 101 117 l
3842 1603 70 i
5647 4977 119 j
2785 666 108 h
3638 2917 110 d
2148 3596 60 p
3579 1939 51 k
2236 4672 83 b
5338 5746 118 q
3566 2815 57 w
1613 4920 64 f
5421 5735 35 i
2373 2338 105 y
5839 1007 93 o
1095 3225 73 v
3460 1696 38 q
4130 292 77 f
717 3088 44 h
4253 1586 60 l
5504 5524 87 v
3150 668 98 n
2616 320 45 g
2717 1338 115 f
2108 5740 21 v
3717 3999 111 x
3462 4179 83 z
828 5408 106 l
4160 3069 31 m
5096 4743 45 c
5555 975 21 q
3660 2967 37 r
4184 3628 44 h
467 3698 104 r
4679 4121 29 m
1380 5926 58 n
3629 834 85 y
5926 2350 114 v
1399 1042 29 s
167 733 75 h
4068 5369 91 i
5162 2748 48 k
1687 2291 21 n
5946 1971 104 x
3215 5443 52 x
5174 5931 35 s
3263 495 101 c
880 3024 27 k
2752 422 39 q
3631 2926 49 t
1254 4765 91 z
623 5973 30 o
5327 4327 86 v
5490 721 38 s
2347 5159 45 e
2797 2281 84 a
588 3078 58 p
5159 3203 97 u
3042 5888 57 i
1649 2088 102 z
3267 3944 66 j
5109 2193 103 s
2869 2232 22 c
898 142 97 h
1562 200 29 f
1075 5650 75 q
5248 5099 57 d
5392 3949 65 u
4050 5265 106 i
1118 65 76 t
3287 2599 103 s
907 4713 38 s
4493 1650 69 l
2854 1369 90 l
200 5741 73 h
1866 336 32 v
2199 914 41 i
250 1491 20 o
1954 1834 94 w
3823 803 50 r
4333 2416 26 q
5007 5585 32 l
3113 2697 37 m
3419 2075 82 h
5800 5881 107 k
5152 2567 24 v
2655 3910 78 w
2313 4544 116 b
1892 1507 33 e
4994 799 37 y
4603 4977 52 k
558 5152 58 e
112 1148 118 d
3525 5926 21 c
1915 5813 47 p
2267 3427 61 t
1581 1324 27 i
3834 4715 34 l
3091 3491 49 i
98 694 114 a
3416 241 79 r
2500 3062 43 u
1373 5611 28 q
1542 4799 64 y
3721 5443 75 a
5287 5274 111 s
1567 652 57 r
1472 91 47 w
528 2709 93 x
5630 2876 86 j
2760 3651 69 y
5890 3978 57 q
4348 75 89 d
912 1068 82 v
5345 4474 37 b
3359 2787 48 i
374 4447 119 y
4478 3856 58 p
3725 3033 40 i
4215 1799 44 l
5095 2057 34 w
3294 5898 56 z
183 3291 55 t
3788 4171 25 h
1627 1513 94 v
3329 1758 60 x
2010 1806 74 g
1963 1227 111 u
2502 2803 56 u
691 2032 69 e
5810 1204 84 i
3586 3126 74 y
176 3380 62 u
4352 5933 75 n
4486 4835 118 g
3955 1941 102 n
205 4127 99 o
5327 1371 100 w
417 3650 65 j
1088 558 112 d
2131 4839 44 f
1341 70 114 i
5202 452 61 f
3835 4220 93 i
662 2837 23 r
1066 2881 3 t
3367 979 96 o
4365 749 36 d
3128 1244 25 p
5397 3286 89 o
5409 3278 118 m
3597 4315 64 b
2125 5652 90 k
3552 5310 73 c
410 1060 96 p
1333 1822 63 x
4049 3404 112 p
5117 2657 60 f
3629 5247 67 i
2173 3503 73 n
140 5074 87 e
714 2353 93 r
744 1886 100 v
4484 4552 36 u
1451 1025 62 h
35 1985 59 y
5822 5228 39 m
1939 5199 88 c
4207 4771 24 f
5025 4765 44 b
1889 119 85 u
2069 879 59 c
4389 60 94 u
227 6 99 d
2041 2511 22 j
872 3288 107 u
3002 1935 77 m
4535 4520 85 k
5860 3485 52 y
2199 2050 42 f
4214 3318 45 i
1487 4055 78 l
2842 5365 116 m
5040 5070 87 x
1329 569 24 n
603 2428 38 w
4178 4727 40 f
175 5062 105 a
3288 2340 115 s
2862 4558 119 w
3424 699 95 k
2391 4839 92 v
2219 1613 45 q
46 3824 83 y
3125 5179 51 b
1551 1025 106 w
3785 5445 73 s
4447 3687 114 r
413 5638 47 o
996 2936 83 e
2356 1324 93 w
5458 5734 43 n
5144 2839 33 n
2317 5869 70 w
3637 2168 25 a
3814 3134 72 e
3374 1660 72 g
2734 3896 28 d
992 3605 113 o
4440 552 93 b
1607 3326 50 b
2044 2630 85 s
596 1824 119 d
444 880 34 z
3215 461 114 a
4365 1050 118 m
1132 4943 72 k
1863 3447 36 a
1564 2086 20 j
902 2408 33 g
885 3839 99 l
4706 4398 59 s
129 2458 60 f
3869 951 34 l
2784 5754 111 m
456 2870 95 k
1897 2856 82 i
1698 683 59 i
5659 2913 100 b
3623 1835 46 w
2003 5151 114 r
588 1389 55 g
4797 5888 76 p
5601 2967 103 v
4360 2355 106 r
2840 1395 24 o
4448 1355 85 h
124 5789 71 u
358 3809 22 h
5990 505 23 n
2053 4664 115 t
3837 5077 66 u
2803 3962 95 s
1313 2662 59 l
1588 2892 87 c
1251 3283 59 m
1952 5360 94 t
3295 3158 83 a
3641 3506 44 r
5636 4950 28 w
2352 2208 95 p
300 156 72 z
171 5896 64 i
5935 543 53 x
1156 3196 105 b
2874 5221 49 x
1177 3422 42 t
503 4719 37 o
147 5161 97 g
1716 1911 113 c
3577 4290 86 l
3414 4493 73 z
4651 2423 52 v
5830 3206 72 r
511 954 61 q
992 3407 32 c
79 4218 60 u
443 247 54 v
3827 5721 77 l
3594 2636 49 q
1528 4040 42 n
5573 325 31 v
581 4112 112 l
3292 2609 112 o
1428 1806 26 d
1607 16 75 f
5757 2149 57 a
3822 38 60 d
5925 2433 93 v
1647 370 49 t
561 548 66 y
3134 3051 35 x
731 2273 113 z
3054 3403 52 i
1697 2300 107 v
4445 50 84 z
3535 2141 50 q
152 343 22 c
4675 2259 23 w
3545 2714 21 y
1453 4547 55 f
2228 1690 88 f
1516 1439 28 o
5942 5551 103 p
916 1510 64 b
1153 5031 74 g
366 820 86 t
4363 3712 82 p
594 1894 28 d
5352 3787 45 i
3560 974 46 y
2948 3350 23 h
2299 2348 109 b
441 2467 83 l
4349 2196 50 r
4572 1304 119 d
5867 5530 42 k
3662 1982 27 p
3479 945 2 d
2728 2250 60 a
5532 1686 90 y
1937 5276 55 p
3790 4499 38 g
2469 5941 39 m
1573 5939 59 u
712 1202 114 d
910 803 71 g
5043 4292 74 x
3846 4882 69 u
5427 496 20 v
3166 4906 116 y
5564 3928 73 c
5219 2331 75 d
1681 2231 105 i
1001 133 95 d
3107 3693 46 u
5497 1840 44 y
3836 1144 96 h
4563 4119 21 l
5209 5898 107 f
2472 1489 24 z
4429 2518 57 l
4775 1904 66 t
5368 5313 87 c
2057 1625 93 s
3576 5694 36 y
2964 2197 41 d
2706 4427 106 c
3766 3086 56 a
1081 5469 52 k
4496 5729 102 d
891 5414 67 o
3830 1459 48 r
725 1481 65 u
418 5317 108 t
3059 862 25 g
5321 3065 89 y
2757 5473 81 y
829 2012 92 z
179 5130 59 d
331 3960 64 g
1869 4808 101 k
3900 613 34 u
897 2478 93 v
2396 1867 102 m
5790 529 22 v
550 5813 109 s
2842 3113 26 e
4089 3908 110 x
5256 169 46 g
452 4261 21 s
3740 1025 78 b
1730 713 116 a
3971 4078 83 w
5899 3501 27 g
3196 2745 72 r
5316 5035 116 a
362 5150 48 a
297 1170 41 w
5767 3635 98 p
3580 5933 22 f
1153 4738 54 c
1768 61 48 x
1857 537 51 e
5062 290 85 z
4538 4813 92 k
537 531 67 f
4380 491 41 y
5167 3697 76 h
5240 4486 63 k
1997 94 102 h
5978 5611 35 c
5613 4574 27 h
4946 724 65 m
3332 4319 93 s
4616 871 77 b
5324 4601 81 u
5634 1039 36 p
5132 5718 88 v
139 1559 59 g
4779 2907 111 a
2958 483 35 z
4987 5913 55 l
3926 5819 96 d
4096 4859 20 w
4367 1320 80 l
5019 1222 32 e
4403 4873 76 u
2679 4587 47 g
1506 3775 40 m
1788 4196 111 t
5179 4306 80 e
4448 5012 35 g
1821 695 105 r
126 5300 21 x
2443 1609 72 w
5500 160 57 j
1687 3834 51 f
4194 5546 35 r
5545 3275 89 u
5935 5718 118 r
2483 4426 20 m
5294 542 20 b
4069 3215 64 j
3166 4626 72 b
751 4322 55 b
5036 707 106 f
4925 2166 30 t
1790 2195 70 k
4392 2304 91 k
2345 174 75 v
5056 4921 61 x
835 2544 102 s
2335 2806 63 q
5516 3803 75 j
4376 5044 45 e
5421 2222 113 s
1958 1851 113 z
327 2685 32 s
5898 2644 75 b
5354 4673 82 h
2626 2572 104 w
2395 1578 92 a
5284 1934 42 b
5658 4055 28 s
1404 3058 23 z
982 4010 51 z
2415 197 83 n
2218 5510 95 m
1836 2074 100 m
2318 1820 86 y
4242 3501 99 z
4461 1492 70 v
358 5214 56 z
4615 1151 102 b
871 1015 61 s
326 1204 59 z
3030 3372 71 y
2244 2099 83 k
156 4818 54 s
831 2579 88 r
399 4054 42 c
2826 171 66 w
1328 1841 66 h
880 601 38 y
2031 5641 89 e
1343 3380 49 d
2910 3633 113 g
2949 760 42 p
3104 2654 36 o
1455 3837 86 m
5419 5719 63 e
208 4867 51 s
5293 2725 65 r
2727 1475 83 m
800 203 51 c
950 3535 33 i
4856 3551 67 j
2110 3093 75 r
4993 4151 96 k
962 3986 87 o
2369 5715 28 i
2144 5537 40 w
4179 5947 62 v
3029 532 92 m
5162 4888 86 z
705 4129 78 r
4938 3633 92 u
2613 3641 60 e
2875 1089 86 q
3409 5343 94 o
5641 1531 21 b
2322 98 68 y
2306 2181 110 d
5568 1113 46 d
5973 3837 110 t
330 5190 77 g
1644 988 87 u
387 5785 34 r
3378 4106 110 l
2070 2140 34 d
3157 2040 40 k
3444 2040 115 i
1937 698 80 b
171 2325 20 i
5578 1012 99 b
2178 585 21 t
296 10 86 b
5132 4008 107 o
399 2736 73 l
1347 2727 88 s
4099 3419 67 x
484 881 64 z
4637 341 74 i
5408 5486 35 s
5679 4289 81 a
3992 4476 54 h
4278 37 56 b
3679 1939 84 q
5128 964 97 x
2564 1937 36 u
1319 151 32 o
5357 2942 70 b
3252 789 71 v
1139 5807 89 q
4119 4124 85 d
3950 4077 36 r
3163 611 70 q
4660 3891 62 c
301 2014 42 e
2873 4436 30 x
2781 212 67 r
1130 2630 28 g
1104 5933 25 b
1469 3479 104 w
2987 3788 101 y
2611 2731 45 q
1127 1416 62 t
5127 3842 117 s
695 5422 25 r
1971 106 58 j
2311 794 105 b
3627 2992 38 i
397 1753 40 r
369 2729 26 x
1448 888 29 g
4688 4881 41 i
2625 2624 66 u
2551 3156 70 d
800 4514 39 x
3310 4839 33 t
3176 4511 78 b
3448 4006 42 k
71 3786 118 b
3829 2039 115 f
2527 3640 57 p
4909 2582 36 p
5046 1052 77 j
76 402 47 t
1408 1684 37 k
4621 3920 31 i
5148 5603 43 h
4385 352 1 _
5066 2302 63 u
4644 2202 20 k
280 3115 39 d
489 2114 81 y
649 927 94 v
5968 656 78 d
4126 1648 26 p
3504 4845 35 i
5983 1918 27 a
4169 1711 52 n
372 24 92 w
3927 4997 60 f
5008 2218 77 h
5562 84 78 f
750 2889 83 o
2040 991 51 t
3501 3125 76 a
2275 2694 73 q
2555 5854 25 u
3166 4189 30 l
2227 3824 87 u
2986 1402 56 h
5839 859 87 u
2076 4135 116 p
82 1159 87 p
88 585 40 u
5543 3141 73 d
5955 3981 65 p
4882 3550 75 y
1883 947 72 q
1828 4924 45 j
3114 3263 43 e
3676 1432 81 r
140 1292 113 z
5049 5252 84 y
3387 3951 62 j
5443 4546 20 o
3959 4266 68 h
1156 351 30 r
1167 338 21 o
1244 4170 71 v
1966 2809 36 s
5941 1269 104 c
2066 2480 38 q
1120 265 91 s
2947 3925 42 v
5549 1628 70 v
4416 1618 55 b
4554 284 89 o
652 581 83 x
1020 5503 113 m
5822 3520 59 v
3947 76 79 b
1733 5878 44 w
5186 5553 72 u
4009 4989 74 z
1994 5504 75 d
101 3 49 h
1676 2825 49 o
334 4512 84 o
4476 2044 32 v
3655 5524 34 u
2262 2635 43 s
5532 2655 97 h
4224 4343 22 j
5256 2874 109 h
1679 3691 110 k
595 2574 35 h
1577 2036 89 b
1945 3427 77 j
605 4576 96 m
4762 2521 110 z
3757 3696 57 f
5984 3380 45 g
701 4936 42 g
1882 4749 92 o
682 3759 24 z
1812 2610 101 a
3959 1457 118 o
422 5212 71 h
5789 867 48 q
3774 2358 41 p
4983 4672 24 n
5409 4370 20 m
1188 1517 105 p
1114 1963 32 f
1941 3874 5 a
950 3936 40 w
1858 5355 104 k
979 5733 107 u
5602 307 44 c
5234 5176 110 m
5887 518 62 c
1536 3814 69 b
4270 404 117 r
4453 5690 78 k
3721 3461 112 f
1666 5975 40 t
2842 5971 48 k
5434 5727 90 d
1035 875 98 r
2566 3919 44 r
1860 5026 89 f
1014 1957 82 l
5975 649 103 y
4282 383 37 f
5650 5475 75 i
1740 2477 52 x
4977 2155 26 i
3641 4423 46 a
3255 4231 105 p
1414 4217 78 l
2226 3243 54 c
5930 405 41 k
3025 2567 89 t
3352 5582 29 l
264 5043 119 l
5870 3637 93 x
4947 544 29 b
1541 1772 77 n
2734 3245 43 l
1403 901 82 e
2892 82 66 n
3548 1457 110 a
842 3733 119 x
3518 2274 111 w
4138 7 41 f
196 3759 64 g
2616 4126 79 a
781 4317 75 p
475 2814 68 t
5300 1405 95 l
3570 2045 71 x
2072 4232 69 d
4869 5285 24 g
3625 2758 99 m
5367 1176 24 f
3975 3583 75 m
531 775 27 a
224 3182 112 i
2563 3985 102 k
2319 3831 35 w
2737 2604 48 q
5647 3324 101 c
4691 1788 48 m
2058 132 22 j
